node_id,label,type,work_count,total_amount,avg_risk,critical_count,degree_centrality,agency_network_score
IDA:BEED(DISTRICT COLLECTOR BEED_IDA),BEED(DISTRICT COLLECTOR BEED_IDA),IDA,32,31063933.0,70.5,26,0.0006,85.0
IDA:THENI(District Collector Theni_5),THENI(District Collector Theni_5),IDA,17,11575000.0,72.3,13,0.0006,85.0
IDA:MUMBAI SUBURBAN(DISTRICT COLLECTOR MUMBAI SUBURBAN_IDA),MUMBAI SUBURBAN(DISTRICT COLLECTOR MUMBAI SUBURBAN_IDA),IDA,75,129500000.0,71.2,58,0.0018,85.0
IDA:KATIHAR(DISTRICT PLANNING OFFICER KATIHAR_IDA),KATIHAR(DISTRICT PLANNING OFFICER KATIHAR_IDA),IDA,27,26660060.0,74.9,27,0.0006,85.0
IDA:MUNGER(DISTRICT PLANNING OFFICER MUNGER_IDA),MUNGER(DISTRICT PLANNING OFFICER MUNGER_IDA),IDA,5,4700000.0,74.6,5,0.0006,85.0
IDA:SHEIKHPURA(DISTRICT PLANNING OFFICER SHEIKHPURA_IDA),SHEIKHPURA(DISTRICT PLANNING OFFICER SHEIKHPURA_IDA),IDA,5,4967265.0,75.2,5,0.0006,85.0
IDA:RAJGARH(DISTRICT COLLECTOR RAJGARH_IDA),RAJGARH(DISTRICT COLLECTOR RAJGARH_IDA),IDA,112,48678603.0,73.2,106,0.0006,85.0
IDA:JAMUI(DISTRICT PLANNING OFFICER JAMUI_IDA),JAMUI(DISTRICT PLANNING OFFICER JAMUI_IDA),IDA,55,22487210.0,72.2,54,0.0006,85.0
IDA:SIWAN(DISTRICT PLANNING OFFICER SIWAN_IDA),SIWAN(DISTRICT PLANNING OFFICER SIWAN_IDA),IDA,57,56845578.0,71.0,55,0.0006,85.0
IDA:MAUGANJ(District Collector Mauganj_IDA),MAUGANJ(District Collector Mauganj_IDA),IDA,13,11469230.0,72.2,13,0.0006,85.0
IDA:UMARIA(District Collector Umariya_IDA),UMARIA(District Collector Umariya_IDA),IDA,19,7045086.0,76.1,19,0.0006,85.0
IDA:JALAUN(DISTRICT MAGISTRATE JALAUN_IDA),JALAUN(DISTRICT MAGISTRATE JALAUN_IDA),IDA,115,27945000.0,75.4,115,0.0006,85.0
IDA:Maihar(District Collector Maihar_IDA),Maihar(District Collector Maihar_IDA),IDA,14,2618786.0,73.3,14,0.0006,85.0
"IDA:Ranipet(District Collector, Ranipet_2)","Ranipet(District Collector, Ranipet_2)",IDA,25,25162408.0,56.9,11,0.0006,70.0
IDA:Kendrapada(DISTRICT COLLECTOR KENDRAPARA_IDA),Kendrapada(DISTRICT COLLECTOR KENDRAPARA_IDA),IDA,15,12800000.0,55.5,7,0.0006,70.0
IDA:Khandwa (East Nimar)(DISTRICT COLLECTOR EAST NIMAR_IDA),Khandwa (East Nimar)(DISTRICT COLLECTOR EAST NIMAR_IDA),IDA,86,26115367.0,59.2,57,0.0012,70.0
IDA:CHANDRAPUR(DISTRICT COLLECTOR CHANDRAPUR_IDA),CHANDRAPUR(DISTRICT COLLECTOR CHANDRAPUR_IDA),IDA,15,19500000.0,66.7,11,0.0012,70.0
IDA:KODAGU(Deputy Commsioner Kodagu_ida),KODAGU(Deputy Commsioner Kodagu_ida),IDA,13,6600000.0,64.0,6,0.0006,70.0
IDA:COIMBATORE(DISTRICT COLLECTOR COIMBATORE_IDA),COIMBATORE(DISTRICT COLLECTOR COIMBATORE_IDA),IDA,28,52737214.0,54.0,10,0.0018,70.0
IDA:SHIVAMOGGA(DEPUTY COMMISSIONER SHIMOGA_IDA),SHIVAMOGGA(DEPUTY COMMISSIONER SHIMOGA_IDA),IDA,100,41633943.0,58.8,28,0.0006,70.0
IDA:BEMETARA(Collector Bemetara_IDA),BEMETARA(Collector Bemetara_IDA),IDA,11,6510837.0,67.2,10,0.0006,70.0
IDA:KANPUR DEHAT(DISTRICT MAGISTRATE KANPUR DEHAT_IDA),KANPUR DEHAT(DISTRICT MAGISTRATE KANPUR DEHAT_IDA),IDA,54,17294132.8,60.3,20,0.0018,70.0
IDA:ALIRAJPUR(District Collector Alirajpur_IDA),ALIRAJPUR(District Collector Alirajpur_IDA),IDA,40,14067571.0,53.1,7,0.0006,70.0
IDA:PATHANKOT(DEPUTY COMMISSIONER PATHANKOT_IDA),PATHANKOT(DEPUTY COMMISSIONER PATHANKOT_IDA),IDA,47,8039578.0,66.2,41,0.0006,70.0
IDA:GURDASPUR(DEPUTY COMMISSIONER GURDASPUR_IDA),GURDASPUR(DEPUTY COMMISSIONER GURDASPUR_IDA),IDA,59,32707108.0,51.0,30,0.0006,70.0
IDA:GOPALGANJ(DISTRICT PLANNING OFFICER GOPALGANJ_IDA),GOPALGANJ(DISTRICT PLANNING OFFICER GOPALGANJ_IDA),IDA,38,39245507.0,66.6,27,0.0006,70.0
IDA:SUPAUL(DISTRICT PLANNING OFFICER SUPAUL_IDA),SUPAUL(DISTRICT PLANNING OFFICER SUPAUL_IDA),IDA,43,56701336.0,67.2,34,0.0006,70.0
IDA:TIRUPPUR(DISTRICT COLLECTOR TIRUPPUR_IDA),TIRUPPUR(DISTRICT COLLECTOR TIRUPPUR_IDA),IDA,64,58649055.0,56.2,15,0.0031,70.0
IDA:Udham Singh Nagar(DISTRICT MAGISTRATE UDHAMSINGH NAGAR_IDA),Udham Singh Nagar(DISTRICT MAGISTRATE UDHAMSINGH NAGAR_IDA),IDA,33,10523145.0,57.3,8,0.0006,70.0
IDA:MANDSAUR(DISTRICT COLLECTOR MANDSAUR_IDA),MANDSAUR(DISTRICT COLLECTOR MANDSAUR_IDA),IDA,41,8149246.0,64.7,31,0.0006,70.0
IDA:MAHOBA(DISTRICT MAGISTRAE MAHOBA_IDA),MAHOBA(DISTRICT MAGISTRAE MAHOBA_IDA),IDA,42,23729000.0,61.1,12,0.0006,70.0
IDA:HAMIRPUR(DISTRICT MAGISTRATE HAMIRPUR_2),HAMIRPUR(DISTRICT MAGISTRATE HAMIRPUR_2),IDA,30,22499000.0,57.8,11,0.0006,70.0
IDA:NAINITAL(DISTRICT MAGISTRATE NAINITAL_IDA),NAINITAL(DISTRICT MAGISTRATE NAINITAL_IDA),IDA,106,26936185.0,50.1,38,0.0006,70.0
IDA:Ariyalur(District Collector Ariyalur_IDA),Ariyalur(District Collector Ariyalur_IDA),IDA,10,16297362.0,66.0,6,0.0006,70.0
IDA:FAZILKA(DEPUTY COMMISSIONER FAZILKA_IDA),FAZILKA(DEPUTY COMMISSIONER FAZILKA_IDA),IDA,29,7073912.0,58.3,22,0.0006,70.0
IDA:GONDIA(DISTRICT COLLECTOR GONDIA_IDA),GONDIA(DISTRICT COLLECTOR GONDIA_IDA),IDA,30,21487283.0,61.8,14,0.0012,70.0
IDA:VIJAYAPURA(DEPUTY COMMISSIONER BIJAPUR_IDA),VIJAYAPURA(DEPUTY COMMISSIONER BIJAPUR_IDA),IDA,64,22700000.0,59.5,18,0.0006,70.0
IDA:YAVATMAL(DISTRICT COLLECTOR YAVATMAL_IDA),YAVATMAL(DISTRICT COLLECTOR YAVATMAL_IDA),IDA,34,19188150.0,64.2,24,0.0018,70.0
IDA:Paschim Medinipur(DISTRICT MAGISTRATE PASCHIM MEDINIPUR_IDA),Paschim Medinipur(DISTRICT MAGISTRATE PASCHIM MEDINIPUR_IDA),IDA,152,93410541.0,64.5,118,0.0018,70.0
IDA:Dharashiv(DISTRICT COLLECTOR OSMANABAD_IDA),Dharashiv(DISTRICT COLLECTOR OSMANABAD_IDA),IDA,17,11929824.0,60.2,9,0.0006,70.0
IDA:SURYAPET(DISTRICT COLLECTOR SURYAPET),SURYAPET(DISTRICT COLLECTOR SURYAPET),IDA,32,7644141.0,56.3,5,0.0006,70.0
IDA:MYSURU(DEPUTY COMMISSIONER MYSORE_IDA),MYSURU(DEPUTY COMMISSIONER MYSORE_IDA),IDA,69,43500000.0,50.8,9,0.0012,70.0
IDA:ALAPPUZHA(DISTRICT COLLECTOR ALAPPUZHA_IDA),ALAPPUZHA(DISTRICT COLLECTOR ALAPPUZHA_IDA),IDA,37,33370070.0,57.6,19,0.0012,70.0
IDA:KANNUR(DISTRICT COLLECTOR KANNUR_IDA),KANNUR(DISTRICT COLLECTOR KANNUR_IDA),IDA,87,36864105.0,66.2,58,0.0018,70.0
IDA:DINDORI(District Collector Dindori_IDA),DINDORI(District Collector Dindori_IDA),IDA,15,7557496.0,62.4,6,0.0006,70.0
IDA:Niwari(District Collector Niwari_IDA),Niwari(District Collector Niwari_IDA),IDA,11,12550000.0,59.1,6,0.0006,70.0
IDA:EAST(COMMISSIONER EAST),EAST(COMMISSIONER EAST),IDA,23,13257653.0,53.3,13,0.0012,70.0
IDA:MUMBAI(DISTRICT COLLECTOR MUMBAI CITY_IDA),MUMBAI(DISTRICT COLLECTOR MUMBAI CITY_IDA),IDA,33,69874739.0,66.9,20,0.0012,70.0
IDA:Alluri Sitharama Raju(DISTRICT COLLECTOR ALLURI SITHARAMARAJU_IDA),Alluri Sitharama Raju(DISTRICT COLLECTOR ALLURI SITHARAMARAJU_IDA),IDA,23,34628400.0,59.1,15,0.0006,70.0
IDA:Pandhurna(District Collector Pandhurna_IDA),Pandhurna(District Collector Pandhurna_IDA),IDA,40,15525000.0,50.6,14,0.0006,70.0
IDA:CHENNAI(COMMISSIONER MUNCIPAL CORPORATION CHENNAI_IDA),CHENNAI(COMMISSIONER MUNCIPAL CORPORATION CHENNAI_IDA),IDA,40,109556444.0,63.9,16,0.0025,70.0
IDA:NANDED(DISTRICT COLLECTOR NANDED_IDA),NANDED(DISTRICT COLLECTOR NANDED_IDA),IDA,22,33878244.0,67.6,15,0.0012,70.0
IDA:REWA(DISTRICT COLLECTOR REWA_IDA),REWA(DISTRICT COLLECTOR REWA_IDA),IDA,37,38259819.0,67.2,33,0.0006,70.0
IDA:JASHPUR(DISTRICT COLLECTOR JASHPUR_IDA),JASHPUR(DISTRICT COLLECTOR JASHPUR_IDA),IDA,17,14396637.0,60.6,13,0.0006,70.0
IDA:RAIGARH(DISTRICT COLLECTOR RAIGARH_IDA),RAIGARH(DISTRICT COLLECTOR RAIGARH_IDA),IDA,33,21516713.0,57.8,13,0.0006,70.0
IDA:Thoothukkudi(DISTRICT COLLECTOR THOOTHUKUDI_IDA),Thoothukkudi(DISTRICT COLLECTOR THOOTHUKUDI_IDA),IDA,15,35986942.0,54.6,6,0.0006,70.0
IDA:HASSAN(DEPUTY COMMISSIONER HASSAN_IDA),HASSAN(DEPUTY COMMISSIONER HASSAN_IDA),IDA,58,25034052.0,58.2,10,0.0012,70.0
IDA:BELAGAVI(DEPUTY COMMISSIONER BELGAUM_IDA),BELAGAVI(DEPUTY COMMISSIONER BELGAUM_IDA),IDA,21,13623848.0,68.2,15,0.0018,70.0
IDA:BIDAR(DEPUTY COMMISSIONER BIDAR_IDA),BIDAR(DEPUTY COMMISSIONER BIDAR_IDA),IDA,60,26863997.0,68.8,49,0.0006,70.0
IDA:SHAHDOL(District Collector Shahdol_IDA),SHAHDOL(District Collector Shahdol_IDA),IDA,82,84611931.0,62.0,66,0.0012,70.0
IDA:Sarangarh-Bilaigarh(Collector SB_IDA),Sarangarh-Bilaigarh(Collector SB_IDA),IDA,25,16367395.0,53.7,17,0.0018,70.0
IDA:TIKAMGARH(DISTRICT COLLECTOR TIKAMGARH_IDA),TIKAMGARH(DISTRICT COLLECTOR TIKAMGARH_IDA),IDA,15,15349039.0,57.5,8,0.0006,70.0
IDA:SOUTH(COMMISSIONER SOUTH),SOUTH(COMMISSIONER SOUTH),IDA,29,14402393.0,52.1,15,0.0012,70.0
IDA:MOGA(Deputy Commissioner Moga),MOGA(Deputy Commissioner Moga),IDA,65,20585000.0,57.6,38,0.0006,70.0
IDA:RAISEN(DISTRICT COLLECTOR RAISEN_IDA),RAISEN(DISTRICT COLLECTOR RAISEN_IDA),IDA,43,19485000.0,60.8,29,0.0012,70.0
IDA:DHULE(DISTRICT COLLECTOR DHULE_IDA),DHULE(DISTRICT COLLECTOR DHULE_IDA),IDA,26,26230794.0,59.4,17,0.0006,70.0
IDA:CHIKKABALLAPURA(DEPUTY COMMISSIONER CHICKKABALLAPUR_IDA),CHIKKABALLAPURA(DEPUTY COMMISSIONER CHICKKABALLAPUR_IDA),IDA,37,23787000.0,51.4,8,0.0012,70.0
IDA:WARANGAL(District Collector Warangal_IDA),WARANGAL(District Collector Warangal_IDA),IDA,107,13664753.0,59.7,34,0.0012,70.0
IDA:THRISSUR(DISTRICT COLLECTOR THRISSUR_IDA),THRISSUR(DISTRICT COLLECTOR THRISSUR_IDA),IDA,61,56765349.0,55.9,22,0.0018,70.0
IDA:Bara Banki(DISTRICT MAGISTRATE BARABANKI_IDA),Bara Banki(DISTRICT MAGISTRATE BARABANKI_IDA),IDA,16,44681913.0,58.0,8,0.0006,70.0
IDA:SOUTH WEST GARO HILLS(DEPUTY COMMISSIONER SOUTH WEST GARO HILLS AMPATI_IDA),SOUTH WEST GARO HILLS(DEPUTY COMMISSIONER SOUTH WEST GARO HILLS AMPATI_IDA),IDA,14,3500000.0,64.8,10,0.0006,70.0
IDA:WEST GARO HILLS(DEPUTY COMMISSIONER WEST GARO HILLS_IDA),WEST GARO HILLS(DEPUTY COMMISSIONER WEST GARO HILLS_IDA),IDA,48,31000000.0,59.5,34,0.0006,70.0
IDA:SOUTH GARO HILLS(DEPUTY COMMISSIONER BAGHMARA_IDA),SOUTH GARO HILLS(DEPUTY COMMISSIONER BAGHMARA_IDA),IDA,9,2500000.0,68.8,5,0.0006,70.0
IDA:VAISHALI(DISTRICT PLANNING OFFICER VAISHALI_IDA),VAISHALI(DISTRICT PLANNING OFFICER VAISHALI_IDA),IDA,3,975000.0,73.0,3,0.0006,70.0
IDA:TIRUCHIRAPPALLI(DISTRICT COLLECTOR TIRUCHIRAPPALLI_IDA),TIRUCHIRAPPALLI(DISTRICT COLLECTOR TIRUCHIRAPPALLI_IDA),IDA,34,58540763.0,54.8,7,0.0018,70.0
IDA:NORTH GOA(DISTRICT COLLECTOR NORTH GOA_IDA),NORTH GOA(DISTRICT COLLECTOR NORTH GOA_IDA),IDA,21,11289949.0,54.8,6,0.0006,70.0
IDA:SIVASAGAR(Deputy Commissioner Sivsagar_IDA),SIVASAGAR(Deputy Commissioner Sivsagar_IDA),IDA,37,7946628.0,57.0,7,0.0006,70.0
IDA:GUNTUR(DISTRICT COLLECTOR GUNTUR_IDA),GUNTUR(DISTRICT COLLECTOR GUNTUR_IDA),IDA,22,32472812.0,53.8,5,0.0012,70.0
IDA:LATUR(DISTRICT COLLECTOR LATUR_IDA),LATUR(DISTRICT COLLECTOR LATUR_IDA),IDA,30,27160511.0,61.9,15,0.0012,70.0
IDA:MEDCHAL MALKAJGIRI(DISTRICT COLLECTOR MEDCHAL MALKAJGIRI_IDA),MEDCHAL MALKAJGIRI(DISTRICT COLLECTOR MEDCHAL MALKAJGIRI_IDA),IDA,43,32489904.0,50.2,12,0.0006,70.0
IDA:PUNE(DISTRICT COLLECTOR PUNE_IDA),PUNE(DISTRICT COLLECTOR PUNE_IDA),IDA,114,89983751.0,55.9,45,0.0025,70.0
IDA:CHHATARPUR(District Collector Chhatarpur_IDA),CHHATARPUR(District Collector Chhatarpur_IDA),IDA,29,20426061.0,50.6,15,0.0012,70.0
IDA:KARIMNAGAR(DISTRICT COLLECTOR KARIMNAGAR_IDA),KARIMNAGAR(DISTRICT COLLECTOR KARIMNAGAR_IDA),IDA,51,21609763.0,52.1,7,0.0006,70.0
IDA:BURHANPUR(District Collector Burhanpur_IDA),BURHANPUR(District Collector Burhanpur_IDA),IDA,25,8526100.0,56.3,16,0.0006,70.0
IDA:CHIKKAMAGALURU(DEPUTY COMMISSIONER CHIKMAGALUR),CHIKKAMAGALURU(DEPUTY COMMISSIONER CHIKMAGALUR),IDA,49,20230237.0,60.8,20,0.0018,70.0
IDA:SATNA(DISTRICT COLLECTOR SATNA_IDA),SATNA(DISTRICT COLLECTOR SATNA_IDA),IDA,139,27252500.0,64.8,85,0.0006,70.0
IDA:KOZHIKODE(DISTRICT COLLECTOR KOZHIKODE_IDA),KOZHIKODE(DISTRICT COLLECTOR KOZHIKODE_IDA),IDA,128,44401335.0,64.3,78,0.0018,70.0
IDA:KODERMA(DEPUTY COMMISSIONER KODARMA_IDA),KODERMA(DEPUTY COMMISSIONER KODARMA_IDA),IDA,55,16325638.0,59.6,11,0.0006,70.0
IDA:DURG(DISTRICT COLLECTOR DURG_IDA),DURG(DISTRICT COLLECTOR DURG_IDA),IDA,49,11137181.0,68.3,43,0.0006,70.0
IDA:MALAPPURAM(DISTRICT COLLECTOR MALAPPURAM_IDA),MALAPPURAM(DISTRICT COLLECTOR MALAPPURAM_IDA),IDA,173,68784637.0,57.1,27,0.0018,70.0
IDA:BHANDARA(DISTRICT COLLECTOR BHANDARA_IDA),BHANDARA(DISTRICT COLLECTOR BHANDARA_IDA),IDA,17,11572033.0,68.7,13,0.0006,70.0
IDA:Eluru(DISTRICT COLLECTOR ELURU_IDA),Eluru(DISTRICT COLLECTOR ELURU_IDA),IDA,61,41569092.0,68.8,49,0.0006,70.0
IDA:GADAG(Deputy Commsioner Gadag_ida),GADAG(Deputy Commsioner Gadag_ida),IDA,23,14300000.0,52.6,7,0.0012,70.0
IDA:SEHORE(DISTRICT COLLECTOR SEHORE_IDA),SEHORE(DISTRICT COLLECTOR SEHORE_IDA),IDA,23,16978274.0,58.1,15,0.0012,70.0
IDA:KUMURAM BHEEM ASIFABAD(District Collector KB Asifabad_IDA),KUMURAM BHEEM ASIFABAD(District Collector KB Asifabad_IDA),IDA,53,7750000.0,57.2,32,0.0006,70.0
IDA:Dahod(DISTRICT COLLECTOR DOHAD_IDA),Dahod(DISTRICT COLLECTOR DOHAD_IDA),IDA,123,40881038.0,55.5,51,0.0006,70.0
IDA:MADURAI(DISTRICT COLLECTOR MADURAI_IDA),MADURAI(DISTRICT COLLECTOR MADURAI_IDA),IDA,43,44121412.0,53.1,7,0.0018,70.0
IDA:CHHOTAUDEPUR(DISTRICT COLLECTOR CHHOTA UDEPUR_IDA),CHHOTAUDEPUR(DISTRICT COLLECTOR CHHOTA UDEPUR_IDA),IDA,36,16936022.0,64.3,28,0.0006,70.0
IDA:BHOPAL(DISTRICT COLLECTOR BHOPAL_IDA),BHOPAL(DISTRICT COLLECTOR BHOPAL_IDA),IDA,14,14180980.0,62.4,10,0.0006,70.0
IDA:North 24 Parganas(DISTRICT MAGISTRATE NORTH TWENTY FOUR PARGANAS_IDA),North 24 Parganas(DISTRICT MAGISTRATE NORTH TWENTY FOUR PARGANAS_IDA),IDA,134,173966209.0,59.6,66,0.0037,70.0
IDA:SITAMARHI(DISTRICT PLANNING OFFICER SITAMARHI_IDA),SITAMARHI(DISTRICT PLANNING OFFICER SITAMARHI_IDA),IDA,56,15817152.0,57.0,39,0.0006,70.0
IDA:KALABURAGI(DEPUTY COMMISSIONER GULBARGA_IDA),KALABURAGI(DEPUTY COMMISSIONER GULBARGA_IDA),IDA,6,2996000.0,69.8,4,0.0006,55.0
IDA:Chhatrapati Sambhajinagar(DISTRICT COLLECTOR AURANGABAD_IDA),Chhatrapati Sambhajinagar(DISTRICT COLLECTOR AURANGABAD_IDA),IDA,33,45375679.0,50.2,2,0.0012,55.0
IDA:DIMA HASAO(DEPUTY COMMISSIONER Dima Hasao_IDA),DIMA HASAO(DEPUTY COMMISSIONER Dima Hasao_IDA),IDA,1,5000000.0,79.1,1,0.0006,55.0
IDA:TUMAKURU(DEPUTY COMMISSIONER TUMKUR_IDA),TUMAKURU(DEPUTY COMMISSIONER TUMKUR_IDA),IDA,40,38480000.0,50.9,2,0.0018,55.0
IDA:SITAPUR(DISTRICT MAGISTRATE SITAPUR_IDA),SITAPUR(DISTRICT MAGISTRATE SITAPUR_IDA),IDA,88,124885333.33,56.7,2,0.0025,55.0
IDA:PRATAPGARH(DISTRICT COLLECTOR PRATAPGARH_IDA),PRATAPGARH(DISTRICT COLLECTOR PRATAPGARH_IDA),IDA,7,3347140.0,60.5,2,0.0012,55.0
IDA:North Tripura(DISTRICT MAGISTRATE and COLLECTOR NORTH TRIPURA DISTRICT_IDA),North Tripura(DISTRICT MAGISTRATE and COLLECTOR NORTH TRIPURA DISTRICT_IDA),IDA,1,5807060.0,78.6,1,0.0006,55.0
IDA:JAGATSINGHAPUR(DISTRICT COLLECTOR JAGATSINGHPUR_IDA),JAGATSINGHAPUR(DISTRICT COLLECTOR JAGATSINGHPUR_IDA),IDA,10,3450000.0,58.5,3,0.0006,55.0
IDA:SOUTH WEST(COMMISSIONER MCD SOUTH WEST),SOUTH WEST(COMMISSIONER MCD SOUTH WEST),IDA,5,5576614.0,51.8,2,0.0006,55.0
IDA:JAYASHANKAR BHUPALAPALLY(DISTRICT COLLECTOR JAYASHANKAR BHUPALPALLY_IDA),JAYASHANKAR BHUPALAPALLY(DISTRICT COLLECTOR JAYASHANKAR BHUPALPALLY_IDA),IDA,8,2561156.0,61.9,3,0.0006,55.0
IDA:JABALPUR(DISTRICT COLLECTOR JABALPUR_IDA),JABALPUR(DISTRICT COLLECTOR JABALPUR_IDA),IDA,86,21736351.0,54.2,2,0.0006,55.0
IDA:THE NILGIRIS(DISTRICT COLLECTOR NILGIRIS_IDA),THE NILGIRIS(DISTRICT COLLECTOR NILGIRIS_IDA),IDA,18,11960640.0,54.0,3,0.0006,55.0
IDA:UDALGURI(DEPUTY COMMISSIONER Udalguri_IDA),UDALGURI(DEPUTY COMMISSIONER Udalguri_IDA),IDA,6,2000000.0,65.0,3,0.0006,55.0
IDA:GUNA(District Collector Guna_IDA),GUNA(District Collector Guna_IDA),IDA,15,13117434.0,50.9,4,0.0006,55.0
IDA:THANE(DISTRICT COLLECTOR THANE_IDA),THANE(DISTRICT COLLECTOR THANE_IDA),IDA,17,13997000.0,56.8,4,0.0006,55.0
IDA:BONGAIGAON(Deputy Commissioner Bongaigaon_IDA),BONGAIGAON(Deputy Commissioner Bongaigaon_IDA),IDA,17,16798000.0,53.2,2,0.0012,55.0
IDA:SOLAPUR(DISTRICT COLLECTOR SOLAPUR_IDA),SOLAPUR(DISTRICT COLLECTOR SOLAPUR_IDA),IDA,46,11318986.0,54.2,3,0.0018,55.0
IDA:KOLAR(DEPUTY COMMISSIONER KOLAR_IDA),KOLAR(DEPUTY COMMISSIONER KOLAR_IDA),IDA,48,21520000.0,50.4,2,0.0006,55.0
IDA:Ahilyanagar(DISTRICT COLLECTOR AHMEDNAGAR_IDA),Ahilyanagar(DISTRICT COLLECTOR AHMEDNAGAR_IDA),IDA,54,32284226.0,54.6,2,0.0012,55.0
IDA:Beawar(DISTRICT COLLECTOR Beawar_IDA),Beawar(DISTRICT COLLECTOR Beawar_IDA),IDA,9,6999600.0,55.6,3,0.0018,55.0
IDA:KOLHAPUR(DISTRICT COLLECTOR KOLHAPUR_IDA),KOLHAPUR(DISTRICT COLLECTOR KOLHAPUR_IDA),IDA,12,10840286.0,57.2,3,0.0012,55.0
IDA:RAICHUR(DEPUTY COMMISSIONER RAICHUR_IDA),RAICHUR(DEPUTY COMMISSIONER RAICHUR_IDA),IDA,24,17295548.0,52.0,4,0.0012,55.0
IDA:NEEMUCH(District Collector Neemuch_IDA),NEEMUCH(District Collector Neemuch_IDA),IDA,27,2944846.0,68.6,2,0.0006,55.0
IDA:HARDOI(DISTRICT MAGISTRATE HARDOI_IDA),HARDOI(DISTRICT MAGISTRATE HARDOI_IDA),IDA,12,48884859.0,56.0,4,0.0006,55.0
IDA:Uttar Bastar Kanker(DISTRICT COLLECTOR KANKER_IDA),Uttar Bastar Kanker(DISTRICT COLLECTOR KANKER_IDA),IDA,21,15332742.0,57.4,3,0.0006,55.0
IDA:TINSUKIA(DC Tinsukia),TINSUKIA(DC Tinsukia),IDA,34,25742773.0,53.8,2,0.0012,55.0
IDA:KASARAGOD(DISTRICT COLLECTOR KASARAGOD_IDA),KASARAGOD(DISTRICT COLLECTOR KASARAGOD_IDA),IDA,21,8386163.0,52.6,2,0.0006,55.0
IDA:Gyalshing(DISTRICT COLLECTOR GYALSHING_IDA),Gyalshing(DISTRICT COLLECTOR GYALSHING_IDA),IDA,4,12000000.0,61.9,2,0.0006,55.0
IDA:SEONI(District Collector Seoni_IDA),SEONI(District Collector Seoni_IDA),IDA,38,22021506.0,39.1,7,0.0012,45.0
IDA:FARIDKOT(DEPUTY COMMISSIONER FARIDKOT_IDA),FARIDKOT(DEPUTY COMMISSIONER FARIDKOT_IDA),IDA,109,22806610.0,41.1,46,0.0006,45.0
IDA:MEERUT(DISTRICT MAGISTRATE MEERUT_IDA),MEERUT(DISTRICT MAGISTRATE MEERUT_IDA),IDA,96,65073379.0,39.4,13,0.0025,45.0
IDA:PURBA BARDHAMAN(DISTRICT MAGISTRATE PURBA BARDHAMAN_IDA),PURBA BARDHAMAN(DISTRICT MAGISTRATE PURBA BARDHAMAN_IDA),IDA,106,90545225.0,37.0,8,0.0018,45.0
IDA:UTTARA KANNADA(DEPUTY COMMISSIONER UTTARKANNADA KARWAR_IDA),UTTARA KANNADA(DEPUTY COMMISSIONER UTTARKANNADA KARWAR_IDA),IDA,44,31225000.0,47.7,12,0.0006,45.0
IDA:GAYA(DISTRICT PLANNING OFFICER GAYA_IDA),GAYA(DISTRICT PLANNING OFFICER GAYA_IDA),IDA,261,104566530.0,47.5,78,0.0012,45.0
IDA:BALLIA(DISTRICT MAGISTRAE BALLIA_IDA),BALLIA(DISTRICT MAGISTRAE BALLIA_IDA),IDA,153,53988157.0,48.8,41,0.0018,45.0
IDA:KAUSHAMBI(DISTRICT MAGISTRAE KAUSHAMBI_IDA),KAUSHAMBI(DISTRICT MAGISTRAE KAUSHAMBI_IDA),IDA,238,17594406.0,35.1,8,0.0006,45.0
IDA:VIDISHA(District Collector Vidisha_IDA),VIDISHA(District Collector Vidisha_IDA),IDA,47,29388899.0,36.0,14,0.0012,45.0
IDA:UDUPI(DEPUTY COMMISSIONER UDUPI_IDA),UDUPI(DEPUTY COMMISSIONER UDUPI_IDA),IDA,59,26166692.0,48.6,12,0.0012,45.0
IDA:AZAMGARH(DISTRICT MAGISTRATE AZAMGARH_IDA),AZAMGARH(DISTRICT MAGISTRATE AZAMGARH_IDA),IDA,126,71610652.0,36.4,10,0.0018,45.0
IDA:FEROZEPUR(DEPUTY COMMISSIONER FIROZEPUR_IDA),FEROZEPUR(DEPUTY COMMISSIONER FIROZEPUR_IDA),IDA,165,41121264.0,18.5,9,0.0006,45.0
IDA:CHENGALPATTU(District Collector Chengalpattu_IDA),CHENGALPATTU(District Collector Chengalpattu_IDA),IDA,198,55485149.0,36.9,33,0.0012,45.0
IDA:MAHESANA(DISTRICT COLLECTOR MAHESANA_IDA),MAHESANA(DISTRICT COLLECTOR MAHESANA_IDA),IDA,222,47742978.0,35.0,8,0.0018,45.0
IDA:Khargone (West Nimar)(DISTRICT COLLECTOR KHARGONE_IDA),Khargone (West Nimar)(DISTRICT COLLECTOR KHARGONE_IDA),IDA,97,36157795.0,48.1,51,0.0012,45.0
IDA:ANUPPUR(DISTRICT COLLECTOR ANUPPUR_IDA),ANUPPUR(DISTRICT COLLECTOR ANUPPUR_IDA),IDA,34,21090905.0,46.4,8,0.0006,45.0
IDA:BAGALKOTE(DEPUTY COMMISSIONER BAGALKOT_IDA),BAGALKOTE(DEPUTY COMMISSIONER BAGALKOT_IDA),IDA,82,42090595.0,38.9,5,0.0006,45.0
IDA:DARBHANGA(DISTRICT PLANNING OFFICER DARBANGA_IDA),DARBHANGA(DISTRICT PLANNING OFFICER DARBANGA_IDA),IDA,138,68498064.0,32.8,13,0.0012,45.0
IDA:BIJNOR(DISTRICT MAGISTRATE BIJNOR_IDA),BIJNOR(DISTRICT MAGISTRATE BIJNOR_IDA),IDA,237,81660655.0,19.6,12,0.0025,45.0
IDA:Kushinagar(DISTRICT MAGISTRATE KUSHINAGAR PADRAUNA_IDA),Kushinagar(DISTRICT MAGISTRATE KUSHINAGAR PADRAUNA_IDA),IDA,130,59179902.0,44.3,7,0.0012,45.0
IDA:ASHOKNAGAR(DISTRICT COLLECTOR ASHOKNAGAR_IDA),ASHOKNAGAR(DISTRICT COLLECTOR ASHOKNAGAR_IDA),IDA,14,17590529.0,35.1,5,0.0006,45.0
IDA:DARJEELING(DISTRICT MAGISTRATE DARJEELING_IDA),DARJEELING(DISTRICT MAGISTRATE DARJEELING_IDA),IDA,80,42932986.0,49.3,16,0.0006,45.0
IDA:PALAKKAD(DISTRICT COLLECTOR PALAKKAD_IDA),PALAKKAD(DISTRICT COLLECTOR PALAKKAD_IDA),IDA,161,64738107.0,49.1,20,0.0018,45.0
IDA:AURANGABAD(DISTRICT PLANNING OFFICER AURANGABAD_IDA),AURANGABAD(DISTRICT PLANNING OFFICER AURANGABAD_IDA),IDA,82,38539750.0,41.4,19,0.0012,45.0
IDA:SRI MUKTSAR SAHIB(DEPUTY COMMISSIONER SRI MUKTSAR SAHIB_IDA),SRI MUKTSAR SAHIB(DEPUTY COMMISSIONER SRI MUKTSAR SAHIB_IDA),IDA,71,20080227.0,27.0,11,0.0025,45.0
IDA:TEHRI GARHWAL(DISTRICT MAGISTRATE TEHRI GARHWAL_IDA),TEHRI GARHWAL(DISTRICT MAGISTRATE TEHRI GARHWAL_IDA),IDA,29,15970000.0,44.6,9,0.0012,45.0
IDA:BARWANI(DISTRICT COLLECTOR BADWANI_IDA),BARWANI(DISTRICT COLLECTOR BADWANI_IDA),IDA,84,26156484.0,30.1,11,0.0006,45.0
IDA:Narsimhapur(DISTRICT COLLECTOR NARSINGHPUR_IDA),Narsimhapur(DISTRICT COLLECTOR NARSINGHPUR_IDA),IDA,79,13422884.0,30.8,5,0.0012,45.0
IDA:SALEM(DISTRICT COLLECTOR SALEM_IDA),SALEM(DISTRICT COLLECTOR SALEM_IDA),IDA,47,23871974.0,46.3,6,0.0012,45.0
IDA:ANAND(District Collector ANAND_IDA),ANAND(District Collector ANAND_IDA),IDA,182,39275113.0,22.1,6,0.0012,45.0
IDA:TENKASI(DISTRICT COLLECTOR TENKASI_IDA),TENKASI(DISTRICT COLLECTOR TENKASI_IDA),IDA,47,57319815.0,44.3,9,0.0012,45.0
IDA:UJJAIN(DISTRICT COLLECTOR UJJAIN_IDA),UJJAIN(DISTRICT COLLECTOR UJJAIN_IDA),IDA,139,40222905.0,38.7,47,0.0006,45.0
IDA:GHAZIPUR(DISTRICT MAGISTRAE GHAZIPUR_IDA),GHAZIPUR(DISTRICT MAGISTRAE GHAZIPUR_IDA),IDA,156,92408991.0,48.1,33,0.0012,45.0
IDA:JHAJJAR(DEPUTY COMMISSIONER cum NODAL OFFICER MPLADS JHAJJAR),JHAJJAR(DEPUTY COMMISSIONER cum NODAL OFFICER MPLADS JHAJJAR),IDA,39,27950609.0,39.4,6,0.0006,45.0
IDA:GARIYABAND(Collectro Gariaband_IDA),GARIYABAND(Collectro Gariaband_IDA),IDA,21,9300000.0,43.7,8,0.0006,45.0
IDA:DHAR(DISTRICT COLLECTOR DHAR_IDA),DHAR(DISTRICT COLLECTOR DHAR_IDA),IDA,94,39997824.0,40.7,6,0.0012,45.0
IDA:ARVALLI(DISTRICT COLLECTOR ARVALLI_IDA),ARVALLI(DISTRICT COLLECTOR ARVALLI_IDA),IDA,62,19400000.0,33.0,13,0.0006,45.0
IDA:AMRITSAR(DEPUTY COMMISSIONER AMRITSAR_IDA),AMRITSAR(DEPUTY COMMISSIONER AMRITSAR_IDA),IDA,44,16943646.0,38.0,14,0.0006,45.0
IDA:NARMADAPURAM(DISTRICT COLLECTOR NARMADAPURAM_IDA),NARMADAPURAM(DISTRICT COLLECTOR NARMADAPURAM_IDA),IDA,105,14319067.0,37.5,10,0.0006,45.0
IDA:HISAR(DEPUTY COMMISSIONER HISSAR_IDA),HISAR(DEPUTY COMMISSIONER HISSAR_IDA),IDA,136,54772470.0,39.7,22,0.0018,45.0
IDA:BIRBHUM(DISTRICT MAGISTRATE BIRBHUM_IDA),BIRBHUM(DISTRICT MAGISTRATE BIRBHUM_IDA),IDA,147,163631673.6,25.5,7,0.0012,45.0
IDA:KANGRA(DEPUTY COMMISSIONER KANGRA_IDA),KANGRA(DEPUTY COMMISSIONER KANGRA_IDA),IDA,122,30669721.0,40.8,10,0.0012,45.0
IDA:CHHINDWARA(DISTRICT COLLECTOR CHHINDWARA_IDA),CHHINDWARA(DISTRICT COLLECTOR CHHINDWARA_IDA),IDA,193,36249130.0,23.0,5,0.0006,45.0
IDA:PATHANAMTHITTA(DISTRICT COLLECTOR PATHANAMTHITTA_IDA),PATHANAMTHITTA(DISTRICT COLLECTOR PATHANAMTHITTA_IDA),IDA,62,23184177.0,47.8,14,0.0006,45.0
IDA:Sri Sathya Sai(DISTRICT COLLECTOR SRI SATHYA SAI_IDA),Sri Sathya Sai(DISTRICT COLLECTOR SRI SATHYA SAI_IDA),IDA,48,40249593.0,30.5,10,0.0006,45.0
IDA:VADODARA(DISTRICT COLLECTOR VADODARA_IDA),VADODARA(DISTRICT COLLECTOR VADODARA_IDA),IDA,108,55668183.0,27.5,11,0.0018,45.0
IDA:MUZAFFARPUR(DISTRICT PLANNING OFFICER MUZAFFARPUR_IDA),MUZAFFARPUR(DISTRICT PLANNING OFFICER MUZAFFARPUR_IDA),IDA,64,125591933.0,35.4,18,0.0012,45.0
IDA:KAITHAL(DC CUM NODAL OFFICERS MPLADS),KAITHAL(DC CUM NODAL OFFICERS MPLADS),IDA,50,17887825.0,41.5,11,0.0006,45.0
IDA:RAYAGADA(DISTRICT COLLECTOR RAYAGADA_IDA),RAYAGADA(DISTRICT COLLECTOR RAYAGADA_IDA),IDA,37,12462424.0,36.7,11,0.0006,45.0
IDA:MADHUBANI(DISTRICT PLANNING OFFICER MADHUBANI_IDA),MADHUBANI(DISTRICT PLANNING OFFICER MADHUBANI_IDA),IDA,85,88550206.0,39.0,5,0.0012,45.0
IDA:MARIGAON(District Development Commissioner Morigaon),MARIGAON(District Development Commissioner Morigaon),IDA,49,22890000.0,43.7,5,0.0006,45.0
IDA:PASCHIM BARDHAMAN(DISTRICT MAGISTRATE PASCHIM BARDHAMAN_IDA),PASCHIM BARDHAMAN(DISTRICT MAGISTRATE PASCHIM BARDHAMAN_IDA),IDA,27,70005307.0,44.5,6,0.0012,45.0
IDA:NORTH GARO HILLS(DEPUTY COMMISSIONER NORTH GARO HILLS RESUBELPARA_IDA),NORTH GARO HILLS(DEPUTY COMMISSIONER NORTH GARO HILLS RESUBELPARA_IDA),IDA,21,6550000.0,37.7,5,0.0006,45.0
IDA:HAVERI(DEPUTY COMMISSIONER HAVERI_IDA),HAVERI(DEPUTY COMMISSIONER HAVERI_IDA),IDA,37,21241407.0,46.4,12,0.0012,45.0
IDA:KHAGARIA(DISTRICT PLANNING OFFICER KHAGARIA_IDA),KHAGARIA(DISTRICT PLANNING OFFICER KHAGARIA_IDA),IDA,38,38668789.0,44.6,16,0.0006,45.0
IDA:AKOLA(DISTRICT COLLECTOR AKOLA_IDA),AKOLA(DISTRICT COLLECTOR AKOLA_IDA),IDA,53,51071749.0,46.2,12,0.0006,45.0
IDA:BAREILLY(DISTRICT MAGISTRAE BAREILLY_IDA),BAREILLY(DISTRICT MAGISTRAE BAREILLY_IDA),IDA,72,38996946.0,32.3,24,0.0012,45.0
IDA:Kancheepuram(DISTRICT COLLECTOR KANCHEEPURAM_IDA),Kancheepuram(DISTRICT COLLECTOR KANCHEEPURAM_IDA),IDA,66,67101726.0,42.6,17,0.0012,45.0
IDA:KHORDHA(DISTRICT COLLECTOR KHORDHA_IDA),KHORDHA(DISTRICT COLLECTOR KHORDHA_IDA),IDA,169,50600000.0,37.3,19,0.0006,45.0
IDA:PURI(DISTRICT COLLECTOR PURI_IDA),PURI(DISTRICT COLLECTOR PURI_IDA),IDA,357,34818113.0,44.9,124,0.0012,45.0
IDA:JAUNPUR(DISTRICT MAGISTRATE JAUNPUR_IDA),JAUNPUR(DISTRICT MAGISTRATE JAUNPUR_IDA),IDA,1330,70077927.0,25.6,54,0.0012,45.0
IDA:MAHASAMUND(DISTRICT COLLECTOR MAHASAMUND_IDA),MAHASAMUND(DISTRICT COLLECTOR MAHASAMUND_IDA),IDA,55,34313836.0,47.1,23,0.0006,45.0
IDA:SABAR KANTHA(DISTRICT COLLECTOR SABARKANTHA_IDA),SABAR KANTHA(DISTRICT COLLECTOR SABARKANTHA_IDA),IDA,69,24196000.0,34.4,18,0.0006,45.0
IDA:Nayagada(DISTRICT COLLECTOR  NAYAGARH_IDA),Nayagada(DISTRICT COLLECTOR  NAYAGARH_IDA),IDA,335,32715000.0,48.1,105,0.0018,45.0
IDA:BENGALURU URBAN(DEPUTY COMMISSIONER BANGALORE URBAN_IDA),BENGALURU URBAN(DEPUTY COMMISSIONER BANGALORE URBAN_IDA),IDA,71,74889070.0,48.6,13,0.0031,45.0
IDA:KHEDA(DISTRICT COLLECTOR KHEDA_IDA),KHEDA(DISTRICT COLLECTOR KHEDA_IDA),IDA,174,35435432.0,22.4,6,0.0012,45.0
IDA:BATHINDA(DEPUTY COMMISSIONER BHATINDA_IDA),BATHINDA(DEPUTY COMMISSIONER BHATINDA_IDA),IDA,45,17031229.0,35.0,14,0.0012,45.0
IDA:MUZAFFARNAGAR(DISTRICT MAGISTRATE MUZAFFARNAGAR_IDA),MUZAFFARNAGAR(DISTRICT MAGISTRATE MUZAFFARNAGAR_IDA),IDA,96,60034392.0,41.1,9,0.0012,45.0
IDA:HOWRAH(DISTRICT MAGISTRATE HOWRAH_IDA),HOWRAH(DISTRICT MAGISTRATE HOWRAH_IDA),IDA,106,66441515.0,24.6,5,0.0018,45.0
IDA:SAGAR(DISTRICT COLLECTOR SAGAR_IDA),SAGAR(DISTRICT COLLECTOR SAGAR_IDA),IDA,75,42916999.0,22.7,5,0.0012,45.0
IDA:NASHIK(DISTRICT COLLECTOR NASHIK_IDA),NASHIK(DISTRICT COLLECTOR NASHIK_IDA),IDA,80,75193665.0,42.1,15,0.0018,45.0
IDA:MANSA(DEPUTY COMMISSIONER MANSA_IDA),MANSA(DEPUTY COMMISSIONER MANSA_IDA),IDA,75,26950753.0,20.8,6,0.0018,45.0
IDA:BARMER(DISTRICT COLLECTOR BARMER_IDA),BARMER(DISTRICT COLLECTOR BARMER_IDA),IDA,45,23100765.0,30.4,9,0.0006,45.0
IDA:HOOGHLY(DISTRICT MAGISTRATE HOOGHLY_IDA),HOOGHLY(DISTRICT MAGISTRATE HOOGHLY_IDA),IDA,158,98351476.0,26.5,6,0.0018,45.0
IDA:Jagitial(DISTRICT COLLECTOR JAGTIAL_IDA),Jagitial(DISTRICT COLLECTOR JAGTIAL_IDA),IDA,177,60075190.0,44.6,53,0.0018,45.0
IDA:NIZAMABAD(DISTRICT COLLECTOR NIZAMABAD_IDA),NIZAMABAD(DISTRICT COLLECTOR NIZAMABAD_IDA),IDA,250,89317050.0,33.4,42,0.0006,45.0
IDA:GANJAM(DISTRICT COLLECTOR GANJAM_IDA),GANJAM(DISTRICT COLLECTOR GANJAM_IDA),IDA,69,23600000.0,40.8,13,0.0006,45.0
IDA:WARDHA(DISTRICT COLLECTOR WARDHA_IDA),WARDHA(DISTRICT COLLECTOR WARDHA_IDA),IDA,41,32933040.0,41.8,11,0.0006,45.0
IDA:BALAGHAT(DISTRICT COLLECTOR BALAGHAT_IDA),BALAGHAT(DISTRICT COLLECTOR BALAGHAT_IDA),IDA,60,38014494.0,41.9,12,0.0006,45.0
IDA:Mayiladuthurai(District Collector Mayiladuthurai_IDA),Mayiladuthurai(District Collector Mayiladuthurai_IDA),IDA,25,19020000.0,35.7,6,0.0006,45.0
IDA:Davanagere(DEPUTY COMMISSIONER DAUANAGERE_IDA),Davanagere(DEPUTY COMMISSIONER DAUANAGERE_IDA),IDA,45,45000000.0,42.2,5,0.0006,45.0
IDA:ERODE(DISTRICT_COLLECTORE_ERODE_IDA),ERODE(DISTRICT_COLLECTORE_ERODE_IDA),IDA,63,61089186.0,35.0,5,0.0018,45.0
IDA:ROHTAS(District Planning Officer Rohtas_IDA),ROHTAS(District Planning Officer Rohtas_IDA),IDA,51,39857208.0,38.3,8,0.0025,45.0
IDA:BANKURA(DISTRICT MAGISTRATE BANKURA_IDA),BANKURA(DISTRICT MAGISTRATE BANKURA_IDA),IDA,87,111449207.0,49.2,28,0.0012,45.0
IDA:PANCH MAHALS(DISTRICT COLLECTOR PANCHMAHALS_IDA),PANCH MAHALS(DISTRICT COLLECTOR PANCHMAHALS_IDA),IDA,201,39479200.0,41.1,35,0.0012,45.0
IDA:Viluppuram(DISTRICT COLLECTOR VILLUPURAM_IDA),Viluppuram(DISTRICT COLLECTOR VILLUPURAM_IDA),IDA,95,70090467.0,20.4,8,0.0012,45.0
IDA:JHANSI(DISTRICT MAGISTRAE JHANSI_IDA),JHANSI(DISTRICT MAGISTRAE JHANSI_IDA),IDA,64,31534564.0,30.9,16,0.0012,45.0
IDA:KRISHNA(DISTRICT COLLECTOR KRISHNA_IDA),KRISHNA(DISTRICT COLLECTOR KRISHNA_IDA),IDA,17,16033559.0,42.2,5,0.0006,45.0
IDA:VIRUDHUNAGAR(DISTRICT COLLECTOR VIRUDHUNAGAR_IDA),VIRUDHUNAGAR(DISTRICT COLLECTOR VIRUDHUNAGAR_IDA),IDA,54,46910673.0,36.5,5,0.0018,45.0
IDA:SIDDIPET(District Collector Siddipet_IDA),SIDDIPET(District Collector Siddipet_IDA),IDA,89,32711282.0,42.7,9,0.0025,45.0
IDA:Purba Medinipur(DISTRICT MAGISTRATE PURBA MEDINIPUR_IDA),Purba Medinipur(DISTRICT MAGISTRATE PURBA MEDINIPUR_IDA),IDA,126,77886135.78,35.3,17,0.0012,45.0
IDA:ERNAKULAM(DISTRICT COLLECTOR ERNAKULAM_IDA),ERNAKULAM(DISTRICT COLLECTOR ERNAKULAM_IDA),IDA,147,92884224.0,47.9,21,0.0025,45.0
IDA:KANNIYAKUMARI(DISTRICT COLLECTOR KANNIYAKUMARI_IDA),KANNIYAKUMARI(DISTRICT COLLECTOR KANNIYAKUMARI_IDA),IDA,53,60176623.0,31.1,8,0.0006,45.0
IDA:Y.S.R. Kadapa(DISTRICT COLLECTOR CUDDAPAH_IDA),Y.S.R. Kadapa(DISTRICT COLLECTOR CUDDAPAH_IDA),IDA,89,41092645.0,43.4,6,0.0018,45.0
IDA:Nandyal(DISTRICT COLLECTOR NANDYAL_IDA),Nandyal(DISTRICT COLLECTOR NANDYAL_IDA),IDA,76,37423392.0,23.6,6,0.0006,45.0
IDA:HOSHIARPUR(DEPUTY COMMISSIONER HOSHIARPUR_IDA),HOSHIARPUR(DEPUTY COMMISSIONER HOSHIARPUR_IDA),IDA,88,35944806.0,44.3,35,0.0012,45.0
IDA:NAGAON(DEPUTY COMMISSIONER NOWGONG_IDA),NAGAON(DEPUTY COMMISSIONER NOWGONG_IDA),IDA,40,19706000.0,45.3,10,0.0006,45.0
IDA:SIVAGANGA(DISTRICT COLLECTOR SIVAGANGA_IDA),SIVAGANGA(DISTRICT COLLECTOR SIVAGANGA_IDA),IDA,55,42292665.0,42.1,9,0.0006,45.0
IDA:Kendujhar(DISTRICT COLLECTOR KEONJHAR_IDA),Kendujhar(DISTRICT COLLECTOR KEONJHAR_IDA),IDA,81,25290000.0,48.4,11,0.0006,45.0
IDA:LUDHIANA(DEPUTY COMMISSIONER LUDHIANA_IDA),LUDHIANA(DEPUTY COMMISSIONER LUDHIANA_IDA),IDA,132,50570695.0,28.6,12,0.0018,45.0
IDA:KALAHANDI(DISTRICT COLLECTOR KALAHANDI_IDA),KALAHANDI(DISTRICT COLLECTOR KALAHANDI_IDA),IDA,95,31498000.0,26.7,11,0.0006,45.0
IDA:SANGLI(DISTRICT COLLECTOR SANGLI_IDA),SANGLI(DISTRICT COLLECTOR SANGLI_IDA),IDA,42,47375575.0,38.7,6,0.0012,45.0
IDA:WEST(COMMISSIONER MCD WEST),WEST(COMMISSIONER MCD WEST),IDA,2,2204542.0,55.4,0,0.0006,40.0
IDA:BOUDH(District Collector Boudh_IDA),BOUDH(District Collector Boudh_IDA),IDA,2,500000.0,56.0,0,0.0006,40.0
IDA:BARPETA(DEPUTY COMMISSIONER BARPETA 1),BARPETA(DEPUTY COMMISSIONER BARPETA 1),IDA,12,7850000.0,58.0,1,0.0012,40.0
IDA:BARAMULLA(DEPUTY COMMISSIONER BARAMULLAH_IDA),BARAMULLA(DEPUTY COMMISSIONER BARAMULLAH_IDA),IDA,8,2200000.0,51.5,0,0.0006,40.0
IDA:Cooch Behar(DISTRICT MAGISTRATE COOCHBEHAR_IDA),Cooch Behar(DISTRICT MAGISTRATE COOCHBEHAR_IDA),IDA,39,32035060.0,55.7,0,0.0006,40.0
IDA:WEST KARBI ANGLONG(DISTRICT COMMISSIONER WEST KARBI ANGLONG),WEST KARBI ANGLONG(DISTRICT COMMISSIONER WEST KARBI ANGLONG),IDA,8,3401202.0,51.0,1,0.0006,40.0
IDA:NANDURBAR(DISTRICT COLLECTOR NANDURBAR_IDA),NANDURBAR(DISTRICT COLLECTOR NANDURBAR_IDA),IDA,3,3197000.0,61.2,1,0.0006,40.0
IDA:CHARAIDEO(Deputy Commissioner Charaideo_IDA),CHARAIDEO(Deputy Commissioner Charaideo_IDA),IDA,39,8149156.0,54.3,1,0.0006,40.0
IDA:HINGOLI(DISTRICT COLLECTOR HINGOLI_IDA),HINGOLI(DISTRICT COLLECTOR HINGOLI_IDA),IDA,11,20427476.0,56.8,1,0.0006,40.0
IDA:YADGIR(Deputy Commsioner Yadgir_ida),YADGIR(Deputy Commsioner Yadgir_ida),IDA,11,10500000.0,55.2,1,0.0006,40.0
"IDA:UPPER SIANG(DISTRICT PLANNING OFFICER,YINGKIONG)","UPPER SIANG(DISTRICT PLANNING OFFICER,YINGKIONG)",IDA,1,2000000.0,55.4,0,0.0006,40.0
IDA:CHIRANG(Deputy Commissioner Chirang_IDA),CHIRANG(Deputy Commissioner Chirang_IDA),IDA,11,7600000.0,56.6,0,0.0012,40.0
IDA:DIBANG VALLEY(Deputy Commisioner Dibang Valley_IDA),DIBANG VALLEY(Deputy Commisioner Dibang Valley_IDA),IDA,1,1200000.0,54.1,0,0.0006,40.0
IDA:Khowai(DISTRICT MAGISTRATE and COLLECTOR  KHOWAI_IDA),Khowai(DISTRICT MAGISTRATE and COLLECTOR  KHOWAI_IDA),IDA,1,2500000.0,53.2,0,0.0006,40.0
IDA:GURUGRAM(DC CUM NODAL OFFICER MPLADS_5),GURUGRAM(DC CUM NODAL OFFICER MPLADS_5),IDA,8,9485000.0,54.3,0,0.0012,40.0
IDA:KOREA(Collector Korea_IDA),KOREA(Collector Korea_IDA),IDA,1,300000.0,54.1,0,0.0006,40.0
IDA:FATEHABAD(Deputy Commissioner Fatehabad),FATEHABAD(Deputy Commissioner Fatehabad),IDA,2,4600000.0,64.6,0,0.0006,40.0
IDA:Bapatla(DISTRICT COLLECTOR BAPATLA_IDA),Bapatla(DISTRICT COLLECTOR BAPATLA_IDA),IDA,1,1000000.0,56.4,0,0.0006,40.0
IDA:BAKSA(DEPUTY COMMISSIONER BAKSA_IDA),BAKSA(DEPUTY COMMISSIONER BAKSA_IDA),IDA,1,400000.0,54.6,0,0.0006,40.0
IDA:BAGHPAT(DISTRICT MAGISTRATE BAGHPAT_IDA),BAGHPAT(DISTRICT MAGISTRATE BAGHPAT_IDA),IDA,12,7722283.0,53.6,0,0.0006,40.0
IDA:Anoopgarh(DISTRICT COLLECTOR Anoopgarh_IDA),Anoopgarh(DISTRICT COLLECTOR Anoopgarh_IDA),IDA,2,2477799.0,57.5,0,0.0006,40.0
IDA:NORTH AND MIDDLE ANDAMAN(Implementing District Authority(N&MA)),NORTH AND MIDDLE ANDAMAN(Implementing District Authority(N&MA)),IDA,2,4996416.0,55.5,0,0.0006,40.0
IDA:CHATRA(DEPUTY COMMISSIONER CHATRA_IDA),CHATRA(DEPUTY COMMISSIONER CHATRA_IDA),IDA,1,300000.0,65.4,0,0.0006,40.0
IDA:MORENA(DISTRICT COLLECTOR MORENA_IDA),MORENA(DISTRICT COLLECTOR MORENA_IDA),IDA,1,500000.0,55.6,0,0.0006,40.0
IDA:SHAHJAHANPUR(DISTRICT MAGISTRAE SHAHJAHANAPUR_IDA),SHAHJAHANPUR(DISTRICT MAGISTRAE SHAHJAHANAPUR_IDA),IDA,4,97143000.0,52.2,0,0.0006,40.0
IDA:TAPI(District collector Tapi_IDA),TAPI(District collector Tapi_IDA),IDA,5,823500.0,57.2,1,0.0006,40.0
IDA:WASHIM(DISTRICT COLLECTOR WASHIM_IDA),WASHIM(DISTRICT COLLECTOR WASHIM_IDA),IDA,3,3300000.0,50.1,1,0.0006,40.0
IDA:JAMNAGAR(DISTRICT COLLECTOR JAMNAGAR_IDA),JAMNAGAR(DISTRICT COLLECTOR JAMNAGAR_IDA),IDA,8,4453803.0,53.2,1,0.0006,40.0
IDA:FARIDABAD(DEPUTY COMMISSIONER FARIDABAD_IDA),FARIDABAD(DEPUTY COMMISSIONER FARIDABAD_IDA),IDA,2,1437396.0,56.5,0,0.0006,40.0
IDA:KAMRUP(DEPUTY COMMISSIONER KAMRUP_IDA),KAMRUP(DEPUTY COMMISSIONER KAMRUP_IDA),IDA,8,4800000.0,51.9,1,0.0006,40.0
IDA:PERAMBALUR(DISTRICT COLLECTOR PERAMBALUR_IDA),PERAMBALUR(DISTRICT COLLECTOR PERAMBALUR_IDA),IDA,17,20935000.0,54.1,1,0.0012,40.0
IDA:RAJANNA SIRCILLA(DISTRICT COLLECTOR RAJANNA SIRCILLA_IDA),RAJANNA SIRCILLA(DISTRICT COLLECTOR RAJANNA SIRCILLA_IDA),IDA,17,3320000.0,55.1,0,0.0006,40.0
IDA:GADCHIROLI(DISTRICT COLLECTOR GADCHIROLI_IDA),GADCHIROLI(DISTRICT COLLECTOR GADCHIROLI_IDA),IDA,21,21400000.0,55.6,1,0.0006,40.0
IDA:Budgam(Deputy Commissioner  Budgam_IDA),Budgam(Deputy Commissioner  Budgam_IDA),IDA,7,6267189.0,51.3,0,0.0012,40.0
IDA:PEREN(Deputy Commissioner Peren_IDA),PEREN(Deputy Commissioner Peren_IDA),IDA,2,250000.0,69.5,0,0.0006,40.0
IDA:Dhalai(DISTRICT MAGISTRATE DHALAI_IDA),Dhalai(DISTRICT MAGISTRATE DHALAI_IDA),IDA,3,11479250.0,62.0,1,0.0006,40.0
IDA:HANUMAKONDA(DISTRICT COLLECTOR HANUMAKONDA_IDA),HANUMAKONDA(DISTRICT COLLECTOR HANUMAKONDA_IDA),IDA,50,19550696.0,29.8,2,0.0012,30.0
IDA:Narayanpet(DISTRICT COLLECTOR NARAYANPET_IDA),Narayanpet(DISTRICT COLLECTOR NARAYANPET_IDA),IDA,30,8150000.0,41.3,3,0.0006,30.0
IDA:KURUKSHETRA(DEPUTY COMMISSIONER KURUKSHETRA_IDA),KURUKSHETRA(DEPUTY COMMISSIONER KURUKSHETRA_IDA),IDA,66,19268464.0,25.1,4,0.0006,30.0
IDA:KARUR(DISTRICT COLLECTOR KARUR_IDA),KARUR(DISTRICT COLLECTOR KARUR_IDA),IDA,34,21675532.0,37.5,3,0.0012,30.0
"IDA:EAST KHASI HILLS(Deputy Commissioner, East Khasi Hills District)","EAST KHASI HILLS(Deputy Commissioner, East Khasi Hills District)",IDA,29,14250000.0,44.4,3,0.0006,30.0
IDA:MURSHIDABAD(DISTRICT MAGISTRATE MURSHIDABAD_IDA),MURSHIDABAD(DISTRICT MAGISTRATE MURSHIDABAD_IDA),IDA,228,49817626.0,41.7,2,0.0025,30.0
IDA:RAIGAD(DISTRICT COLLECTOR RAIGAD_IDA),RAIGAD(DISTRICT COLLECTOR RAIGAD_IDA),IDA,33,49065575.0,46.0,4,0.0012,30.0
IDA:BHIWANI(DC Cum Nodal Officer MPLADS Bhiwani),BHIWANI(DC Cum Nodal Officer MPLADS Bhiwani),IDA,23,7919617.0,39.8,4,0.0012,30.0
IDA:NORTH(COMMISSIONER MCD NORTH_IDA),NORTH(COMMISSIONER MCD NORTH_IDA),IDA,19,10714698.0,25.7,2,0.0006,30.0
IDA:Ananthapuramu(DISTRICT COLLECTOR ANANTAPUR_IDA),Ananthapuramu(DISTRICT COLLECTOR ANANTAPUR_IDA),IDA,45,39966186.0,27.4,4,0.0012,30.0
IDA:FATEHGARH SAHIB(DEPUTY COMMISSIONER FATEHGARH SAHIB_IDA),FATEHGARH SAHIB(DEPUTY COMMISSIONER FATEHGARH SAHIB_IDA),IDA,21,3755193.0,29.0,4,0.0006,30.0
IDA:WEST JAINTIA HILLS(DEPUTY COMMISSIONER WEST JAINTIA HILLS JOWAI_IDA),WEST JAINTIA HILLS(DEPUTY COMMISSIONER WEST JAINTIA HILLS JOWAI_IDA),IDA,13,5600000.0,48.3,2,0.0006,30.0
IDA:JIND(DEPUTY COMMISSIONER JIND),JIND(DEPUTY COMMISSIONER JIND),IDA,26,20055276.0,33.3,2,0.0018,30.0
IDA:RAJNANDGAON(DISTRICT COLLECTOR RAJNANDGAON_IDA),RAJNANDGAON(DISTRICT COLLECTOR RAJNANDGAON_IDA),IDA,13,5139888.0,28.8,2,0.0006,30.0
IDA:KORAPUT(District Collector Koraput_IDA),KORAPUT(District Collector Koraput_IDA),IDA,24,9197405.0,43.0,2,0.0012,30.0
IDA:Kataka(DISTRICT COLLECTOR CUTTACK_IDA),Kataka(DISTRICT COLLECTOR CUTTACK_IDA),IDA,60,17648000.0,25.8,3,0.0012,30.0
IDA:BALOD(Collector Balod_IDA),BALOD(Collector Balod_IDA),IDA,11,6363200.0,36.8,2,0.0006,30.0
IDA:YAMUNANAGAR(Deputy Commissioner YamunaNagar_IDA),YAMUNANAGAR(Deputy Commissioner YamunaNagar_IDA),IDA,20,5671000.0,34.1,2,0.0006,30.0
IDA:MAHABUBABAD(DISTRICT COLLECTOR MAHABUBABAD_IDA),MAHABUBABAD(DISTRICT COLLECTOR MAHABUBABAD_IDA),IDA,36,14125222.0,48.4,3,0.0012,30.0
IDA:KHAMMAM(DISTRICT COLLECTOR KHAMMAM_IDA),KHAMMAM(DISTRICT COLLECTOR KHAMMAM_IDA),IDA,46,17939146.0,29.1,3,0.0006,30.0
IDA:CENTRAL(COMMISSIONER MCD (CENTRAL DISTRICT)),CENTRAL(COMMISSIONER MCD (CENTRAL DISTRICT)),IDA,14,8688176.0,39.3,4,0.0018,30.0
IDA:KOPPAL(DEPUTY COMMISSIONER KOPPAL_IDA),KOPPAL(DEPUTY COMMISSIONER KOPPAL_IDA),IDA,73,39547382.0,41.4,4,0.0006,30.0
IDA:MAHABUBNAGAR(DISTRICT COLLECTOR MAHABUBNAGAR_3),MAHABUBNAGAR(DISTRICT COLLECTOR MAHABUBNAGAR_3),IDA,38,11905687.0,29.4,3,0.0012,30.0
IDA:Sri Potti Sriramulu Nellore(DISTRICT COLLECTOR NELLORE_IDA),Sri Potti Sriramulu Nellore(DISTRICT COLLECTOR NELLORE_IDA),IDA,87,48599620.0,18.2,2,0.0012,30.0
IDA:SURENDRANAGAR(DISTRICT COLLECTOR SURENDRANAGAR_IDA),SURENDRANAGAR(DISTRICT COLLECTOR SURENDRANAGAR_IDA),IDA,49,24725299.0,32.7,2,0.0006,30.0
IDA:Nirmal(DISTRICT COLLECTOR NIRMAL_3),Nirmal(DISTRICT COLLECTOR NIRMAL_3),IDA,48,13445000.0,36.7,2,0.0006,30.0
IDA:SANGRUR(DEPUTY COMMISSIONER SANGRUR_IDA),SANGRUR(DEPUTY COMMISSIONER SANGRUR_IDA),IDA,6,1450000.0,41.3,2,0.0006,30.0
IDA:BHADRAK(DISTRICT COLLECTOR BHADRAK_IDA),BHADRAK(DISTRICT COLLECTOR BHADRAK_IDA),IDA,28,13100000.0,43.3,2,0.0006,30.0
IDA:JALPAIGURI(DISTRICT MAGISTRATE JALPAIGURI_IDA),JALPAIGURI(DISTRICT MAGISTRATE JALPAIGURI_IDA),IDA,5,8257652.0,45.7,2,0.0006,30.0
IDA:GANDHINAGAR(DISTRICT COLLECTOR GANDHINAGAR_IDA),GANDHINAGAR(DISTRICT COLLECTOR GANDHINAGAR_IDA),IDA,92,36077192.0,37.4,4,0.0018,30.0
IDA:FATEHPUR(DISTRICT MAGISTRATE FATEHPUR_IDA),FATEHPUR(DISTRICT MAGISTRATE FATEHPUR_IDA),IDA,37,39935251.0,34.3,3,0.0006,30.0
IDA:AMRELI(DISTRICT COLLECTOR AMRELI_IDA),AMRELI(DISTRICT COLLECTOR AMRELI_IDA),IDA,95,35153475.0,34.5,3,0.0006,30.0
IDA:DHARWAD(DEPUTY COMMISSIONER DHARWAR_IDA),DHARWAD(DEPUTY COMMISSIONER DHARWAR_IDA),IDA,24,11770363.0,34.0,3,0.0012,30.0
IDA:Charkhi Dadri(Deputy Commissioner Charkhi Dadri_IDA),Charkhi Dadri(Deputy Commissioner Charkhi Dadri_IDA),IDA,9,1710440.0,47.4,3,0.0006,30.0
IDA:SOUTH SALMARA MANCACHAR(Deputy Commissioner South Salmara Mankachar_IDA),SOUTH SALMARA MANCACHAR(Deputy Commissioner South Salmara Mankachar_IDA),IDA,8,4300000.0,48.6,2,0.0006,30.0
IDA:JANJGIR-CHAMPA(DISTRICT COLLECTOR JANJGIR CHAMPA_IDA),JANJGIR-CHAMPA(DISTRICT COLLECTOR JANJGIR CHAMPA_IDA),IDA,19,15250491.0,23.6,3,0.0006,30.0
IDA:KACHCHH(DISTRICT COLLECTOR KUTCH_IDA),KACHCHH(DISTRICT COLLECTOR KUTCH_IDA),IDA,75,30006195.0,39.4,2,0.0006,30.0
IDA:KATHUA(DISTRICT DEVELOPMENT COMMISSIONER KATHUA_IDA),KATHUA(DISTRICT DEVELOPMENT COMMISSIONER KATHUA_IDA),IDA,111,21491250.0,26.4,2,0.0006,30.0
IDA:THIRUVALLUR(DISTRICT COLLECTOR TIRUVALLUR_IDA),THIRUVALLUR(DISTRICT COLLECTOR TIRUVALLUR_IDA),IDA,93,55529092.0,26.8,4,0.0018,30.0
IDA:RUPNAGAR(DEPUTY COMMISSIONER ROOPNAGAR_IDA),RUPNAGAR(DEPUTY COMMISSIONER ROOPNAGAR_IDA),IDA,51,23249589.0,24.2,4,0.0006,30.0
IDA:ALWAR(DISTRICT COLLECTOR ALWAR_IDA),ALWAR(DISTRICT COLLECTOR ALWAR_IDA),IDA,63,55914434.1,29.6,2,0.0012,30.0
IDA:DEWAS(DISTRICT COLLECTOR DEWAS_IDA),DEWAS(DISTRICT COLLECTOR DEWAS_IDA),IDA,17,12850000.0,43.2,3,0.0018,30.0
IDA:Puducherry(PROJECT DIRECTOR RDA PUDUCHERRY_IDA),Puducherry(PROJECT DIRECTOR RDA PUDUCHERRY_IDA),IDA,17,31683559.0,41.4,3,0.0006,30.0
IDA:TIRUVANNAMALAI(DISTRICT COLLECTOR TIRUVANNAMALAI_IDA),TIRUVANNAMALAI(DISTRICT COLLECTOR TIRUVANNAMALAI_IDA),IDA,195,89764811.0,26.5,2,0.0012,30.0
IDA:PRAYAGRAJ(DISTRICT MAGISTRAE ALLAHABAD_IDA),PRAYAGRAJ(DISTRICT MAGISTRAE ALLAHABAD_IDA),IDA,153,55556499.0,34.4,3,0.0025,30.0
IDA:RAIPUR(DISTRICT COLLECTOR RAIPUR_IDA),RAIPUR(DISTRICT COLLECTOR RAIPUR_IDA),IDA,54,37340636.0,32.9,4,0.0006,30.0
IDA:CHITTOOR(DISTRICT COLLECTOR CHITTOOR_IDA),CHITTOOR(DISTRICT COLLECTOR CHITTOOR_IDA),IDA,158,59684370.0,22.5,4,0.0012,30.0
IDA:JALNA(DISTRICT COLLECTOR JALNA_IDA),JALNA(DISTRICT COLLECTOR JALNA_IDA),IDA,37,34391000.0,34.7,2,0.0012,30.0
IDA:SHIVPURI(District Collector Shivpuri_IDA),SHIVPURI(District Collector Shivpuri_IDA),IDA,20,18034764.0,27.8,4,0.0006,30.0
IDA:IDUKKI(DISTRICT COLLECTOR IDUKKI_IDA),IDUKKI(DISTRICT COLLECTOR IDUKKI_IDA),IDA,54,56506886.0,37.3,2,0.0006,30.0
IDA:RAJKOT(DISTRICT COLLECTOR RAJKOT_IDA),RAJKOT(DISTRICT COLLECTOR RAJKOT_IDA),IDA,99,37704350.0,30.7,3,0.0012,30.0
IDA:ROHTAK(DEPUTY COMMISSIONER ROHTAK_IDA),ROHTAK(DEPUTY COMMISSIONER ROHTAK_IDA),IDA,26,17812620.0,45.7,4,0.0006,30.0
IDA:SONIPAT(DEPUTY COMMISSIONER SONEPAT_IDA),SONIPAT(DEPUTY COMMISSIONER SONEPAT_IDA),IDA,18,11651000.0,44.0,2,0.0006,30.0
IDA:SIDHI(DISTRICT COLLECTOR SIDHI_IDA),SIDHI(DISTRICT COLLECTOR SIDHI_IDA),IDA,118,41925955.0,35.4,3,0.0006,30.0
IDA:Bengaluru South(DEPUTY COMMISSIONER RAMANAGARA_IDA),Bengaluru South(DEPUTY COMMISSIONER RAMANAGARA_IDA),IDA,76,35892116.0,39.9,3,0.0012,30.0
IDA:BUXAR(DISTRICT PLANNING OFFICER BUXAR_IDA),BUXAR(DISTRICT PLANNING OFFICER BUXAR_IDA),IDA,20,22885096.0,39.7,2,0.0006,30.0
IDA:GIRIDIH(Deputy Commissioner Giridh_IDA),GIRIDIH(Deputy Commissioner Giridh_IDA),IDA,111,25704174.0,38.6,2,0.0012,30.0
IDA:MAMIT(DEPUTY COMMISSIONER MAMIT),MAMIT(DEPUTY COMMISSIONER MAMIT),IDA,34,17440000.0,30.7,2,0.0006,30.0
IDA:SURGUJA(Collector Surguja_IDA),SURGUJA(Collector Surguja_IDA),IDA,71,22922984.0,22.1,4,0.0006,30.0
IDA:NADIA(DISTRICT MAGISTRATE NADIA_IDA),NADIA(DISTRICT MAGISTRATE NADIA_IDA),IDA,160,116833066.0,32.8,4,0.0018,30.0
IDA:JORHAT(DEPUTY COMMISSIONER JORHAT_IDA),JORHAT(DEPUTY COMMISSIONER JORHAT_IDA),IDA,64,14000000.0,42.9,3,0.0006,30.0
IDA:KOTTAYAM(DISTRICT COLLECTOR KOTTAYAM_IDA),KOTTAYAM(DISTRICT COLLECTOR KOTTAYAM_IDA),IDA,116,45476437.0,37.3,4,0.0018,30.0
IDA:AMRAVATI(DISTRICT COLLECTOR AMRAVATI_IDA),AMRAVATI(DISTRICT COLLECTOR AMRAVATI_IDA),IDA,65,69963000.0,37.7,4,0.0006,30.0
IDA:Ahmedabad(DISTRICT COLLECTOR AHMADABAD_IDA),Ahmedabad(DISTRICT COLLECTOR AHMADABAD_IDA),IDA,89,51234198.0,31.6,2,0.0031,30.0
IDA:SURAT(DISTRICT COLLECTOR SURAT_IDA),SURAT(DISTRICT COLLECTOR SURAT_IDA),IDA,138,39331659.0,29.8,2,0.0018,30.0
IDA:Tirupati(DISTRICT COLLECTOR TIRUPATI_IDA),Tirupati(DISTRICT COLLECTOR TIRUPATI_IDA),IDA,127,39182035.0,19.8,4,0.0012,30.0
IDA:YADADRI BHUVANAGIRI(DISTRICT COLLECTOR YADADRI BHUVANAGIRI_IDA),YADADRI BHUVANAGIRI(DISTRICT COLLECTOR YADADRI BHUVANAGIRI_IDA),IDA,149,12555000.0,30.0,4,0.0006,30.0
IDA:KAIMUR (BHABUA)(DISTRICT PLANNING OFFICER KAIMUR BHABUA_IDA),KAIMUR (BHABUA)(DISTRICT PLANNING OFFICER KAIMUR BHABUA_IDA),IDA,81,67390644.0,29.3,2,0.0012,30.0
IDA:KULLU(DEPUTY COMMISSIONER KULLU_IDA),KULLU(DEPUTY COMMISSIONER KULLU_IDA),IDA,12,8693740.0,37.8,1,0.0006,15.0
IDA:SAMBA(Deputy Commissioner Samba_IDA),SAMBA(Deputy Commissioner Samba_IDA),IDA,2,645500.0,23.0,0,0.0006,15.0
IDA:SIMDEGA(Deputy Commissioner simdega_IDA),SIMDEGA(Deputy Commissioner simdega_IDA),IDA,18,11500000.0,29.9,0,0.0006,15.0
IDA:MANDI(DEPUTY COMMISSIONER MANDI_IDA),MANDI(DEPUTY COMMISSIONER MANDI_IDA),IDA,80,18688344.0,28.8,1,0.0006,15.0
IDA:NABARANGPUR(DISTRICT COLLECTOR NABARANGPUR_IDA),NABARANGPUR(DISTRICT COLLECTOR NABARANGPUR_IDA),IDA,59,21149652.0,27.2,1,0.0006,15.0
IDA:SARAN(DISTRICT PLANNING OFFICE SARAN CHAPRA_IDA),SARAN(DISTRICT PLANNING OFFICE SARAN CHAPRA_IDA),IDA,6,12000000.0,17.4,0,0.0006,15.0
IDA:DIBRUGARH(DEPUTY COMMISSIONER DIBRUGARH_IDA),DIBRUGARH(DEPUTY COMMISSIONER DIBRUGARH_IDA),IDA,12,10500000.0,49.4,1,0.0006,15.0
IDA:NAMSAI(Deputy Commisioner Namsai_IDA),NAMSAI(Deputy Commisioner Namsai_IDA),IDA,8,6495613.0,12.9,0,0.0006,15.0
IDA:Shahid Bhagat Singh Nagar(Deputy Commissioner Shahid Bhagat Singh Nagar_ida),Shahid Bhagat Singh Nagar(Deputy Commissioner Shahid Bhagat Singh Nagar_ida),IDA,41,16041741.0,22.1,0,0.0006,15.0
IDA:KRISHNAGIRI(DISTRICT COLLECTOR KRISHNAGIRI_IDA),KRISHNAGIRI(DISTRICT COLLECTOR KRISHNAGIRI_IDA),IDA,43,37274009.0,20.2,1,0.0006,15.0
IDA:BHARATPUR(DISTRICT COLLECTOR BHARATPUR_IDA),BHARATPUR(DISTRICT COLLECTOR BHARATPUR_IDA),IDA,34,15378620.0,32.4,0,0.0006,15.0
IDA:Kotputli-Behror(DISTRICT COLLECTOR Kotputli Behror_IDA),Kotputli-Behror(DISTRICT COLLECTOR Kotputli Behror_IDA),IDA,2,2500000.0,27.2,0,0.0012,15.0
IDA:KARBI ANGLONG(DEPUTY COMMISSIONER KARBI ANGLONG_IDA),KARBI ANGLONG(DEPUTY COMMISSIONER KARBI ANGLONG_IDA),IDA,42,38882540.0,27.6,0,0.0006,15.0
IDA:PANIPAT(DC CUM NODAL OFFICER MPLADS),PANIPAT(DC CUM NODAL OFFICER MPLADS),IDA,5,9122972.0,43.0,0,0.0006,15.0
IDA:Sepahijala(DISTRICT MAGISTRATE and COLLECTOR SIPAHIJALA_IDA),Sepahijala(DISTRICT MAGISTRATE and COLLECTOR SIPAHIJALA_IDA),IDA,3,27701250.0,39.3,0,0.0006,15.0
IDA:PATNA(DISTRICT PLANNING OFFICER PATNA_IDA),PATNA(DISTRICT PLANNING OFFICER PATNA_IDA),IDA,48,37399974.0,18.1,0,0.0006,15.0
IDA:KOTA(DISTRICT COLLECTOR KOTA_IDA),KOTA(DISTRICT COLLECTOR KOTA_IDA),IDA,16,13595169.0,28.5,0,0.0006,15.0
IDA:BANDA(DISTRICT MAGISTRATE BANDA_IDA),BANDA(DISTRICT MAGISTRATE BANDA_IDA),IDA,152,41354712.12000001,26.0,0,0.0012,15.0
IDA:NARMADA(DISTRICT COLLECTOR NARMADA_IDA),NARMADA(DISTRICT COLLECTOR NARMADA_IDA),IDA,18,4721043.0,27.7,0,0.0006,15.0
IDA:BULANDSHAHR(DISTRICT MAGISTRATE BULANDSHAHR_IDA),BULANDSHAHR(DISTRICT MAGISTRATE BULANDSHAHR_IDA),IDA,73,67757685.0,15.6,0,0.0012,15.0
IDA:Jaipur Gramin(DISTRICT COLLECTOR Jaipur Gramin_IDA),Jaipur Gramin(DISTRICT COLLECTOR Jaipur Gramin_IDA),IDA,2,3000000.0,31.9,0,0.0012,15.0
IDA:Jajpur(DISTRICT COLLECTOR JAJPUR_IDA),Jajpur(DISTRICT COLLECTOR JAJPUR_IDA),IDA,7,1650000.0,31.1,0,0.0006,15.0
IDA:MAYURBHANJ(DISTRICT COLLECTOR MAYURBHANJ_IDA),MAYURBHANJ(DISTRICT COLLECTOR MAYURBHANJ_IDA),IDA,62,31600000.0,42.8,1,0.0012,15.0
IDA:Deeg(DISTRICT COLLECTOR Deeg_IDA),Deeg(DISTRICT COLLECTOR Deeg_IDA),IDA,16,6949858.0,34.9,0,0.0006,15.0
IDA:MALKANGIRI(District Collector Malkangiri_IDA),MALKANGIRI(District Collector Malkangiri_IDA),IDA,7,4000000.0,49.0,0,0.0006,15.0
IDA:ALMORA(DISTRICT MAGISTRATE ALMORA_IDA),ALMORA(DISTRICT MAGISTRATE ALMORA_IDA),IDA,2,1500000.0,46.2,0,0.0006,15.0
IDA:NAVSARI(DISTRICT COLLECTOR NAVSARI_IDA),NAVSARI(DISTRICT COLLECTOR NAVSARI_IDA),IDA,206,48469976.0,21.0,0,0.0012,15.0
IDA:NAGARKURNOOL(DISTRICT COLLECTOR NAGARKURNOOL_IDA),NAGARKURNOOL(DISTRICT COLLECTOR NAGARKURNOOL_IDA),IDA,11,4097187.0,14.8,0,0.0012,15.0
IDA:EAST SIANG(Deputy Commisioner East Siang_IDA),EAST SIANG(Deputy Commisioner East Siang_IDA),IDA,18,17800000.0,33.0,0,0.0006,15.0
IDA:DAMOH(DISTRICT COLLECTOR DAMOH_IDA),DAMOH(DISTRICT COLLECTOR DAMOH_IDA),IDA,76,23290670.0,15.4,0,0.0006,15.0
IDA:CHANDAULI(DISTRICT MAGISTRATE CHANDAULI_IDA),CHANDAULI(DISTRICT MAGISTRATE CHANDAULI_IDA),IDA,98,39928269.0,15.0,0,0.0012,15.0
IDA:MORADABAD(DISTRICT MAGISTRATE MORADABAD_IDA),MORADABAD(DISTRICT MAGISTRATE MORADABAD_IDA),IDA,75,17318520.0,20.4,0,0.0006,15.0
IDA:SONBHADRA(DISTRICT MAGISTRATE SONBHADRA_IDA),SONBHADRA(DISTRICT MAGISTRATE SONBHADRA_IDA),IDA,93,30645890.0,46.2,0,0.0006,15.0
IDA:BOKARO(DEPUTY COMMISSIONER BOKARO_IDA),BOKARO(DEPUTY COMMISSIONER BOKARO_IDA),IDA,372,22990000.0,31.4,0,0.0006,15.0
IDA:Balotra(DISTRICT COLLECTOR Balotra_IDA),Balotra(DISTRICT COLLECTOR Balotra_IDA),IDA,43,20335765.0,26.3,1,0.0006,15.0
IDA:KOLKATA(COMMISSIONER KOLKATA MUNICIPAL CORPORATION_IDA),KOLKATA(COMMISSIONER KOLKATA MUNICIPAL CORPORATION_IDA),IDA,85,97409509.0,27.5,0,0.0025,15.0
IDA:Salumbar(DISTRICT COLLECTOR Salumbar_IDA),Salumbar(DISTRICT COLLECTOR Salumbar_IDA),IDA,3,1793000.0,48.1,1,0.0006,15.0
IDA:West Tripura(DISTRICT MAGISTRATE WEST TRIPURA_IDA),West Tripura(DISTRICT MAGISTRATE WEST TRIPURA_IDA),IDA,4,16898444.0,40.4,0,0.0006,15.0
IDA:Khairthal-Tijara(DISTRICT COLLECTOR KHAIRTHAL TIJARA_IDA),Khairthal-Tijara(DISTRICT COLLECTOR KHAIRTHAL TIJARA_IDA),IDA,5,6713652.0,36.4,0,0.0006,15.0
IDA:DHAMTARI(DISTRICT COLLECTOR DHAMTARI_IDA),DHAMTARI(DISTRICT COLLECTOR DHAMTARI_IDA),IDA,9,7098424.0,26.9,0,0.0012,15.0
IDA:PRAKASAM(DISTRICT COLLECTOR PRAKASAM_IDA),PRAKASAM(DISTRICT COLLECTOR PRAKASAM_IDA),IDA,7,5085400.0,37.4,0,0.0012,15.0
IDA:Shahpura(DISTRICT COLLECTOR Shahpura_IDA),Shahpura(DISTRICT COLLECTOR Shahpura_IDA),IDA,54,23690182.0,25.5,0,0.0006,15.0
IDA:RATLAM(District Collector Ratlam_IDA),RATLAM(District Collector Ratlam_IDA),IDA,36,19892120.0,28.3,0,0.0012,15.0
IDA:DHEMAJI(DEPUTY COMMISSIONER DHEMAJI_IDA),DHEMAJI(DEPUTY COMMISSIONER DHEMAJI_IDA),IDA,38,23950000.0,40.8,0,0.0006,15.0
IDA:THIRUVANANTHAPURAM(DISTRICT COLLECTOR THIRUVANANTHAPURAM_IDA),THIRUVANANTHAPURAM(DISTRICT COLLECTOR THIRUVANANTHAPURAM_IDA),IDA,180,64527443.0,33.0,1,0.0012,15.0
IDA:DINDIGUL(DISTRICT COLLECTOR DINDIGUL_IDA),DINDIGUL(DISTRICT COLLECTOR DINDIGUL_IDA),IDA,37,49194835.0,37.1,1,0.0012,15.0
IDA:BISHNUPUR(Deputy Commissioner Bishnupur_ida),BISHNUPUR(Deputy Commissioner Bishnupur_ida),IDA,4,10000000.0,22.4,0,0.0012,15.0
IDA:DEOGHAR(DEPUTY COMMISSIONER DEOGHAR_IDA),DEOGHAR(DEPUTY COMMISSIONER DEOGHAR_IDA),IDA,21,7785510.0,30.2,0,0.0012,15.0
IDA:MALERKOTLA(Deputy Commissioner Malerkotla_IDA),MALERKOTLA(Deputy Commissioner Malerkotla_IDA),IDA,4,3396215.0,25.0,0,0.0012,15.0
IDA:MADHEPURA(DISTRICT PLANNING OFFICER MADHEPURA_IDA),MADHEPURA(DISTRICT PLANNING OFFICER MADHEPURA_IDA),IDA,2,2846625.0,26.2,0,0.0012,15.0
IDA:SIRSA(DEPUTY COMMISSIONER SIRSA_IDA),SIRSA(DEPUTY COMMISSIONER SIRSA_IDA),IDA,5,4529844.0,27.3,0,0.0006,15.0
IDA:LONGDING(Deputy Commisioner Longding_IDA),LONGDING(Deputy Commisioner Longding_IDA),IDA,3,3000000.0,12.9,0,0.0006,15.0
IDA:VIZIANAGARAM(DISTRICT COLLECTOR VIZIANAGARAM_IDA),VIZIANAGARAM(DISTRICT COLLECTOR VIZIANAGARAM_IDA),IDA,37,22331649.0,17.7,0,0.0006,15.0
IDA:Vijayanagara(DEPUTY COMMISSIONER VIJAYANAGARA_IDA),Vijayanagara(DEPUTY COMMISSIONER VIJAYANAGARA_IDA),IDA,5,9600000.0,47.1,1,0.0012,15.0
IDA:LOWER DIBANG VALLEY(Deputy Commisioner Lower Dibang Valley_IDA),LOWER DIBANG VALLEY(Deputy Commisioner Lower Dibang Valley_IDA),IDA,7,8100000.0,20.4,0,0.0006,15.0
IDA:SIANG(Deputy Commisioner Siang_IDA),SIANG(Deputy Commisioner Siang_IDA),IDA,2,2000000.0,30.8,0,0.0006,15.0
IDA:KATNI(District Collector Katni_IDA),KATNI(District Collector Katni_IDA),IDA,2,1300000.0,21.0,0,0.0006,15.0
IDA:TIRAP(DEPUTY COMMISSIONER TIRAP_IDA),TIRAP(DEPUTY COMMISSIONER TIRAP_IDA),IDA,1,1000000.0,12.9,0,0.0006,15.0
IDA:WANAPARTHY(DISTRICT COLLECTOR WANAPARTHY_IDA),WANAPARTHY(DISTRICT COLLECTOR WANAPARTHY_IDA),IDA,8,13899512.0,22.1,0,0.0012,15.0
IDA:UNNAO(DISTRICT MAGIISTRATE UNNAO_IDA),UNNAO(DISTRICT MAGIISTRATE UNNAO_IDA),IDA,49,52072908.0,25.9,0,0.0006,15.0
IDA:RANCHI(DEPUTY COMMISSIONER RANCHI_IDA),RANCHI(DEPUTY COMMISSIONER RANCHI_IDA),IDA,100,78784100.0,26.6,0,0.0018,15.0
IDA:Dr. B.R. Ambedkar Konaseema(DISTRICT COLLECTOR Dr B R AMBEDKAR KONASEEMA_IDA),Dr. B.R. Ambedkar Konaseema(DISTRICT COLLECTOR Dr B R AMBEDKAR KONASEEMA_IDA),IDA,15,35966597.0,23.6,0,0.0006,15.0
IDA:Dangs(DISTRICT COLLECTOR DANG_IDA),Dangs(DISTRICT COLLECTOR DANG_IDA),IDA,9,6078565.0,38.1,0,0.0006,15.0
IDA:VALSAD(DISTRICT COLLECTOR VALSAD_IDA),VALSAD(DISTRICT COLLECTOR VALSAD_IDA),IDA,37,17268574.0,16.8,0,0.0006,15.0
IDA:Mahisagar(COLLECTOR MAHISAGAR_IDA),Mahisagar(COLLECTOR MAHISAGAR_IDA),IDA,35,5550000.0,35.9,1,0.0012,15.0
IDA:KALLAKURICHI(District Collector Kallakurichi_IDA),KALLAKURICHI(District Collector Kallakurichi_IDA),IDA,49,41165651.0,19.0,0,0.0012,15.0
IDA:Balrampur-Ramanujganj(District Collector BALRAMPUR_IDA),Balrampur-Ramanujganj(District Collector BALRAMPUR_IDA),IDA,19,15942146.0,40.5,0,0.0006,15.0
IDA:LOHIT(DEPUTY COMMISSIONER LOHIT_IDA),LOHIT(DEPUTY COMMISSIONER LOHIT_IDA),IDA,3,2600000.0,34.2,0,0.0006,15.0
IDA:ANANTNAG(DEPUTY COMMISSIONER ANANTNAG_IDA),ANANTNAG(DEPUTY COMMISSIONER ANANTNAG_IDA),IDA,5,16869900.0,42.4,0,0.0006,15.0
IDA:ANJAW(Deputy Commisioner Anjaw_IDA),ANJAW(Deputy Commisioner Anjaw_IDA),IDA,2,4000000.0,35.5,0,0.0006,15.0
IDA:JHABUA(DISTRICT COLLECTOR JHABUA_IDA),JHABUA(DISTRICT COLLECTOR JHABUA_IDA),IDA,22,12482389.0,21.6,0,0.0006,15.0
IDA:BHOJPUR(DISTRICT PLANNING OFFICER BHOJPUR ARRAH_IDA),BHOJPUR(DISTRICT PLANNING OFFICER BHOJPUR ARRAH_IDA),IDA,7,8545137.0,40.2,0,0.0006,15.0
IDA:SOUTH ANDAMANS(Implementing District Authority(SA)),SOUTH ANDAMANS(Implementing District Authority(SA)),IDA,5,13735928.0,47.9,0,0.0006,15.0
IDA:CHURU(DISTRICT COLLECTOR CHURU_IDA),CHURU(DISTRICT COLLECTOR CHURU_IDA),IDA,45,43296130.0,30.0,0,0.0006,15.0
IDA:SAKTI(COLLECTOR SAKTI_IDA),SAKTI(COLLECTOR SAKTI_IDA),IDA,40,32118740.0,17.0,1,0.0006,15.0
IDA:PURBI CHAMPARAN(DISTRICT PLANNING OFFICER MOTHIHARI EAST CHAMPARAN_IDA),PURBI CHAMPARAN(DISTRICT PLANNING OFFICER MOTHIHARI EAST CHAMPARAN_IDA),IDA,43,47042670.0,30.1,1,0.0012,15.0
IDA:GANDERBAL(Deputy Commissioner Ganderbal_IDA),GANDERBAL(Deputy Commissioner Ganderbal_IDA),IDA,2,365998.0,35.9,0,0.0006,15.0
IDA:Tirupathur(District Collector Tirupathur_IDA),Tirupathur(District Collector Tirupathur_IDA),IDA,36,18972307.0,35.9,1,0.0006,15.0
IDA:Mulugu(District Collector Mulugu_ida),Mulugu(District Collector Mulugu_ida),IDA,1,499000.0,21.9,0,0.0006,15.0
IDA:SINDHUDURG(DISTRICT COLLECTOR SINDHUDURG_IDA),SINDHUDURG(DISTRICT COLLECTOR SINDHUDURG_IDA),IDA,17,16028433.0,43.4,1,0.0006,15.0
IDA:REWARI(District Commissioner Rewari),REWARI(District Commissioner Rewari),IDA,12,13107691.0,27.9,0,0.0025,15.0
IDA:LALITPUR(DISTRICT MAGISTRATE LALITPUR_IDA),LALITPUR(DISTRICT MAGISTRATE LALITPUR_IDA),IDA,36,20002028.0,13.1,0,0.0006,15.0
IDA:PARBHANI(DISTRICT COLLECTOR PARBHANI_IDA),PARBHANI(DISTRICT COLLECTOR PARBHANI_IDA),IDA,34,30867977.0,23.3,0,0.0006,15.0
IDA:LOHARDAGA(DEPUTY COMMISSIONER LOHARDAGA_IDA),LOHARDAGA(DEPUTY COMMISSIONER LOHARDAGA_IDA),IDA,42,18972600.0,28.7,0,0.0006,15.0
IDA:GUMLA(DEPUTY COMMISSIONER GUMLA_IDA),GUMLA(DEPUTY COMMISSIONER GUMLA_IDA),IDA,39,19236065.0,30.3,1,0.0006,15.0
IDA:KALIMPONG(District Magistrate Kalimpong_IDA),KALIMPONG(District Magistrate Kalimpong_IDA),IDA,25,13138507.0,38.6,0,0.0006,15.0
IDA:MIRZAPUR(DISTRICT MAGISTRATE MIRZAPUR_IDA),MIRZAPUR(DISTRICT MAGISTRATE MIRZAPUR_IDA),IDA,2,7543000.0,45.6,0,0.0006,15.0
IDA:BHADRADRI KOTHAGUDEM(District Collector Bhadradri Ktdm_IDA),BHADRADRI KOTHAGUDEM(District Collector Bhadradri Ktdm_IDA),IDA,2,999000.0,16.4,0,0.0012,15.0
IDA:MANCHERIAL(District Collector Mancherial_IDA),MANCHERIAL(District Collector Mancherial_IDA),IDA,4,5850000.0,27.7,0,0.0006,15.0
IDA:BEGUSARAI(DISTRICT PLANNING OFFICER BEGUSARAI_IDA),BEGUSARAI(DISTRICT PLANNING OFFICER BEGUSARAI_IDA),IDA,30,39205522.0,24.5,0,0.0006,15.0
IDA:KUPWARA(Deputy Commissioner Kupwara_IDA),KUPWARA(Deputy Commissioner Kupwara_IDA),IDA,10,4949431.0,32.4,1,0.0006,15.0
IDA:JAMTARA(Deputy Commissioner Jamtara_IDA),JAMTARA(Deputy Commissioner Jamtara_IDA),IDA,79,22200000.0,31.9,0,0.0006,15.0
IDA:PALI(DISTRICT COLLECTOR PALI_IDA),PALI(DISTRICT COLLECTOR PALI_IDA),IDA,8,8155790.0,29.9,0,0.0006,15.0
IDA:ARARIA(DISTRICT PLANNING OFFICER ARARIA_IDA),ARARIA(DISTRICT PLANNING OFFICER ARARIA_IDA),IDA,26,62323127.0,19.4,0,0.0006,15.0
IDA:Uttarkashi(DISTRICT COLLECTOR UTTARKASHI_IDA),Uttarkashi(DISTRICT COLLECTOR UTTARKASHI_IDA),IDA,1,198692.0,33.5,0,0.0006,15.0
IDA:Dakshin Dinajpur(DISTRICT MAGISTRATE DINAJPUR DAKSHIN_IDA),Dakshin Dinajpur(DISTRICT MAGISTRATE DINAJPUR DAKSHIN_IDA),IDA,79,40133854.0,17.9,0,0.0006,15.0
IDA:SHAMLI(DISTRICT MAGISTRATE SHAMLI_IDA),SHAMLI(DISTRICT MAGISTRATE SHAMLI_IDA),IDA,7,9688973.0,40.2,1,0.0006,15.0
IDA:NUH(Deputy Commissioner Nuh),NUH(Deputy Commissioner Nuh),IDA,1,322000.0,42.1,0,0.0006,15.0
IDA:SHOPIAN(Deputy Commissioner Shopian_IDA),SHOPIAN(Deputy Commissioner Shopian_IDA),IDA,3,1410100.0,23.0,0,0.0006,15.0
IDA:PHEK(Deputy Commissioner Phek_IDA),PHEK(Deputy Commissioner Phek_IDA),IDA,1,500000.0,32.5,0,0.0006,15.0
IDA:Parvathipuram Manyam(District Collector Parvathipuram Manyam_IDA),Parvathipuram Manyam(District Collector Parvathipuram Manyam_IDA),IDA,20,6150000.0,38.0,0,0.0006,15.0
IDA:HANUMANGARH(DISTRICT COLLECTOR HANUMANGARH_IDA),HANUMANGARH(DISTRICT COLLECTOR HANUMANGARH_IDA),IDA,11,5792250.0,25.1,0,0.0006,15.0
IDA:SAMBALPUR(DISTRICT COLLECTOR SAMBALPUR_IDA),SAMBALPUR(DISTRICT COLLECTOR SAMBALPUR_IDA),IDA,1,1500000.0,36.1,0,0.0006,15.0
IDA:KOLLAM(DISTRICT COLLECTOR KOLLAM_IDA),KOLLAM(DISTRICT COLLECTOR KOLLAM_IDA),IDA,109,83718194.34,24.5,0,0.0018,15.0
IDA:PULWAMA(Deputy Commissioner  Pulwama_IDA),PULWAMA(Deputy Commissioner  Pulwama_IDA),IDA,11,2744534.0,37.6,0,0.0006,15.0
IDA:South 24 Parganas(DISTRICT MAGISTRATE SOUTH TWENTY FOUR PARGANAS_IDA),South 24 Parganas(DISTRICT MAGISTRATE SOUTH TWENTY FOUR PARGANAS_IDA),IDA,543,205965378.0,26.4,1,0.0025,15.0
IDA:Agar-Malwa(District Collector Agar Malwa_IDA),Agar-Malwa(District Collector Agar Malwa_IDA),IDA,2,2100000.0,43.6,1,0.0006,15.0
IDA:DATIA(District Collector Datia_IDA),DATIA(District Collector Datia_IDA),IDA,2,2500000.0,19.6,0,0.0006,15.0
IDA:JALANDHAR(DEPUTY COMMISSIONER JALANDHAR_IDA),JALANDHAR(DEPUTY COMMISSIONER JALANDHAR_IDA),IDA,34,11653070.0,34.6,0,0.0006,15.0
IDA:PEDDAPALLI(District Collector Peddapally_IDA),PEDDAPALLI(District Collector Peddapally_IDA),IDA,16,6209997.0,47.2,1,0.0006,15.0
IDA:Pakyong(DISTRICT COLLECTOR PAKYONG_IDA),Pakyong(DISTRICT COLLECTOR PAKYONG_IDA),IDA,2,3000000.0,16.9,0,0.0006,15.0
IDA:KAMRUP METRO(DEPUTY COMMISSIONER KAMRUP METROPOLITAN_IDA),KAMRUP METRO(DEPUTY COMMISSIONER KAMRUP METROPOLITAN_IDA),IDA,20,24650000.0,44.7,1,0.0006,15.0
IDA:PORBANDAR(DISTRICT COLLECTOR PORBANDAR_IDA),PORBANDAR(DISTRICT COLLECTOR PORBANDAR_IDA),IDA,25,7823793.0,37.8,1,0.0006,15.0
IDA:PALAMU(DEPUTY COMMISSIONER PALAMAU_IDA),PALAMU(DEPUTY COMMISSIONER PALAMAU_IDA),IDA,36,15537187.0,26.8,0,0.0006,15.0
IDA:KAMJONG(Deputy Commissioner Kamjong MPLADS_ida),KAMJONG(Deputy Commissioner Kamjong MPLADS_ida),IDA,2,2000000.0,44.5,0,0.0006,15.0
IDA:DAUSA(DISTRICT COLLECTOR DAUSA_IDA),DAUSA(DISTRICT COLLECTOR DAUSA_IDA),IDA,3,2935573.0,29.2,0,0.0006,15.0
IDA:RAMANATHAPURAM(DISTRICT COLLECTOR RAMANATHAPURAM_IDA),RAMANATHAPURAM(DISTRICT COLLECTOR RAMANATHAPURAM_IDA),IDA,2,1599477.0,13.4,0,0.0006,15.0
IDA:SRINAGAR(DEPUTY COMMISSIONER SRINAGAR_IDA),SRINAGAR(DEPUTY COMMISSIONER SRINAGAR_IDA),IDA,42,18807000.0,29.5,0,0.0006,15.0
IDA:SRIKAKULAM(District Collector Srikakulam_IDA),SRIKAKULAM(District Collector Srikakulam_IDA),IDA,73,47039893.0,18.2,0,0.0012,15.0
IDA:KHUNTI(DEPUTY COMMISSIONER KHUNTI_IDA),KHUNTI(DEPUTY COMMISSIONER KHUNTI_IDA),IDA,41,25550000.0,29.6,0,0.0006,15.0
IDA:JUNAGADH(DISTRICT COLLECTOR JUNAGADH_IDA),JUNAGADH(DISTRICT COLLECTOR JUNAGADH_IDA),IDA,47,15303236.0,28.4,0,0.0012,15.0
IDA:GOALPARA(Deputy Commissioner Goalpara_IDA),GOALPARA(Deputy Commissioner Goalpara_IDA),IDA,39,22250000.0,39.6,0,0.0012,15.0
IDA:AGRA(DISTRICT MAGISTRAE AGRA_IDA),AGRA(DISTRICT MAGISTRAE AGRA_IDA),IDA,79,101937427.0,19.5,0,0.0018,15.0
IDA:HAMIRPUR(DEPUTY COMMISSIONER HAMIRPUR_IDA),HAMIRPUR(DEPUTY COMMISSIONER HAMIRPUR_IDA),IDA,2,400000.0,31.9,0,0.0012,15.0
IDA:Alipurduar(DISTRICT MAGISTRATE ALIPURDUARS_IDA),Alipurduar(DISTRICT MAGISTRATE ALIPURDUARS_IDA),IDA,39,34957408.2,38.3,0,0.0006,15.0
IDA:TIRUNELVELI(DISTRICT COLLECTOR TIRUNELVELI_IDA),TIRUNELVELI(DISTRICT COLLECTOR TIRUNELVELI_IDA),IDA,46,29196739.0,39.4,0,0.0006,15.0
IDA:POONCH(Deputy Commissioner Poonch_IDA),POONCH(Deputy Commissioner Poonch_IDA),IDA,2,1666000.0,30.7,0,0.0006,15.0
IDA:GWALIOR(DISTRICT COLLECTOR GWALIOR_IDA),GWALIOR(DISTRICT COLLECTOR GWALIOR_IDA),IDA,4,5077201.0,48.7,0,0.0006,15.0
IDA:NAGPUR(DISTRICT COLLECTOR NAGPUR_IDA),NAGPUR(DISTRICT COLLECTOR NAGPUR_IDA),IDA,14,18714993.0,31.5,0,0.0006,15.0
IDA:GAUTAM BUDDHA NAGAR(DISTRICT MAGISTRATE GAUTAMBUDHNAGAR),GAUTAM BUDDHA NAGAR(DISTRICT MAGISTRATE GAUTAMBUDHNAGAR),IDA,31,29815651.28,16.1,0,0.0006,15.0
IDA:GARHWA(Deputy Commissioner garhwa_IDA),GARHWA(Deputy Commissioner garhwa_IDA),IDA,44,18200000.0,36.8,0,0.0006,15.0
IDA:NORTH WEST(COMMISSIONER NORTH WEST),NORTH WEST(COMMISSIONER NORTH WEST),IDA,17,14628992.0,22.7,1,0.0006,15.0
IDA:AYODHYA(DISTRICT MAGISTRAE FAIZABAD_IDA),AYODHYA(DISTRICT MAGISTRAE FAIZABAD_IDA),IDA,46,56122649.0,18.5,0,0.0012,15.0
IDA:AMBEDKAR NAGAR(DISTRICT MAGISTRATE AMBEDKAR NAGAR_IDA),AMBEDKAR NAGAR(DISTRICT MAGISTRATE AMBEDKAR NAGAR_IDA),IDA,129,40231747.0,32.3,0,0.0006,15.0
IDA:Chamarajanagar(DEPUTY COMMISSIONER CHAMARAJNAGAR_IDA),Chamarajanagar(DEPUTY COMMISSIONER CHAMARAJNAGAR_IDA),IDA,29,21200000.0,37.5,1,0.0006,15.0
IDA:Jhargram(DISTRICT MAGISTRATE JHARGRAM_IDA),Jhargram(DISTRICT MAGISTRATE JHARGRAM_IDA),IDA,26,44736381.0,30.7,0,0.0006,15.0
IDA:FIROZABAD(DISTRICT MAGISTRATE FIROZABAD_IDA),FIROZABAD(DISTRICT MAGISTRATE FIROZABAD_IDA),IDA,42,96154158.0,27.9,0,0.0006,15.0
IDA:UNA(DEPUTY COMMISSIOENR UNA_IDA),UNA(DEPUTY COMMISSIOENR UNA_IDA),IDA,4,550000.0,28.4,0,0.0006,15.0
IDA:Baleshwar(DISTRICT COLLECTOR BALESHWAR_IDA),Baleshwar(DISTRICT COLLECTOR BALESHWAR_IDA),IDA,24,8150000.0,41.8,1,0.0012,15.0
IDA:NALANDA(DISTRICT PLANNING OFFICER NALANDA_IDA),NALANDA(DISTRICT PLANNING OFFICER NALANDA_IDA),IDA,1,4799355.0,37.2,0,0.0006,15.0
IDA:WAYANAD(DISTRICT COLLECTOR WAYANAD_IDA),WAYANAD(DISTRICT COLLECTOR WAYANAD_IDA),IDA,7,12019146.0,40.2,1,0.0006,15.0
IDA:SAHARANPUR(DISTRICT MAGISTRAE SAHARANPUR_IDA),SAHARANPUR(DISTRICT MAGISTRAE SAHARANPUR_IDA),IDA,82,71637420.0,15.0,0,0.0012,15.0
IDA:Kandhamala(DISTRICT COLLECTOR KANDHAMAL_IDA),Kandhamala(DISTRICT COLLECTOR KANDHAMAL_IDA),IDA,42,18825359.0,25.9,0,0.0006,15.0
IDA:Gangtok(DISTRICT COLLECTOR EAST DISTRICT_IDA),Gangtok(DISTRICT COLLECTOR EAST DISTRICT_IDA),IDA,12,24500000.0,28.0,0,0.0006,15.0
IDA:RAJSAMAND(DISTRICT COLLECTOR RAJSAMAND_IDA),RAJSAMAND(DISTRICT COLLECTOR RAJSAMAND_IDA),IDA,15,12499936.0,31.5,0,0.0006,15.0
IDA:REASI(DC Reasi_2),REASI(DC Reasi_2),IDA,1,993825.0,24.3,0,0.0006,15.0
IDA:Kakinada(DISTRICT COLLECTOR KAKINADA_IDA),Kakinada(DISTRICT COLLECTOR KAKINADA_IDA),IDA,13,21220164.0,28.5,0,0.0018,15.0
"IDA:SONITPUR(Deputy Commissioner Sonitpur, Tezpur)","SONITPUR(Deputy Commissioner Sonitpur, Tezpur)",IDA,24,18167316.0,41.3,0,0.0006,15.0
IDA:GORAKHPUR(DISTRICT MAGISTRATE GORAKHPUR_IDA),GORAKHPUR(DISTRICT MAGISTRATE GORAKHPUR_IDA),IDA,11,24518500.0,42.5,1,0.0012,15.0
IDA:KURNOOL(DISTRICT COLLECTOR KURNOOL_IDA),KURNOOL(DISTRICT COLLECTOR KURNOOL_IDA),IDA,82,26381594.0,19.9,0,0.0012,15.0
IDA:MAU(DISTRICT MAGISTRATE MAU_IDA),MAU(DISTRICT MAGISTRATE MAU_IDA),IDA,94,34581497.0,39.2,0,0.0012,15.0
IDA:WEST SINGHBHUM(DEPUTY COMMISSIONER WEST SINGHBHUM_IDA),WEST SINGHBHUM(DEPUTY COMMISSIONER WEST SINGHBHUM_IDA),IDA,8,5213200.0,42.1,0,0.0012,15.0
IDA:JHUNJHUNU(DISTRICT COLLECTOR JHUNJHUNU_IDA),JHUNJHUNU(DISTRICT COLLECTOR JHUNJHUNU_IDA),IDA,50,27375994.0,19.6,0,0.0006,15.0
IDA:BIKANER(DISTRICT COLLECTOR BIKANER_IDA),BIKANER(DISTRICT COLLECTOR BIKANER_IDA),IDA,31,37658362.0,34.3,0,0.0006,15.0
IDA:SIKAR(DISTRICT COLLECTOR SIKAR_IDA),SIKAR(DISTRICT COLLECTOR SIKAR_IDA),IDA,61,32780765.0,23.2,0,0.0012,15.0
IDA:SHIMLA(DEPUTY COMMISSIONER SHIMLA_IDA),SHIMLA(DEPUTY COMMISSIONER SHIMLA_IDA),IDA,53,11090000.0,32.8,0,0.0006,15.0
IDA:SIRMAUR(DEPUTY COMMISSIONER SIRMOUR_IDA),SIRMAUR(DEPUTY COMMISSIONER SIRMOUR_IDA),IDA,83,17130000.0,43.4,0,0.0006,15.0
IDA:BAHRAICH(DISTRICT MAGISTRAE BAHRAICH_IDA),BAHRAICH(DISTRICT MAGISTRAE BAHRAICH_IDA),IDA,42,54964393.0,19.2,0,0.0012,15.0
IDA:SOLAN(DEPUTY COMMISSIONER SOLAN_IDA),SOLAN(DEPUTY COMMISSIONER SOLAN_IDA),IDA,46,11590000.0,39.8,1,0.0006,15.0
IDA:NARAYANPUR(Collector Narayanpur_IDA),NARAYANPUR(Collector Narayanpur_IDA),IDA,2,1186000.0,34.7,0,0.0006,15.0
IDA:SUKMA(Collector Sukma_IDA),SUKMA(Collector Sukma_IDA),IDA,12,5892910.0,25.7,0,0.0006,15.0
IDA:Manendragarh-Chirmiri-Bharatpur(M C B)(Collector MCB_IDA),Manendragarh-Chirmiri-Bharatpur(M C B)(Collector MCB_IDA),IDA,3,1000000.0,13.9,0,0.0006,15.0
IDA:MUNGELI(Collector Mungeli_IDA),MUNGELI(Collector Mungeli_IDA),IDA,26,15194797.0,29.0,0,0.0006,15.0
IDA:SULTANPUR(DISTRICT MAGISTRATE SULTANPUR_IDA),SULTANPUR(DISTRICT MAGISTRATE SULTANPUR_IDA),IDA,14,55400703.0,47.5,1,0.0012,15.0
IDA:BILASPUR(DISTRICT COLLECTOR BILASPUR_IDA),BILASPUR(DISTRICT COLLECTOR BILASPUR_IDA),IDA,43,29704118.0,26.8,0,0.0006,15.0
IDA:BETUL(DISTRICT COLLECTOR BETUL_IDA),BETUL(DISTRICT COLLECTOR BETUL_IDA),IDA,101,28115526.0,23.6,0,0.0006,15.0
IDA:KISHANGANJ(DISTRICT PLANNING OFFICER KISHANGANJ_IDA),KISHANGANJ(DISTRICT PLANNING OFFICER KISHANGANJ_IDA),IDA,51,33104100.0,13.7,0,0.0006,15.0
IDA:JANGOAN(DISTRICT COLLECTOR JANGAON_IDA),JANGOAN(DISTRICT COLLECTOR JANGAON_IDA),IDA,61,13117488.0,34.9,1,0.0012,15.0
IDA:GHAZIABAD(DISTRICT MAGISTRAE GHAZIABAD_IDA),GHAZIABAD(DISTRICT MAGISTRAE GHAZIABAD_IDA),IDA,22,21618760.0,32.9,0,0.0012,15.0
IDA:Kasganj(DISTRICT MAGISTRATE KASGANJ KANSHIRAMNAGAR_IDA),Kasganj(DISTRICT MAGISTRATE KASGANJ KANSHIRAMNAGAR_IDA),IDA,115,27707023.0,25.5,0,0.0006,15.0
IDA:JHALAWAR(DISTRICT COLLECTOR JHALAWAR_IDA),JHALAWAR(DISTRICT COLLECTOR JHALAWAR_IDA),IDA,1,1100000.0,30.6,0,0.0006,15.0
IDA:AIZAWL(DEPUTY COMMISSIONER AIZAWL_IDA),AIZAWL(DEPUTY COMMISSIONER AIZAWL_IDA),IDA,22,10307115.0,34.2,0,0.0006,15.0
IDA:SAMASTIPUR(DISTRICT PLANNING OFFICER SAMASTIPUR_IDA),SAMASTIPUR(DISTRICT PLANNING OFFICER SAMASTIPUR_IDA),IDA,38,20542174.0,34.8,0,0.0012,15.0
IDA:PURULIA(DISTRICT MAGISTRATE PURULIA_IDA),PURULIA(DISTRICT MAGISTRATE PURULIA_IDA),IDA,6,9557047.0,39.3,1,0.0018,15.0
IDA:VARANASI(DISTRICT MAGISTRAE VARANASI_IDA),VARANASI(DISTRICT MAGISTRAE VARANASI_IDA),IDA,317,56549804.0,13.5,0,0.0018,15.0
IDA:BALLARI(DEPUTY COMMISSIONER BELLARY_IDA),BALLARI(DEPUTY COMMISSIONER BELLARY_IDA),IDA,15,12550000.0,39.1,1,0.0012,15.0
IDA:Mahrajganj(DISTRICT MAGISTRAE MAHARAJGANJ_IDA),Mahrajganj(DISTRICT MAGISTRAE MAHARAJGANJ_IDA),IDA,23,48894284.0,26.9,0,0.0006,15.0
IDA:CHITRADURGA(DEPUTY COMMISSIONER CHITRADURGA_IDA),CHITRADURGA(DEPUTY COMMISSIONER CHITRADURGA_IDA),IDA,54,28600000.0,46.7,1,0.0006,15.0
IDA:DEHRADUN(DISTRICT MAGISTRATE DEHRADUN_IDA),DEHRADUN(DISTRICT MAGISTRATE DEHRADUN_IDA),IDA,43,14888093.0,29.1,1,0.0006,15.0
IDA:Mohla-Manpur-Ambagarh Chouki(Collector MMC_IDA),Mohla-Manpur-Ambagarh Chouki(Collector MMC_IDA),IDA,1,2499475.0,36.1,0,0.0006,15.0
IDA:PUDUKKOTTAI(DISTRICT COLLECTOR PUDUKKOTTAI_IDA),PUDUKKOTTAI(DISTRICT COLLECTOR PUDUKKOTTAI_IDA),IDA,52,36493904.0,31.5,0,0.0025,15.0
IDA:EAST GARO HILLS(DEPUTY COMMISSIONER EAST GARO HILLS WILLIAMNAGAR_IDA),EAST GARO HILLS(DEPUTY COMMISSIONER EAST GARO HILLS WILLIAMNAGAR_IDA),IDA,10,4400000.0,34.2,0,0.0006,15.0
IDA:BALRAMPUR(DISTRICT MAGISTRATE BALRAMPUR_IDA),BALRAMPUR(DISTRICT MAGISTRATE BALRAMPUR_IDA),IDA,13,11364132.0,13.2,0,0.0006,15.0
IDA:SHAJAPUR(District Collector Shajapur_IDA),SHAJAPUR(District Collector Shajapur_IDA),IDA,5,3700000.0,28.2,0,0.0006,15.0
IDA:CHITRAKOOT(DISTRICT MAGISTRATE CHITRAKOOT_IDA),CHITRAKOOT(DISTRICT MAGISTRATE CHITRAKOOT_IDA),IDA,44,9974712.0,32.2,0,0.0006,15.0
IDA:RAMPUR(DISTRICT MAGISTRATE RAMPUR_IDA),RAMPUR(DISTRICT MAGISTRATE RAMPUR_IDA),IDA,96,35257622.0,14.5,0,0.0006,15.0
IDA:South East(COMMISSIONER MCD SOUTH EAST_IDA),South East(COMMISSIONER MCD SOUTH EAST_IDA),IDA,4,8064243.0,29.0,0,0.0006,15.0
IDA:BARAN(DISTRICT COLLECTOR BARAN_IDA),BARAN(DISTRICT COLLECTOR BARAN_IDA),IDA,2,5000000.0,39.3,0,0.0006,15.0
IDA:CUDDALORE(DISTRICT COLLECTOR CUDDALORE_IDA),CUDDALORE(DISTRICT COLLECTOR CUDDALORE_IDA),IDA,69,71200887.0,44.5,1,0.0012,15.0
IDA:HARDA(District Collector Harda_IDA),HARDA(District Collector Harda_IDA),IDA,37,11419894.0,17.1,0,0.0006,15.0
IDA:HAPUR(DISTRICT MAGISTRATE HAPUR_IDA),HAPUR(DISTRICT MAGISTRATE HAPUR_IDA),IDA,30,19890209.0,17.0,0,0.0018,15.0
IDA:LAKHIMPUR(DEPUTY COMMISSIONER LAKHIMPUR_IDA),LAKHIMPUR(DEPUTY COMMISSIONER LAKHIMPUR_IDA),IDA,24,15850000.0,36.4,0,0.0018,15.0
IDA:CHAMBA(DEPUTY COMMISSIONER CHAMBA_IDA),CHAMBA(DEPUTY COMMISSIONER CHAMBA_IDA),IDA,62,12797367.0,34.4,1,0.0012,15.0
IDA:VIKARABAD(DISTRICT COLLECTOR VIKARABAD_2),VIKARABAD(DISTRICT COLLECTOR VIKARABAD_2),IDA,161,29431686.0,38.8,1,0.0012,15.0
IDA:AURAIYA(DISTRICT MAGISTRATE AURAIYA_IDA),AURAIYA(DISTRICT MAGISTRATE AURAIYA_IDA),IDA,120,50034759.0,41.9,0,0.0012,15.0
IDA:NUAPADA(DISTRICT COLLECTOR  NUAPADA_IDA),NUAPADA(DISTRICT COLLECTOR  NUAPADA_IDA),IDA,28,6414000.0,37.1,0,0.0006,15.0
"IDA:EAST GODAVARI(DISTRICT COLLECTOR, EAST GODAVARI)","EAST GODAVARI(DISTRICT COLLECTOR, EAST GODAVARI)",IDA,22,64250000.0,42.1,0,0.0018,15.0
IDA:RAMBAN(Deputy Commissioner Ramban_IDA),RAMBAN(Deputy Commissioner Ramban_IDA),IDA,18,3609700.0,33.4,0,0.0006,15.0
"IDA:CHAMPHAI(DEPUTY COMMISIONER, CHAMPHAI)","CHAMPHAI(DEPUTY COMMISIONER, CHAMPHAI)",IDA,8,3200000.0,18.8,0,0.0006,15.0
IDA:NALGONDA(DISTRICT COLLECTOR NALGONDA),NALGONDA(DISTRICT COLLECTOR NALGONDA),IDA,74,18574996.0,18.7,1,0.0012,15.0
IDA:S.A.S Nagar(DEPUTY COMMISSIONER SAHIBZADA AJIT SINGH NAGAR MOHALI_IDA),S.A.S Nagar(DEPUTY COMMISSIONER SAHIBZADA AJIT SINGH NAGAR MOHALI_IDA),IDA,11,3314094.0,15.1,0,0.0012,15.0
IDA:BHADOHI(DISTRICT MAGISTRATE BHADOHI_IDA),BHADOHI(DISTRICT MAGISTRATE BHADOHI_IDA),IDA,255,30675767.0,14.1,0,0.0006,15.0
IDA:BIJAPUR(Collector Bijapur_IDA),BIJAPUR(Collector Bijapur_IDA),IDA,15,11604752.0,24.3,0,0.0006,15.0
IDA:SATARA(DISTRICT COLLECTOR SATARA_IDA),SATARA(DISTRICT COLLECTOR SATARA_IDA),IDA,73,56338677.0,39.1,0,0.0012,15.0
IDA:ETAWAH(DISTRICT MAGISTRATE ETAWAH_IDA),ETAWAH(DISTRICT MAGISTRATE ETAWAH_IDA),IDA,105,36320426.0,17.9,0,0.0012,15.0
IDA:DHARMAPURI(DISTRICT COLLECTOR DHARMAPURI_IDA),DHARMAPURI(DISTRICT COLLECTOR DHARMAPURI_IDA),IDA,17,16488312.0,31.3,0,0.0006,15.0
IDA:RANGA REDDY(DISTRICT COLLECTOR RANGAREDDY_IDA),RANGA REDDY(DISTRICT COLLECTOR RANGAREDDY_IDA),IDA,73,23287568.0,20.5,0,0.0018,15.0
"IDA:LUNGLEI(Deputy Commissioner, Lunglei)","LUNGLEI(Deputy Commissioner, Lunglei)",IDA,9,2500000.0,42.7,0,0.0006,15.0
IDA:KAPURTHALA(DEPUTY COMMISSIONER KAPURTHALA_IDA),KAPURTHALA(DEPUTY COMMISSIONER KAPURTHALA_IDA),IDA,6,4072847.0,42.3,1,0.0012,15.0
IDA:UDHAMPUR(Deputy Commissioner Udhampur_IDA),UDHAMPUR(Deputy Commissioner Udhampur_IDA),IDA,30,6495623.0,29.7,0,0.0006,15.0
IDA:HATHRAS(DISTRICT MAGISTRATE HATHRAS_IDA),HATHRAS(DISTRICT MAGISTRATE HATHRAS_IDA),IDA,18,25780958.0,21.8,0,0.0006,15.0
IDA:BASTI(DISTRICT MAGISTRATE BASTI_IDA),BASTI(DISTRICT MAGISTRATE BASTI_IDA),IDA,67,68731600.0,35.5,0,0.0006,15.0
IDA:Balodabazar-Bhatapara(Collector Baloda Bazar_IDA),Balodabazar-Bhatapara(Collector Baloda Bazar_IDA),IDA,13,9734868.0,27.6,0,0.0006,15.0
IDA:INDORE(DISTRICT COLLECTOR INDORE_IDA),INDORE(DISTRICT COLLECTOR INDORE_IDA),IDA,138,50823936.0,22.5,0,0.0012,15.0
IDA:AMROHA(DISTRICT MAGISTRATE JYOTIBAPHULE NAGAR_IDA),AMROHA(DISTRICT MAGISTRATE JYOTIBAPHULE NAGAR_IDA),IDA,31,36773325.0,14.7,0,0.0006,15.0
IDA:Annamayya(DISTRICT COLLECTOR ANNAMAYYA_IDA),Annamayya(DISTRICT COLLECTOR ANNAMAYYA_IDA),IDA,67,23942394.0,18.2,0,0.0012,15.0
IDA:DEVBHUMI DWARKA(DISTRICT COLLECTOR DEVBHUMI DWARKA_IDA),DEVBHUMI DWARKA(DISTRICT COLLECTOR DEVBHUMI DWARKA_IDA),IDA,9,4479889.0,35.9,1,0.0006,15.0
IDA:BHAVNAGAR(DISTRICT COLLECTOR BHAVNAGAR_IDA),BHAVNAGAR(DISTRICT COLLECTOR BHAVNAGAR_IDA),IDA,41,22944627.0,21.6,1,0.0012,15.0
IDA:BHILWARA(DISTRICT COLLECTOR BHILWARA_IDA),BHILWARA(DISTRICT COLLECTOR BHILWARA_IDA),IDA,41,20642759.0,23.0,0,0.0006,15.0
IDA:LUCKNOW(DISTRICT MAGISTRAE LUCKNOW_IDA),LUCKNOW(DISTRICT MAGISTRAE LUCKNOW_IDA),IDA,98,61125092.0,18.2,0,0.0012,15.0
IDA:FARRUKHABAD(DISTRICT MAGISTRAE FARRUKHABAD_IDA),FARRUKHABAD(DISTRICT MAGISTRAE FARRUKHABAD_IDA),IDA,124,34041924.0,32.1,0,0.0006,15.0
IDA:SINGRAULI(District Collector Singrauli_IDA),SINGRAULI(District Collector Singrauli_IDA),IDA,9,10995000.0,34.4,0,0.0006,15.0
IDA:JAISALMER(DISTRICT COLLECTOR JAISLAMER_IDA),JAISALMER(DISTRICT COLLECTOR JAISLAMER_IDA),IDA,12,3140286.0,33.8,0,0.0012,15.0
IDA:KONDAGAON(DISTRICT COLLECTOR KONDAGAON_IDA),KONDAGAON(DISTRICT COLLECTOR KONDAGAON_IDA),IDA,15,9476500.0,45.0,1,0.0012,15.0
IDA:BASTAR(DISTRICT COLLECTOR BASTAR_IDA),BASTAR(DISTRICT COLLECTOR BASTAR_IDA),IDA,59,27480197.0,24.4,0,0.0006,15.0
IDA:ALIGARH(DISTRICT MAGISTRATE ALIGARH_IDA),ALIGARH(DISTRICT MAGISTRATE ALIGARH_IDA),IDA,43,52521717.0,17.5,0,0.0012,15.0
IDA:DODA(Deputy Commissioner Doda_IDA),DODA(Deputy Commissioner Doda_IDA),IDA,12,2952200.0,27.6,0,0.0006,15.0
IDA:GIR SOMNATH(DISTRICT COLLECTOR GIR SOMNATH_IDA),GIR SOMNATH(DISTRICT COLLECTOR GIR SOMNATH_IDA),IDA,24,7923704.0,34.2,0,0.0006,15.0
IDA:PRATAPGARH(DISTRICT MAGISTRAE PRATAPGARH_IDA),PRATAPGARH(DISTRICT MAGISTRAE PRATAPGARH_IDA),IDA,209,24851119.0,27.4,0,0.0012,15.0
IDA:KOLASIB(Deputy Commissioner Kolasib),KOLASIB(Deputy Commissioner Kolasib),IDA,13,9500000.0,28.2,0,0.0006,15.0
IDA:DHUBRI(DEPUTY COMMISSIONER DHUBRI_IDA),DHUBRI(DEPUTY COMMISSIONER DHUBRI_IDA),IDA,29,15049919.0,37.1,0,0.0006,15.0
IDA:JALGAON(DISTRICT COLLECTOR JALGAON_IDA),JALGAON(DISTRICT COLLECTOR JALGAON_IDA),IDA,12,19945930.0,34.5,0,0.0012,15.0
IDA:Chumoukedima(Deputy Commissioner Chumoukedima_IDA),Chumoukedima(Deputy Commissioner Chumoukedima_IDA),IDA,6,6600000.0,45.1,1,0.0006,15.0
IDA:CHITTORGARH(DISTRICT COLLECTOR CHITTORGARH_IDA),CHITTORGARH(DISTRICT COLLECTOR CHITTORGARH_IDA),IDA,9,4646389.0,22.6,0,0.0012,15.0
IDA:MEDAK(COLLECTOR MEDAK DISTRICT),MEDAK(COLLECTOR MEDAK DISTRICT),IDA,9,5854875.0,46.3,1,0.0006,15.0
IDA:JAIPUR(DISTRICT COLLECTOR JAIPUR_IDA),JAIPUR(DISTRICT COLLECTOR JAIPUR_IDA),IDA,16,19997015.0,37.7,1,0.0012,15.0
IDA:MON(Deputy Commissioner Mon_IDA),MON(Deputy Commissioner Mon_IDA),IDA,1,1087620.0,13.0,0,0.0006,15.0
IDA:DUNGARPUR(DISTRICT COLLECTOR DUNGARPUR_IDA),DUNGARPUR(DISTRICT COLLECTOR DUNGARPUR_IDA),IDA,47,51116471.0,23.8,0,0.0012,15.0
IDA:KHERI(DISTRICT MAGISTRAE KHERI_IDA),KHERI(DISTRICT MAGISTRAE KHERI_IDA),IDA,278,67754768.0,25.5,0,0.0012,15.0
IDA:MAINPURI(DISTRICT MAGISTRATE MAINPURI_IDA),MAINPURI(DISTRICT MAGISTRATE MAINPURI_IDA),IDA,43,34365797.0,39.9,1,0.0006,15.0
IDA:DEORIA(DISTRICT MAGISTRATE DEORIA),DEORIA(DISTRICT MAGISTRATE DEORIA),IDA,65,50451831.0,26.8,0,0.0012,15.0
IDA:BANSWARA(DISTRICT COLLECTOR BANSWARA_IDA),BANSWARA(DISTRICT COLLECTOR BANSWARA_IDA),IDA,13,17679450.0,31.9,0,0.0006,15.0
IDA:Amethi(DISTRICT MAGISTRAE AMETHI_IDA),Amethi(DISTRICT MAGISTRAE AMETHI_IDA),IDA,16,24590249.0,37.2,0,0.0006,15.0
IDA:Malda(DISTRICT MAGISTRATE MALDA_IDA),Malda(DISTRICT MAGISTRATE MALDA_IDA),IDA,42,16695394.0,33.8,0,0.0012,15.0
IDA:BUNDI(DISTRICT COLLECTOR BUNDI_IDA),BUNDI(DISTRICT COLLECTOR BUNDI_IDA),IDA,14,8398758.0,33.6,0,0.0012,15.0
IDA:BOTAD(District collector Botad_IDA),BOTAD(District collector Botad_IDA),IDA,10,7598732.0,28.7,0,0.0012,15.0
IDA:BANAS KANTHA(DISTRICT COLLECTOR BANAS KANTHA_IDA),BANAS KANTHA(DISTRICT COLLECTOR BANAS KANTHA_IDA),IDA,64,26494998.0,26.7,1,0.0012,15.0
IDA:KORBA(Collector-Korba),KORBA(Collector-Korba),IDA,92,31810463.0,22.0,0,0.0006,15.0
IDA:Gaurela-Pendra-Marwahi(Collector GPM_IDA),Gaurela-Pendra-Marwahi(Collector GPM_IDA),IDA,42,14322211.0,20.0,0,0.0012,15.0
IDA:THANJAVUR(DISTRICT COLLECTOR THANJAVUR_IDA),THANJAVUR(DISTRICT COLLECTOR THANJAVUR_IDA),IDA,37,54557899.0,27.3,0,0.0012,15.0
"IDA:MAJULI(District Commissioner, Majuli)","MAJULI(District Commissioner, Majuli)",IDA,21,4850000.0,26.4,0,0.0006,15.0
IDA:JAMMU(DEPUTY COMMISSIONER JAMMU_IDA),JAMMU(DEPUTY COMMISSIONER JAMMU_IDA),IDA,46,27302383.0,36.3,1,0.0006,15.0
IDA:UKHRUL(Deputy Commissioner Ukhrul_ida),UKHRUL(Deputy Commissioner Ukhrul_ida),IDA,1,11000000.0,38.7,0,0.0006,15.0
IDA:EASTERN WEST KHASI HILLS(DEPUTY COMMISSIONER EASTERN WEST KHASI HILLS MAIRANG_IDA),EASTERN WEST KHASI HILLS(DEPUTY COMMISSIONER EASTERN WEST KHASI HILLS MAIRANG_IDA),IDA,8,2850000.0,47.0,1,0.0006,15.0
IDA:THOUBAL(Deputy Commissioner Thoubal MPLADS_ida),THOUBAL(Deputy Commissioner Thoubal MPLADS_ida),IDA,2,7900000.0,26.0,0,0.0012,15.0
IDA:IMPHAL EAST(Deputy Commissioner Imphal East_IDA),IMPHAL EAST(Deputy Commissioner Imphal East_IDA),IDA,3,11000000.0,19.7,0,0.0006,15.0
IDA:IMPHAL WEST(Deputy Commissioner Imphal West MPLADS_IDA),IMPHAL WEST(Deputy Commissioner Imphal West MPLADS_IDA),IDA,6,13401644.0,19.9,0,0.0006,15.0
IDA:AJMER(DISTRICT COLLECTOR AJMER_IDA),AJMER(DISTRICT COLLECTOR AJMER_IDA),IDA,26,20772514.0,32.7,1,0.0006,15.0
IDA:Sundaragada(DISTRICT COLLECTOR SUNDARGARH_IDA),Sundaragada(DISTRICT COLLECTOR SUNDARGARH_IDA),IDA,115,69788256.0,33.4,0,0.0006,15.0
"IDA:Siaha(Deputy Commissioner, Siaha)","Siaha(Deputy Commissioner, Siaha)",IDA,19,6000000.0,34.8,0,0.0006,15.0
IDA:Biswanath(Deputy Commissioner Biswanath_IDA),Biswanath(Deputy Commissioner Biswanath_IDA),IDA,18,13440109.0,37.0,1,0.0006,15.0
IDA:Sant Kabir Nagar(DISTRICT MAGISTRATE SANT KABIR NAGAR_2),Sant Kabir Nagar(DISTRICT MAGISTRATE SANT KABIR NAGAR_2),IDA,3,3498365.0,41.6,0,0.0006,15.0
IDA:SAHARSA(DISTRICT PLANNING OFFICER SAHARSA_IDA),SAHARSA(DISTRICT PLANNING OFFICER SAHARSA_IDA),IDA,31,37549544.0,22.5,1,0.0018,15.0
IDA:RI BHOI(DEPUTY COMMISSIONER RIBHOI NONGPOH_IDA),RI BHOI(DEPUTY COMMISSIONER RIBHOI NONGPOH_IDA),IDA,32,10950000.0,46.7,1,0.0006,15.0
IDA:WEST KHASI HILLS(DEPUTY COMMISSIONER WEST KHASI HILLS NONGSTOIN_IDA),WEST KHASI HILLS(DEPUTY COMMISSIONER WEST KHASI HILLS NONGSTOIN_IDA),IDA,10,3700000.0,35.9,0,0.0006,15.0
IDA:SARAIKELA KHARSAWAN(Deputy Commissioner saraikela_IDA),SARAIKELA KHARSAWAN(Deputy Commissioner saraikela_IDA),IDA,9,5000000.0,30.1,0,0.0006,15.0
IDA:MOKOKCHUNG(Deputy Commissioner Mokokchung_IDA),MOKOKCHUNG(Deputy Commissioner Mokokchung_IDA),IDA,19,56062380.0,43.5,0,0.0006,15.0
IDA:KOHIMA(DEPUTY COMMISIONER_7),KOHIMA(DEPUTY COMMISIONER_7),IDA,6,22800000.0,44.1,0,0.0006,15.0
IDA:DIMAPUR(DEPUTY COMMISSIONER DIMAPUR_IDA),DIMAPUR(DEPUTY COMMISSIONER DIMAPUR_IDA),IDA,4,10700000.0,33.9,0,0.0006,15.0
IDA:SOUTH WEST KHASI HILLS(DEPUTY COMMISSIONER SOUTH WEST KHASI HILLS MAWKRYWAT_IDA),SOUTH WEST KHASI HILLS(DEPUTY COMMISSIONER SOUTH WEST KHASI HILLS MAWKRYWAT_IDA),IDA,8,1900000.0,18.5,0,0.0006,15.0
IDA:SANGAREDDY(District Collector Sangareddy_IDA),SANGAREDDY(District Collector Sangareddy_IDA),IDA,10,9705372.0,29.4,1,0.0006,15.0
IDA:PATAN(DISTRICT COLLECTOR PATAN_IDA),PATAN(DISTRICT COLLECTOR PATAN_IDA),IDA,69,20543443.0,22.7,1,0.0006,15.0
IDA:DUMKA(DEPUTY COMMISSIONER DUMKA_IDA),DUMKA(DEPUTY COMMISSIONER DUMKA_IDA),IDA,70,26300000.0,33.2,0,0.0006,15.0
IDA:ETAH(DISTRICT MAGISTRATE ETAH_IDA),ETAH(DISTRICT MAGISTRATE ETAH_IDA),IDA,100,29450312.0,12.7,0,0.0018,15.0
IDA:THIRUVARUR(DISTRICT COLLECTOR THIRUVARUR_IDA),THIRUVARUR(DISTRICT COLLECTOR THIRUVARUR_IDA),IDA,24,21125234.0,29.5,0,0.0012,15.0
IDA:NAMAKKAL(DISTRICT COLLECTOR NAMAKKAL_IDA),NAMAKKAL(DISTRICT COLLECTOR NAMAKKAL_IDA),IDA,56,42423402.0,18.3,0,0.0012,15.0
IDA:GONDA(DISTRICT MAGISTRATE GONDA_IDA),GONDA(DISTRICT MAGISTRATE GONDA_IDA),IDA,67,69302063.0,22.0,0,0.0012,15.0
IDA:SHEOPUR(District Collector Sheopur_IDA),SHEOPUR(District Collector Sheopur_IDA),IDA,51,22972294.0,21.0,0,0.0006,15.0
IDA:UDAIPUR(DISTRICT COLLECTOR UDAIPUR_IDA),UDAIPUR(DISTRICT COLLECTOR UDAIPUR_IDA),IDA,14,15129338.0,21.6,0,0.0012,15.0
IDA:NAGAUR(DISTRICT COLLECTOR NAGAUR_IDA),NAGAUR(DISTRICT COLLECTOR NAGAUR_IDA),IDA,167,51238638.0,17.2,0,0.0018,15.0
IDA:PANNA(DISTRICT COLLECTOR PANNA_IDA),PANNA(DISTRICT COLLECTOR PANNA_IDA),IDA,3,4909947.0,33.0,0,0.0006,15.0
IDA:SOUTH GOA(DISTRICT COLLECTOR SOUTH GOA_IDA),SOUTH GOA(DISTRICT COLLECTOR SOUTH GOA_IDA),IDA,19,25081615.0,45.1,1,0.0006,15.0
IDA:RAE BARELI(DISTRICT MAGISTRATE RAE BARELI_IDA),RAE BARELI(DISTRICT MAGISTRATE RAE BARELI_IDA),IDA,107,22388799.0,18.4,1,0.0012,15.0
IDA:CHURACHANDPUR(Deputy Commissioner Churachandpur MPLADS_ida),CHURACHANDPUR(Deputy Commissioner Churachandpur MPLADS_ida),IDA,12,22751963.0,16.8,0,0.0006,15.0
IDA:Kekri(DISTRICT COLLECTOR Kekri_IDA),Kekri(DISTRICT COLLECTOR Kekri_IDA),IDA,13,7382028.0,29.8,0,0.0006,15.0
IDA:PURNIA(DISTRICT PLANNING OFFICER PURNIA_IDA),PURNIA(DISTRICT PLANNING OFFICER PURNIA_IDA),IDA,68,61744818.0,23.0,0,0.0012,15.0
IDA:CHANDIGARH(DEPUTY COMMISSIONER ZILLA PARISHAD CHANDIGARH_IDA),CHANDIGARH(DEPUTY COMMISSIONER ZILLA PARISHAD CHANDIGARH_IDA),IDA,24,15243244.0,16.3,0,0.0012,15.0
IDA:BHARUCH(DISTRICT COLLECTOR BROACH_IDA),BHARUCH(DISTRICT COLLECTOR BROACH_IDA),IDA,109,32188697.0,22.0,0,0.0006,15.0
IDA:KANNAUJ(DISTRICT MAGISTRATE KANNAUJ_IDA),KANNAUJ(DISTRICT MAGISTRATE KANNAUJ_IDA),IDA,8,5014578.0,46.5,1,0.0006,15.0
IDA:SIROHI(DISTRICT COLLECTOR SIROHI_IDA),SIROHI(DISTRICT COLLECTOR SIROHI_IDA),IDA,8,5701353.0,20.7,0,0.0006,15.0
IDA:PASHCHIM CHAMPARAN(DISTRICT PLANNING OFFICER WEST CHAMPARANBETTIAH_IDA),PASHCHIM CHAMPARAN(DISTRICT PLANNING OFFICER WEST CHAMPARANBETTIAH_IDA),IDA,55,42184688.0,43.9,0,0.0006,15.0
IDA:Sanchor(DISTRICT COLLECTOR Sanchor_IDA),Sanchor(DISTRICT COLLECTOR Sanchor_IDA),IDA,9,6399237.0,23.7,0,0.0006,15.0
IDA:PATIALA(DEPUTY COMMISSIONER PATIALA_IDA),PATIALA(DEPUTY COMMISSIONER PATIALA_IDA),IDA,58,14003237.0,27.0,0,0.0006,15.0
IDA:Mangan(DISTRICT COLLECTOR MANGAN_IDA),Mangan(DISTRICT COLLECTOR MANGAN_IDA),IDA,3,9378159.0,14.4,0,0.0006,15.0
IDA:Dudu(DISTRICT COLLECTOR Dudu_IDA),Dudu(DISTRICT COLLECTOR Dudu_IDA),IDA,3,2457063.0,23.5,0,0.0006,15.0
IDA:SURAJPUR(DISTRICT COLLECTOR Surajpur_IDA),SURAJPUR(DISTRICT COLLECTOR Surajpur_IDA),IDA,62,13202777.0,18.6,0,0.0006,15.0
IDA:MATHURA(DISTRICT MAGISTRAE MATHURA_IDA),MATHURA(DISTRICT MAGISTRAE MATHURA_IDA),IDA,14,19041641.0,22.4,0,0.0006,15.0
IDA:SAMBHAL(DISTRICT MAGISTRAE BHIMNAGAR SAMBHAL_IDA),SAMBHAL(DISTRICT MAGISTRAE BHIMNAGAR SAMBHAL_IDA),IDA,7,10234000.0,38.0,0,0.0006,15.0
IDA:LOWER SIANG(Deputy Commisioner Lower Siang_IDA),LOWER SIANG(Deputy Commisioner Lower Siang_IDA),IDA,2,1800000.0,35.0,0,0.0006,15.0
IDA:BANKA(DISTRICT PLANNING OFFICER BANKA_IDA),BANKA(DISTRICT PLANNING OFFICER BANKA_IDA),IDA,19,23072986.0,30.2,0,0.0006,15.0
IDA:EAST JAINTIA HILLS(DEPUTY COMMISSIONER EAST JAINTIA HILLS KHLIEHRIAT_IDA),EAST JAINTIA HILLS(DEPUTY COMMISSIONER EAST JAINTIA HILLS KHLIEHRIAT_IDA),IDA,13,4900000.0,44.2,1,0.0006,15.0
IDA:DAKSHINA KANNADA(DEPUTY COMMISSIONER DAKSHIN KANNAD MANGALORE_IDA),DAKSHINA KANNADA(DEPUTY COMMISSIONER DAKSHIN KANNAD MANGALORE_IDA),IDA,55,23847635.0,34.4,1,0.0006,15.0
IDA:BUDAUN(DISTRICT MAGISTRATE BUDAUN_IDA),BUDAUN(DISTRICT MAGISTRATE BUDAUN_IDA),IDA,61,108053773.0,41.1,0,0.0012,15.0
IDA:Neem Ka Thana(DISTRICT COLLECTOR Neem Ka Thana_IDA),Neem Ka Thana(DISTRICT COLLECTOR Neem Ka Thana_IDA),IDA,17,9146872.0,27.4,0,0.0012,15.0
IDA:BENGALURU RURAL(DEPUTY COMMISSIONER BANGALORE RURAL SBM URBAN),BENGALURU RURAL(DEPUTY COMMISSIONER BANGALORE RURAL SBM URBAN),IDA,32,21346832.0,32.0,0,0.0006,15.0
IDA:BARNALA(DEPUTY COMMISSIONER BARNALA_IDA),BARNALA(DEPUTY COMMISSIONER BARNALA_IDA),IDA,73,15889239.0,25.9,0,0.0006,15.0
IDA:JALORE(DISTRICT COLLECTOR JALORE_IDA),JALORE(DISTRICT COLLECTOR JALORE_IDA),IDA,26,18861990.0,21.0,0,0.0006,15.0
IDA:KANPUR NAGAR(DISTRICT MAGISTRAE KANPUR NAGAR_IDA),KANPUR NAGAR(DISTRICT MAGISTRAE KANPUR NAGAR_IDA),IDA,68,98522484.0,16.3,0,0.0018,15.0
IDA:MANDLA(DISTRICT COLLECTOR MANDLA_IDA),MANDLA(DISTRICT COLLECTOR MANDLA_IDA),IDA,43,18166306.0,25.2,0,0.0006,15.0
IDA:MAHENDRAGARH(DEPUTY COMMISSIONER MAHENDRAGARH_IDA),MAHENDRAGARH(DEPUTY COMMISSIONER MAHENDRAGARH_IDA),IDA,9,7367970.0,34.5,1,0.0006,15.0
IDA:MORBI(District collector Morbi_IDA),MORBI(District collector Morbi_IDA),IDA,41,14756397.0,30.2,0,0.0018,15.0
IDA:BHAGALPUR(DISTRICT PLANNING OFFICER BHAGALPUR_IDA),BHAGALPUR(DISTRICT PLANNING OFFICER BHAGALPUR_IDA),IDA,36,42499582.0,19.6,0,0.0012,15.0
"IDA:PITHORAGARH(NRLM , pithoragarh)","PITHORAGARH(NRLM , pithoragarh)",IDA,1,200000.0,43.3,0,0.0006,15.0
