work_id,state,ida,mp_name,constituency,work_category,work_description_clean,recommended_dt,sanction_dt,sanction_amount,sanction_delay_days,work_status,anomaly_label,anomaly_score,risk_score,risk_level,anomaly_reason
WS/MP352/2025-2026/138758-Construction of public libraries and reading rooms,Kerala,ERNAKULAM(DISTRICT COLLECTOR ERNAKULAM_IDA),Shri Hibi Eden,ERNAKULAM,Trust and Society,"Construction of Building for Eroor Grameena Vayanashala at Ward 48, Tripunithura Muncipality",2024-09-04,2026-01-07,5000000.0,490,Sanction,-1,-0.15636637410839238,100.0,Critical,"Sanction amount (₹ 5,000,000) is 6.2x higher than the typical amount for work category 'Trust and Society'. | Severe sanction delay of 490 days (> 1 year) between recommendation and approval. | Work belongs to special category 'Trust and Society' requiring heightened compliance verification."
WS/MP18159/2025-2026/194372-Construction of community centers and community halls,Rajasthan,ALWAR(DISTRICT COLLECTOR ALWAR_IDA),BHUPENDER YADAV,ALWAR,Trust and Society,"Dr. Bhimrao Gyan Prakash Samiti, District Alwar (Rajasthan) Building construction work on the second floor of Mata Ramabai Ambedkar Girls Hostel in Ambedkar Nagar D-Block, Alwar.",2025-04-25,2025-09-12,5000000.0,140,Work partially Completed,-1,-0.1457516467055474,95.9,Critical,"Sanction amount (₹ 5,000,000) is 6.2x higher than the typical amount for work category 'Trust and Society'. | Work belongs to special category 'Trust and Society' requiring heightened compliance verification."
"WS/MP18198/2025-2026/193991-Construction of roads, link roads, pathways or any other road with or without drainage system",Uttar Pradesh,PRAYAGRAJ(DISTRICT MAGISTRAE ALLAHABAD_IDA),UJJWAL RAMAN SINGH,ALLAHABAD,Repair and Renovation,Roads work,2025-04-23,2025-07-15,9860000.0,83,Work Completed,-1,-0.145077022178708,95.7,Critical,"Sanction amount (₹ 9,860,000) is 19.8x higher than the typical amount for work category 'Repair and Renovation'."
WS/MP431/2026-2027/149155-Construction of community centers and community halls,Haryana,HISAR(DEPUTY COMMISSIONER HISSAR_IDA),Rao Inderjit Singh,GURGAON,Trust and Society,"Completion of 3rd Floor Construction, Yadav Dharmshala, and Installation of Rooftop Solar Power Plant",2024-10-23,2026-05-21,1499787.0,575,Sanction,-1,-0.1430395617234579,94.9,Critical,"Sanction amount (₹ 1,499,787) is 4.3x higher than the median sanction amount in Haryana. | Severe sanction delay of 575 days (> 1 year) between recommendation and approval. | Work belongs to special category 'Trust and Society' requiring heightened compliance verification."
WS/MP18337/2025-2026/156920-Construction of public irrigation facilities,Kerala,THRISSUR(DISTRICT COLLECTOR THRISSUR_IDA),K RADHAKRISHNAN,ALATHUR(SC),Repair and Renovation,RENOVATION AND  REPAIR OF  CHEERAKUZHI  IRRIGATION PROJECT  CANAL,2024-12-04,2025-05-28,5000000.0,175,Sanction,-1,-0.1392258200329105,93.4,Critical,"Sanction amount (₹ 5,000,000) is 10.0x higher than the typical amount for work category 'Repair and Renovation'."
WS/MP18062/2026-2027/156120-Construction of community centers and community halls,Haryana,HISAR(DEPUTY COMMISSIONER HISSAR_IDA),JAI PARKASH,HISAR,Trust and Society,CONST. WORKS IN GURU DAKSH PARJAPATI DHARAMSALA NARNAUND,2024-11-30,2026-07-06,499708.0,583,Vendor Identification,-1,-0.13902609179679437,93.3,Critical,Severe sanction delay of 583 days (> 1 year) between recommendation and approval. | Work belongs to special category 'Trust and Society' requiring heightened compliance verification.
"WS/MP478/2025-2026/176954-Construction of rooms and facilities for hospitals, FWC , PHC Centers and ANM centers",Uttarakhand,TEHRI GARHWAL(DISTRICT MAGISTRATE TEHRI GARHWAL_IDA),Mala Rajya Laxmi Shah,TEHRI GARHWAL,Trust and Society,"TELEMEDICINE SERVICS IN DISTIRICT TEHRI GARHWAL,",2025-03-11,2025-05-02,5000000.0,52,Work partially Completed,-1,-0.13301511278259126,91.0,Critical,"Sanction amount (₹ 5,000,000) is 6.2x higher than the typical amount for work category 'Trust and Society'. | Work belongs to special category 'Trust and Society' requiring heightened compliance verification."
WS/MP18271/2025-2026/167573-Construction of community centers and community halls,West Bengal,North 24 Parganas(DISTRICT MAGISTRATE NORTH TWENTY FOUR PARGANAS_IDA),JAGADISH CHANDRA BARMA BASUNIA,COOCHBEHAR(SC),Repair and Renovation,Construction for Strengthening and retrofitting structural works including other allied works of Cooch Behar Bhawan 2nd Floor at Ward No.31 of Bidhannagar Municipality Sector 1 Bidhannagar Kolkata West Bengal 700064,2025-01-21,2025-08-22,5000000.0,213,Vendor Identification,-1,-0.1274653668255329,88.9,Critical,"Sanction amount (₹ 5,000,000) is 10.0x higher than the typical amount for work category 'Repair and Renovation'."
WS/MP591/2025-2026/197032-Construction of additional rooms and halls in the existing public and community building,Haryana,JAIPUR(DISTRICT COLLECTOR JAIPUR_IDA),Krishan Pal Gurjar,FARIDABAD,Trust and Society,Construction of Additional Hall,2025-05-06,2026-01-27,2100000.0,266,Work partially Completed,-1,-0.12530934444466868,88.1,Critical,"Sanction amount (₹ 2,100,000) is 2.6x higher than the typical amount for work category 'Trust and Society'. | Sanction delay (266 days) is 3.6x higher than the typical approval time for authority 'JAIPUR(DISTRICT COLLECTOR JAIPUR_IDA)'. | Work belongs to special category 'Trust and Society' requiring heightened compliance verification."
WS/MP507/2025-2026/196288-Lighting of public spaces,Uttar Pradesh,KANPUR NAGAR(DISTRICT MAGISTRAE KANPUR NAGAR_IDA),Ashok Kumar Rawat,MISRIKH(SC),Normal/Others,SUPPLY AND INSTALLATION OF LED SEMI HIGH MAST LIGHT AT 1 to 158 DIFFERENT PLACES,2025-05-03,2025-06-26,47472048.0,54,Work partially Completed,-1,-0.12387166138010552,87.5,Critical,"Sanction amount (₹ 47,472,048) is 158.2x higher than the typical amount for work category 'Normal/Others'. | Sanction delay (54 days) is 6.0x higher than the typical approval time for authority 'KANPUR NAGAR(DISTRICT MAGISTRAE KANPUR NAGAR_IDA)'."
WS/MP827/2025-2026/152382-Construction of community centers and community halls,West Bengal,PASCHIM BARDHAMAN(DISTRICT MAGISTRATE PASCHIM BARDHAMAN_IDA),Shatrughan Sinha,ASANSOL,Normal/Others,Construction of New Community Hall.,2024-11-14,2026-02-06,6000000.0,449,Sanction,-1,-0.1235164341630931,87.4,Critical,"Sanction amount (₹ 6,000,000) is 20.0x higher than the typical amount for work category 'Normal/Others'. | Severe sanction delay of 449 days (> 1 year) between recommendation and approval."
WS/MP827/2025-2026/152381-Construction of community centers and community halls,West Bengal,PASCHIM BARDHAMAN(DISTRICT MAGISTRATE PASCHIM BARDHAMAN_IDA),Shatrughan Sinha,ASANSOL,Normal/Others,Construction of New Community Hall at Rangamati village,2024-11-14,2026-02-06,6000000.0,449,Sanction,-1,-0.1235164341630931,87.4,Critical,"Sanction amount (₹ 6,000,000) is 20.0x higher than the typical amount for work category 'Normal/Others'. | Severe sanction delay of 449 days (> 1 year) between recommendation and approval."
"WS/MP18343/2025-2026/180022-Construction of rooms and facilities for hospitals, FWC , PHC Centers and ANM centers",Andhra Pradesh,"EAST GODAVARI(DISTRICT COLLECTOR, EAST GODAVARI)",Daggubati Purandeshwari,RAJAHMUNDRY,Trust and Society,Hospital building in Sri Vivekananda Maharogi Arogya Kendram at Bommuru Village,2025-03-12,2025-07-19,5000000.0,129,Sanction,-1,-0.1197563164914196,85.9,Critical,"Sanction amount (₹ 5,000,000) is 6.2x higher than the typical amount for work category 'Trust and Society'. | Sanction delay (129 days) is 3.2x higher than the state average in Andhra Pradesh. | Work belongs to special category 'Trust and Society' requiring heightened compliance verification."
WS/MP18064/2025-2026/150852-Construction of community centers and community halls,Haryana,KURUKSHETRA(DEPUTY COMMISSIONER KURUKSHETRA_IDA),NAVEEN JINDAL,KURUKSHETRA,Trust and Society,Construction of Boundry wall of Aggarsain Bhawan in Sector 8 Kurukshetra,2024-11-05,2025-09-02,1100000.0,301,Time Estimation,-1,-0.1187735553766075,85.5,Critical,"Sanction amount (₹ 1,100,000) is 3.2x higher than the median sanction amount in Haryana. | Sanction delay (301 days) is 7.7x higher than the typical approval time for authority 'KURUKSHETRA(DEPUTY COMMISSIONER KURUKSHETRA_IDA)'. | Work belongs to special category 'Trust and Society' requiring heightened compliance verification."
WS/MP243/2025-2026/141110-Construction of rooms and halls in school and colleges,West Bengal,North 24 Parganas(DISTRICT MAGISTRATE NORTH TWENTY FOUR PARGANAS_IDA),Kakoli Ghosh Dastidar,BARASAT,Normal/Others,2 storied building for skill development centre,2024-09-15,2025-11-25,11000000.0,436,Work partially Completed,-1,-0.11844415917987838,85.4,Critical,"Sanction amount (₹ 11,000,000) is 36.7x higher than the typical amount for work category 'Normal/Others'. | Severe sanction delay of 436 days (> 1 year) between recommendation and approval."
WS/MP18062/2026-2027/156112-Construction of community centers and community halls,Haryana,HISAR(DEPUTY COMMISSIONER HISSAR_IDA),JAI PARKASH,HISAR,Trust and Society,construction works in shri guru ravidas chhatrawas ward no 5 barwala,2024-11-30,2026-05-14,498031.0,530,Sanction,-1,-0.11800540418778027,85.2,Critical,Severe sanction delay of 530 days (> 1 year) between recommendation and approval. | Work belongs to special category 'Trust and Society' requiring heightened compliance verification.
"WS/MP18096/2025-2026/172806-Construction of rooms and facilities for hospitals, FWC , PHC Centers and ANM centers",Kerala,THRISSUR(DISTRICT COLLECTOR THRISSUR_IDA),SURESH GOPI,THRISSUR,Repair and Renovation,"Infrastructure Facility for Modern Laboratory at the General Hospital, Thrissur.",2025-02-12,2026-01-19,3300001.0,341,Sanction,-1,-0.11565591325749558,84.3,High,"Sanction amount (₹ 3,300,001) is 6.6x higher than the typical amount for work category 'Repair and Renovation'."
WS/MP18148/2025-2026/186567-Construction of rooms and halls in school and colleges,Odisha,NABARANGPUR(DISTRICT COLLECTOR NABARANGPUR_IDA),BALABHADRA MAJHI,NABARANGPUR(ST),Trust and Society,"Construction of additional class rooms at Saraswati Sishu Vidya Mandir, Dabugaon",2025-06-20,2026-01-12,1000000.0,206,Sanction,-1,-0.11532648220718533,84.2,High,"Sanction amount (₹ 1,000,000) is 5.0x higher than the median sanction amount in Odisha. | Sanction delay (206 days) is 7.9x higher than the typical approval time for authority 'NABARANGPUR(DISTRICT COLLECTOR NABARANGPUR_IDA)'. | Work belongs to special category 'Trust and Society' requiring heightened compliance verification."
WS/MP372/2025-2026/169577-Construction of New Building,Odisha,Kataka(DISTRICT COLLECTOR CUTTACK_IDA),Shri Bhartruhari Mahtab,CUTTACK,Repair and Renovation,"CONSTRUCTION OF NEW BUILDING OF THE ODISHA STATE BAR COUNCIL ,HIGHCOURT ANNEX, CHANDINICHOWK, CUTTACK",2025-01-28,2025-12-01,990000.0,307,Sanction,-1,-0.11368110406692145,83.6,High,"Sanction amount (₹ 990,000) is 4.9x higher than the median sanction amount in Odisha. | Sanction delay (307 days) is 7.0x higher than the typical approval time for authority 'Kataka(DISTRICT COLLECTOR CUTTACK_IDA)'."
WS/MP18328/2026-2027/148155-Purchase Books for Library,Himachal Pradesh,MANDI(DEPUTY COMMISSIONER MANDI_IDA),Kangana Ranaut,MANDI,Bar and Associations,Purchasing of Books for Library  of BAR Assocation Chachiot at Gohar. Work Executed By - BAR Association Chachiot at Gohar District Mandi.,2024-10-18,2026-07-21,50000.0,641,Vendor Identification,-1,-0.11304673445939128,83.3,High,Severe sanction delay of 641 days (> 1 year) between recommendation and approval. | Work belongs to special category 'Bar and Associations' requiring heightened compliance verification.
"WS/MP18277/2024-2025/161441-Construction of roads, link roads, pathways or any other road with or without drainage system",West Bengal,PURBA BARDHAMAN(DISTRICT MAGISTRATE PURBA BARDHAMAN_IDA),AZAD KIRTI JHA,BARDHAMAN-DURGAPUR,Repair and Renovation,Restroration of Road From Pal Building to Church Via Big Bazar in Ward No 3 Under Burdwan Municipality,2024-12-25,2025-01-21,4197869.0,27,Work Completed,-1,-0.11015981886402149,82.2,High,"Sanction amount (₹ 4,197,869) is 8.4x higher than the typical amount for work category 'Repair and Renovation'."
WS/MP18066/2026-2027/185904-Construction of public libraries and reading rooms,Haryana,JIND(DEPUTY COMMISSIONER JIND),SELJA,SIRSA(SC),Trust and Society,"Construction of E-Library in Ch. Chhotu Ram Memorial Trust Narwana, Jind",2025-03-24,2026-04-02,1099769.0,374,Sanction,-1,-0.10953792398549611,82.0,High,"Sanction amount (₹ 1,099,769) is 3.2x higher than the median sanction amount in Haryana. | Severe sanction delay of 374 days (> 1 year) between recommendation and approval. | Work belongs to special category 'Trust and Society' requiring heightened compliance verification."
WS/MP468/2024-2025/171050-Development of public parks,Uttar Pradesh,JHANSI(DISTRICT MAGISTRAE JHANSI_IDA),Anurag Sharma,JHANSI,Normal/Others,Tourism development works at Mauranipur Sukhnai River bank under CM Toursim development Sahbhagita Yojna.,2025-01-31,2025-03-27,5599000.0,55,Work partially Completed,-1,-0.10935571762109841,81.9,High,"Sanction amount (₹ 5,599,000) is 18.7x higher than the typical amount for work category 'Normal/Others'. | Sanction delay (55 days) is 13.8x higher than the typical approval time for authority 'JHANSI(DISTRICT MAGISTRAE JHANSI_IDA)'."
"WS/MP18345/2026-2027/155578-Construction of roads, link roads, pathways or any other road with or without drainage system",Uttar Pradesh,KANNAUJ(DISTRICT MAGISTRATE KANNAUJ_IDA),AKHILESH YADAV,KANNAUJ,Repair and Renovation,"Mohalla haji ganj near eidgah colony ,in front of badar masjid to rakkha waale kabristan 150 meter CC road ..7860319378 Syed Rais Ali",2024-11-28,2026-05-25,2225000.0,543,Physical Inspection,-1,-0.10915391120236262,81.8,High,"Sanction amount (₹ 2,225,000) is 4.5x higher than the typical amount for work category 'Repair and Renovation'. | Severe sanction delay of 543 days (> 1 year) between recommendation and approval."
WS/MP18222/2025-2026/165227-Construction of boundary walls of existing public and community buildings,Uttar Pradesh,JAUNPUR(DISTRICT MAGISTRATE JAUNPUR_IDA),BABU SINGH KUSHWAHA,JAUNPUR,Trust and Society,Construction of boundary walls of existing public and community buildings,2025-01-18,2026-01-23,1000000.0,370,Work partially Completed,-1,-0.10796373114650148,81.4,High,"Sanction amount (₹ 1,000,000) is 4.7x higher than the median sanction amount in Uttar Pradesh. | Severe sanction delay of 370 days (> 1 year) between recommendation and approval. | Work belongs to special category 'Trust and Society' requiring heightened compliance verification."
"WS/MP18157/2025-2026/197911-Construction of rooms and facilities for hospitals, FWC , PHC Centers and ANM centers",Punjab,LUDHIANA(DEPUTY COMMISSIONER LUDHIANA_IDA),AMRINDER SINGH RAJA WARRING,LUDHIANA,Trust and Society,"Construction of building of Eye Department, Patient Examining and Care Area in Christian Medical College. Ward no. 78   Distt. Ludhiana",2025-05-08,2026-01-21,1000000.0,258,Sanction,-1,-0.10732344877596511,81.1,High,"Sanction amount (₹ 1,000,000) is 4.2x higher than the median sanction amount in Punjab. | Sanction delay (258 days) is 6.6x higher than the typical approval time for authority 'LUDHIANA(DEPUTY COMMISSIONER LUDHIANA_IDA)'. | Work belongs to special category 'Trust and Society' requiring heightened compliance verification."
WS/MP18092/2025-2026/196138-Construction of public toilets and bathrooms,Karnataka,RAICHUR(DEPUTY COMMISSIONER RAICHUR_IDA),G. KUMAR NAIK,RAICHUR(ST),Trust and Society,Construction of HIghtech toilets at musthafa madarasa premises,2025-05-02,2026-01-14,2500000.0,257,Work partially Completed,-1,-0.10656897015062572,80.8,High,"Sanction amount (₹ 2,500,000) is 3.1x higher than the typical amount for work category 'Trust and Society'. | Work belongs to special category 'Trust and Society' requiring heightened compliance verification."
WS/MP433/2025-2026/178578-Setting up public non-conventional energy plants,Jharkhand,GIRIDIH(Deputy Commissioner Giridh_IDA),Annpurna Devi,KODARMA,Trust and Society,Installation of 25 KVA Silent Generator set with 1500 RPM at Mandal Welfare Society Bhagwan Lal Saundik Dharamshala situated in ward no 07  sariya  nagar panchayat,2025-03-06,2026-03-09,549000.0,368,Physical Inspection,-1,-0.10634916852708154,80.8,High,Severe sanction delay of 368 days (> 1 year) between recommendation and approval. | Work belongs to special category 'Trust and Society' requiring heightened compliance verification.
WS/MP18148/2025-2026/169196-Construction of building for veterinary aid centers,Odisha,KORAPUT(District Collector Koraput_IDA),BALABHADRA MAJHI,NABARANGPUR(ST),Trust and Society,"Construction of Training Centre and bathrooms at Gopal Gou Anusandhan Kendra, Aunli",2025-01-27,2026-03-31,1000000.0,428,Work Completed,-1,-0.10559331953302176,80.5,High,"Sanction amount (₹ 1,000,000) is 5.0x higher than the median sanction amount in Odisha. | Severe sanction delay of 428 days (> 1 year) between recommendation and approval. | Work belongs to special category 'Trust and Society' requiring heightened compliance verification."
"WS/MP352/2025-2026/135898-Construction of roads, link roads, pathways or any other road with or without drainage system",Kerala,ERNAKULAM(DISTRICT COLLECTOR ERNAKULAM_IDA),Shri Hibi Eden,ERNAKULAM,Repair and Renovation,"Renovation of EMS Road at Ward 22, Maradu Muncipality",2024-08-16,2025-11-13,2500000.0,454,Sanction,-1,-0.10534420928712407,80.4,High,"Sanction amount (₹ 2,500,000) is 5.0x higher than the typical amount for work category 'Repair and Renovation'. | Severe sanction delay of 454 days (> 1 year) between recommendation and approval."
WS/MP18051/2025-2026/165882-Construction of rooms and halls in school and colleges,Chhattisgarh,DHAMTARI(DISTRICT COLLECTOR DHAMTARI_IDA),ROOP KUMARI CHOUDHARY,MAHASAMUND,Trust and Society,saraswati shishu mandir me atirikt kashy,2025-01-15,2025-09-11,1000000.0,239,Work partially Completed,-1,-0.10456783437761297,80.1,High,Sanction delay (239 days) is 3.8x higher than the typical approval time for authority 'DHAMTARI(DISTRICT COLLECTOR DHAMTARI_IDA)'. | Work belongs to special category 'Trust and Society' requiring heightened compliance verification.
WS/MP18070/2025-2026/166162-Construction of community centers and community halls,Jammu And Kashmir,ANANTNAG(DEPUTY COMMISSIONER ANANTNAG_IDA),MIAN ALTAF AHMAD,ANANTNAG,Normal/Others,please release one crore and fifty lakh from my MPLADS for the construction of Sarai for the attendents of poor patients at GMC Anantnag phase 1,2025-01-17,2025-06-04,15000000.0,138,Vendor Identification,-1,-0.10272448101133957,79.4,High,"Sanction amount (₹ 15,000,000) is 50.0x higher than the typical amount for work category 'Normal/Others'."
"WS/MP437/2025-2026/178453-Purchase of ambulances (Four, three and two wheelers)",Jharkhand,GARHWA(Deputy Commissioner garhwa_IDA),Vishnu Dayal Ram,PALAMU(SC),Normal/Others,Purchase of Advance Life Support System Ambulance,2025-03-01,2025-10-06,6000000.0,219,Physical Inspection,-1,-0.10236670647236834,79.2,High,"Sanction amount (₹ 6,000,000) is 20.0x higher than the typical amount for work category 'Normal/Others'. | Sanction delay (219 days) is 5.5x higher than the state average in Jharkhand."
WS/MP329/2024-2025/150655-Construction of community centers and community halls,Haryana,HISAR(DEPUTY COMMISSIONER HISSAR_IDA),Shri  Dharambir Singh,BHIWANI MAHENDRAGARH,Trust and Society,"Const. of room/bathroom/Canteen on 2nd floor for Yadav Dharamshala, Ward No.17",2024-11-04,2025-02-21,2096704.0,109,Work partially Completed,-1,-0.10197759296394204,79.1,High,"Sanction amount (₹ 2,096,704) is 2.6x higher than the typical amount for work category 'Trust and Society'. | Work belongs to special category 'Trust and Society' requiring heightened compliance verification."
"WS/MP353/2026-2027/185449-Construction of roads, link roads, pathways or any other road with or without drainage system",Kerala,IDUKKI(DISTRICT COLLECTOR IDUKKI_IDA),Adv Dean Kuriakose,IDUKKI,Repair and Renovation,"Renovation of  Vellaramkunnu- Anakkuzhy  road in ward19th  of  Kumaly gramapanchayathu ,Azhutha Block",2025-03-22,2026-08-18,2000000.0,514,Sanction,-1,-0.10144278807421248,78.9,High,"Sanction amount (₹ 2,000,000) is 4.0x higher than the typical amount for work category 'Repair and Renovation'. | Severe sanction delay of 514 days (> 1 year) between recommendation and approval."
WS/MP18066/2025-2026/177023-Construction of public libraries and reading rooms,Haryana,FATEHABAD(Deputy Commissioner Fatehabad),SELJA,SIRSA(SC),Trust and Society,Construction work of Library Hall in Sant Guru Ravidass Bhawan and Chhatrawas Samiti Near Old Court Fatehabad,2025-02-25,2025-08-20,2500000.0,176,Sanction,-1,-0.10138917125984048,78.8,High,"Sanction amount (₹ 2,500,000) is 3.1x higher than the typical amount for work category 'Trust and Society'. | Work belongs to special category 'Trust and Society' requiring heightened compliance verification."
WS/MP18216/2025-2026/169817-Construction of rooms and halls in school and colleges,Uttar Pradesh,FATEHPUR(DISTRICT MAGISTRATE FATEHPUR_IDA),NARESH CHANDRA UTTAM PATEL,FATEHPUR,Trust and Society,SHISHUPAL UTTAM MEMORIAL CONVENT NARAINI MODNARAINI AMAULI KE PRABANDHAK KO BHAVAN NIRMAN KARYA HETU DHANRASHI,2025-01-29,2026-03-07,1000000.0,402,Work partially Completed,-1,-0.1000979981426976,78.4,High,"Sanction amount (₹ 1,000,000) is 4.7x higher than the median sanction amount in Uttar Pradesh. | Severe sanction delay of 402 days (> 1 year) between recommendation and approval. | Work belongs to special category 'Trust and Society' requiring heightened compliance verification."
WS/MP18049/2025-2026/181683-Construction of common work sheds/ common covered sitting area,Chhattisgarh,MUNGELI(Collector Mungeli_IDA),TOKHAN SAHU,BILASPUR,Trust and Society,"SHED NIRMAN, MAHARANA PRATAP SCHOOL JHAPHAL",2025-03-20,2026-01-14,1000000.0,300,Vendor Identification,-1,-0.09934201391519892,78.1,High,Sanction delay (300 days) is 3.8x higher than the typical approval time for authority 'MUNGELI(Collector Mungeli_IDA)'. | Work belongs to special category 'Trust and Society' requiring heightened compliance verification.
WS/MP18067/2025-2026/179182-Construction of community centers and community halls,Haryana,JIND(DEPUTY COMMISSIONER JIND),SATPAL BRAHAMCHARI,SONEPAT,Trust and Society,Development work of Nirakar Jyoti Education Society,2025-03-15,2025-06-06,1900000.0,83,Work partially Completed,-1,-0.09922629803300309,78.0,High,"Sanction amount (₹ 1,900,000) is 5.5x higher than the median sanction amount in Haryana. | Work belongs to special category 'Trust and Society' requiring heightened compliance verification."
WS/MP18219/2025-2026/198024-Construction of rooms and halls in school and colleges,Uttar Pradesh,MAHOBA(DISTRICT MAGISTRAE MAHOBA_IDA),AJENDRA SINGH LODHI,HAMIRPUR_UP,Trust and Society,CHANDRABHAN SINGH CONVENT JUNIOR HIGH SCHOOL MEIN BHAWAN NIRMAN HETU,2025-05-09,2025-11-12,1999000.0,187,Work partially Completed,-1,-0.09883904227679907,77.9,High,"Sanction amount (₹ 1,999,000) is 9.5x higher than the median sanction amount in Uttar Pradesh. | Work belongs to special category 'Trust and Society' requiring heightened compliance verification."
WS/MP18271/2025-2026/196965-Construction of community centers and community halls,West Bengal,North 24 Parganas(DISTRICT MAGISTRATE NORTH TWENTY FOUR PARGANAS_IDA),JAGADISH CHANDRA BARMA BASUNIA,COOCHBEHAR(SC),Repair and Renovation,Construction for Strengthening and retrofitting structural works including other allied works of Cooch Behar Bhawan 3rd Floor at Ward No.31 of Bidhannagar Municipality Sector 1 Bidhannagar Kolkata West Bengal 700064,2025-05-05,2025-10-09,5000000.0,157,Physical Inspection,-1,-0.0987980293407581,77.9,High,"Sanction amount (₹ 5,000,000) is 10.0x higher than the typical amount for work category 'Repair and Renovation'."
WS/MP18071/2025-2026/197242-Renovation of ponds and lakes,Jharkhand,CHATRA(DEPUTY COMMISSIONER CHATRA_IDA),KALI CHARAN SINGH,CHATRA,Repair and Renovation,Repairing of Baherwa Ahar,2025-05-06,2025-11-14,300000.0,192,Vendor Identification,-1,-0.09832143096088897,77.7,High,Sanction delay (192 days) is 4.8x higher than the state average in Jharkhand.
"WS/MP18386/2024-2025/160114-Construction of rooms and facilities for hospitals, FWC , PHC Centers and ANM centers",Telangana,NALGONDA(DISTRICT COLLECTOR NALGONDA),KUNDURU RAGHUVEER,NALGONDA,Trust and Society,"Procurement and Supply of Phaco Machine to TKV Rangacharyulu & Ranganayakamma Lions Eye Hospital, Miryalaguda",2024-12-19,2024-12-23,3870000.0,4,Physical Inspection,-1,-0.09677565872034322,77.1,High,"Sanction amount (₹ 3,870,000) is 4.8x higher than the typical amount for work category 'Trust and Society'. | Work belongs to special category 'Trust and Society' requiring heightened compliance verification."
WS/MP352/2025-2026/157751-Construction of community centers and community halls,Kerala,ERNAKULAM(DISTRICT COLLECTOR ERNAKULAM_IDA),Shri Hibi Eden,ERNAKULAM,Normal/Others,"Construction of Samskarika Nilayam , ward 4, Kadamakudy Grama Panchayath (SC Category)",2024-12-10,2025-09-22,7896000.0,286,Sanction,-1,-0.09687940293291775,77.1,High,"Sanction amount (₹ 7,896,000) is 26.3x higher than the typical amount for work category 'Normal/Others'."
WS/MP478/2025-2026/154203-Crematoriums/energy efficient crematoriums or structures on burial/cremation ground,Uttarakhand,TEHRI GARHWAL(DISTRICT MAGISTRATE TEHRI GARHWAL_IDA),Mala Rajya Laxmi Shah,TEHRI GARHWAL,Repair and Renovation,"Gram Ghiyakoti me panchyati chauk ka  Renovation work,",2024-11-24,2025-12-16,100000.0,387,Work partially Completed,-1,-0.09678989705811603,77.1,High,Severe sanction delay of 387 days (> 1 year) between recommendation and approval.
WS/MP18148/2025-2026/186570-Construction of rooms and halls in school and colleges,Odisha,NABARANGPUR(DISTRICT COLLECTOR NABARANGPUR_IDA),BALABHADRA MAJHI,NABARANGPUR(ST),Trust and Society,"Construction of additional class rooms at Saraswati Sishu Vidya Mandir, Papadahandi.",2025-06-20,2026-01-12,500000.0,206,Sanction,-1,-0.09629507366574219,76.9,High,Sanction delay (206 days) is 7.9x higher than the typical approval time for authority 'NABARANGPUR(DISTRICT COLLECTOR NABARANGPUR_IDA)'. | Work belongs to special category 'Trust and Society' requiring heightened compliance verification.
WS/MP18309/2024-2025/155216-Providing supply pipelines for drinking water,Meghalaya,WEST GARO HILLS(DEPUTY COMMISSIONER WEST GARO HILLS_IDA),SALENG A SANGMA,TURA,Normal/Others,For supply of water pipeline and water pump in 50 different villages within Gambegre Block.,2024-11-26,2025-03-17,10000000.0,111,Work partially Completed,-1,-0.09640768021939827,76.9,High,"Sanction amount (₹ 10,000,000) is 33.3x higher than the typical amount for work category 'Normal/Others'."
WS/MP18066/2025-2026/196404-Construction of community centers and community halls,Haryana,FATEHABAD(Deputy Commissioner Fatehabad),SELJA,SIRSA(SC),Trust and Society,"Construction of Hall in Shri Guru Ravidas Samaj Sewa Samiti, Shri Guru Ravidass Dharmshala, Purana Bazar, Bhuna, District Fatehabad.",2025-05-03,2025-11-12,2100000.0,193,Sanction,-1,-0.09630230378731541,76.9,High,"Sanction amount (₹ 2,100,000) is 2.6x higher than the typical amount for work category 'Trust and Society'. | Sanction delay (193 days) is 2.7x higher than the state average in Haryana. | Work belongs to special category 'Trust and Society' requiring heightened compliance verification."
WS/MP18099/2025-2026/176443-Construction of community centers and community halls,Madhya Pradesh,BHOPAL(DISTRICT COLLECTOR BHOPAL_IDA),ALOK SHARMA,BHOPAL,Trust and Society,construction of Community hall in Plot number 63 64,2025-02-19,2025-04-17,5000000.0,57,Vendor Identification,-1,-0.09609300420041844,76.8,High,"Sanction amount (₹ 5,000,000) is 6.2x higher than the typical amount for work category 'Trust and Society'. | Work belongs to special category 'Trust and Society' requiring heightened compliance verification."
WS/MP18093/2025-2026/180351-Construction of rooms and halls in school and colleges,Karnataka,TUMAKURU(DEPUTY COMMISSIONER TUMKUR_IDA),V. SOMANNA,TUMKUR,Trust and Society,Continued construction work of School building at Yalerampura,2025-03-08,2025-08-30,2000000.0,175,Work partially Completed,-1,-0.09587585439213975,76.7,High,"Sanction amount (₹ 2,000,000) is 4.0x higher than the median sanction amount in Karnataka. | Work belongs to special category 'Trust and Society' requiring heightened compliance verification."
"WS/MP18321/2026-2027/163326-Construction of roads, link roads, pathways or any other road with or without drainage system",Gujarat,SABAR KANTHA(DISTRICT COLLECTOR SABARKANTHA_IDA),SHOBHANABEN MAHENDRASINH BARAIYA,SABARKANTHA,Trust and Society,RCC work towards the  Cooperative JIn of Vadali Taluka,2025-01-06,2026-07-08,500000.0,548,Sanction,-1,-0.09537808471733367,76.5,High,Severe sanction delay of 548 days (> 1 year) between recommendation and approval. | Work belongs to special category 'Trust and Society' requiring heightened compliance verification.
"WS/MP18122/2025-2026/168731-Construction of roads, link roads, pathways or any other road with or without drainage system",Maharashtra,JALNA(DISTRICT COLLECTOR JALNA_IDA),KALYAN VAIJINATHRAO KALE,JALNA,Repair and Renovation,Strengthening of Khamgaon Chauphuli to Hasanabad Phata road in Badnapur taluka.,2025-01-24,2025-11-10,1000000.0,290,Vendor Identification,-1,-0.09540636637824784,76.5,High,Sanction delay (290 days) is 20.7x higher than the typical approval time for authority 'JALNA(DISTRICT COLLECTOR JALNA_IDA)'.
WS/MP329/2025-2026/158942-Construction of community centers and community halls,Haryana,GURUGRAM(DC CUM NODAL OFFICER MPLADS_5),Shri  Dharambir Singh,BHIWANI MAHENDRAGARH,Trust and Society,"Jat Kalyan Sabha Sector 10, Gurugram for Construction of rooms",2024-12-16,2025-04-23,2100000.0,128,Sanction,-1,-0.0948901543031817,76.3,High,"Sanction amount (₹ 2,100,000) is 2.6x higher than the typical amount for work category 'Trust and Society'. | Work belongs to special category 'Trust and Society' requiring heightened compliance verification."
WS/  MP443/2024-2025/138721-Construction of common work sheds/ common covered sitting area,Madhya Pradesh,RAJGARH(DISTRICT COLLECTOR RAJGARH_IDA),Rodmal Nagar,RAJGARH,Normal/Others,General workshed with toilets (125×80feet),2024-09-03,2024-11-12,16177075.0,70,Work Completed,-1,-0.09454574589826548,76.2,High,"Sanction amount (₹ 16,177,075) is 53.9x higher than the typical amount for work category 'Normal/Others'."
WS/MP18148/2026-2027/181887-Construction of rooms and halls in school and colleges,Odisha,KORAPUT(District Collector Koraput_IDA),BALABHADRA MAJHI,NABARANGPUR(ST),Trust and Society,"Construction of additional class room at Saraswati Sishu Bidya Mandir, Kundra",2025-06-20,2026-07-21,500000.0,396,Sanction,-1,-0.09444689519427141,76.2,High,Severe sanction delay of 396 days (> 1 year) between recommendation and approval. | Work belongs to special category 'Trust and Society' requiring heightened compliance verification.
WS/MP431/2024-2025/149099-Construction of community centers and community halls,Haryana,HISAR(DEPUTY COMMISSIONER HISSAR_IDA),Rao Inderjit Singh,GURGAON,Trust and Society,Completion work of Yadav Dharamshala,2024-10-23,2025-02-21,2099331.0,121,Vendor Identification,-1,-0.09382783164170161,75.9,High,"Sanction amount (₹ 2,099,331) is 2.6x higher than the typical amount for work category 'Trust and Society'. | Work belongs to special category 'Trust and Society' requiring heightened compliance verification."
"WS/MP18249/2025-2026/153601-Construction of rooms and facilities for hospitals, FWC , PHC Centers and ANM centers",West Bengal,North 24 Parganas(DISTRICT MAGISTRATE NORTH TWENTY FOUR PARGANAS_IDA),PARTHA BHOWMICK,BARRACKPUR,Normal/Others,Development of Naihati State General Hospital.,2024-11-21,2025-08-18,20000000.0,270,Vendor Identification,-1,-0.09375374622109578,75.9,High,"Sanction amount (₹ 20,000,000) is 66.7x higher than the typical amount for work category 'Normal/Others'. | Sanction delay (270 days) is 2.7x higher than the state average in West Bengal."
"WS/MP18249/2025-2026/153603-Construction of rooms and facilities for hospitals, FWC , PHC Centers and ANM centers",West Bengal,North 24 Parganas(DISTRICT MAGISTRATE NORTH TWENTY FOUR PARGANAS_IDA),PARTHA BHOWMICK,BARRACKPUR,Normal/Others,Development of Bhatpara State General Hospital.,2024-11-21,2025-08-18,20000000.0,270,Vendor Identification,-1,-0.09375374622109578,75.9,High,"Sanction amount (₹ 20,000,000) is 66.7x higher than the typical amount for work category 'Normal/Others'. | Sanction delay (270 days) is 2.7x higher than the state average in West Bengal."
WS/MP459/2025-2026/195871-Construction of community centers and community halls,Tamil Nadu,CHENNAI(COMMISSIONER MUNCIPAL CORPORATION CHENNAI_IDA),T Sumathy (A) Thamizhachi Thangapandian,CHENNAI SOUTH,Normal/Others,Construction of First Floor in Ongoing Community Hall Construction,2025-05-02,2026-02-19,16000000.0,293,Work partially Completed,-1,-0.0930352263474381,75.6,High,"Sanction amount (₹ 16,000,000) is 53.3x higher than the typical amount for work category 'Normal/Others'."
WS/  MP667/2025-2026/160975-Setting up public non-conventional energy plants,Maharashtra,SANGLI(DISTRICT COLLECTOR SANGLI_IDA),Dhairyasheel Sambhajirao Mane,HATKANANGLE,Trust and Society,AT Rethre dharan Setting up public non-conventional energy plants,2024-12-23,2025-05-06,3968967.0,134,Work Completed,-1,-0.09265751141657608,75.5,High,"Sanction amount (₹ 3,968,967) is 5.0x higher than the typical amount for work category 'Trust and Society'. | Work belongs to special category 'Trust and Society' requiring heightened compliance verification."
WS/MP18063/2025-2026/175040-Lighting of public spaces,Haryana,PANIPAT(DC CUM NODAL OFFICER MPLADS),MANOHAR LAL,KARNAL,Normal/Others,installation of Tower Lights,2025-02-12,2025-04-28,4870972.0,75,Work partially Completed,-1,-0.09211747670854398,75.3,High,"Sanction amount (₹ 4,870,972) is 16.2x higher than the typical amount for work category 'Normal/Others'."
WS/MP18019/2024-2025/137519-Street lights,Assam,KARBI ANGLONG(DEPUTY COMMISSIONER KARBI ANGLONG_IDA),AMARSING TISSO,Diphu (ST),Normal/Others,Installation of Solar Light under Singhason MAC Constituency,2024-08-29,2024-11-13,5000000.0,76,Work partially Completed,-1,-0.090840761959323,74.8,High,"Sanction amount (₹ 5,000,000) is 16.7x higher than the typical amount for work category 'Normal/Others'."
"WS/MP18020/2026-2027/176669-Retrofitting, preservation or conservation of heritage and archaeological monuments and buildings",Assam,BONGAIGAON(Deputy Commissioner Bongaigaon_IDA),PHANI BHUSAN CHOUDHURY,BARPETA,Repair and Renovation,"Development and Renovation of Swahid Bedi at Ward no. 21, Bongaigaon",2025-02-25,2026-06-18,800000.0,478,Vendor Identification,-1,-0.09082167350415749,74.8,High,Severe sanction delay of 478 days (> 1 year) between recommendation and approval.
WS/MP18131/2025-2026/193710-Construction of rooms and halls in school and colleges,Maharashtra,SINDHUDURG(DISTRICT COLLECTOR SINDHUDURG_IDA),NARAYAN TATU RANE,RATNAGIRI-SINDHUDURG,Trust and Society,"Construction of classrooms for Mrs. Indirabai Dattatreya Vardam High School and Arts and Commerce (Combined) Junior College, Poip FY 2024-25",2025-04-23,2025-05-07,3500000.0,14,Sanction,-1,-0.09057796361412185,74.7,High,"Sanction amount (₹ 3,500,000) is 4.4x higher than the typical amount for work category 'Trust and Society'. | Work belongs to special category 'Trust and Society' requiring heightened compliance verification."
WS/MP522/2025-2026/169792-Construction of additional rooms and halls in the existing public and community building,Andhra Pradesh,SRIKAKULAM(District Collector Srikakulam_IDA),Kinjarapu Ram Mohan Naidu,SRIKAKULAM,Normal/Others,Construction of Rooms and Halls in the existing Public and Community buildings at ICDS in Kotabommali village of Kotabommali mandal,2025-01-29,2025-05-31,6000000.0,122,Work partially Completed,-1,-0.09055620271447196,74.7,High,"Sanction amount (₹ 6,000,000) is 20.0x higher than the typical amount for work category 'Normal/Others'. | Sanction delay (122 days) is 3.0x higher than the state average in Andhra Pradesh."
WS/MP858/2025-2026/157697-Crematoriums/energy efficient crematoriums or structures on burial/cremation ground,West Bengal,PURBA BARDHAMAN(DISTRICT MAGISTRATE PURBA BARDHAMAN_IDA),Asit Kumar Mal,BOLPUR(SC),Normal/Others,"Construction of Building ,Toilet and plumbing works AT Uddharanpur village near Electric Crematorium under Satihati GP.Executing Agency will be EO KETUGRAM- II Panchayat Samity.",2024-12-10,2025-09-25,5832150.0,289,Sanction,-1,-0.09065603493287666,74.7,High,"Sanction amount (₹ 5,832,150) is 19.4x higher than the typical amount for work category 'Normal/Others'. | Sanction delay (289 days) is 2.8x higher than the typical approval time for authority 'PURBA BARDHAMAN(DISTRICT MAGISTRATE PURBA BARDHAMAN_IDA)'."
WS/MP18174/2025-2026/184631-Development of public parks,Tamil Nadu,COIMBATORE(DISTRICT COLLECTOR COIMBATORE_IDA),GANAPATHY RAJKUMAR P,COIMBATORE,Normal/Others,"Construction of Terrarium at Park at Semmozhi Poonga, Central Zone in Ward No.67 of Coimbatore Corporation",2025-03-20,2025-11-13,20000000.0,238,Work partially Completed,-1,-0.09042792976388714,74.6,High,"Sanction amount (₹ 20,000,000) is 66.7x higher than the typical amount for work category 'Normal/Others'."
WS/MP18067/2026-2027/193227-Construction of community centers and community halls,Haryana,SONIPAT(DEPUTY COMMISSIONER SONEPAT_IDA),SATPAL BRAHAMCHARI,SONEPAT,Trust and Society,Development work in Jat Vikas Sabha,2025-04-25,2026-05-20,500000.0,390,Physical Inspection,-1,-0.09018769886848832,74.5,High,Severe sanction delay of 390 days (> 1 year) between recommendation and approval. | Work belongs to special category 'Trust and Society' requiring heightened compliance verification.
WS/MP18216/2025-2026/169821-Construction of rooms and halls in school and colleges,Uttar Pradesh,FATEHPUR(DISTRICT MAGISTRATE FATEHPUR_IDA),NARESH CHANDRA UTTAM PATEL,FATEHPUR,Trust and Society,A.P.PUBLIC UCHCHTAR MADHYAMIK VIDYALAY LADIGAWAN KE PRABANDHAK KO BHAVAN NIRMAN KARYA HETU DHANRASHI,2025-01-29,2026-03-07,1000000.0,402,Time Estimation,-1,-0.08979550546545356,74.4,High,"Sanction amount (₹ 1,000,000) is 4.7x higher than the median sanction amount in Uttar Pradesh. | Severe sanction delay of 402 days (> 1 year) between recommendation and approval. | Work belongs to special category 'Trust and Society' requiring heightened compliance verification."
WS/MP18081/2026-2027/157212-Construction of community centers and community halls,Karnataka,BENGALURU URBAN(DEPUTY COMMISSIONER BANGALORE URBAN_IDA),DR.K.SUDHAKAR,CHIKBALLAPUR,Trust and Society,Construction of community centers and community halls savitha Samaja Samudhaya Bhavana Contusion work Bangalore North,2024-12-12,2026-07-02,1000000.0,567,Sanction,-1,-0.08947072554081059,74.3,High,Severe sanction delay of 567 days (> 1 year) between recommendation and approval. | Work belongs to special category 'Trust and Society' requiring heightened compliance verification.
WS/MP18275/2024-2025/175556-Security gates in streets/public place for safety purpose,Andaman And Nicobar Islands,SOUTH ANDAMANS(Implementing District Authority(SA)),BISHNU PADA RAY,ANDAMAN AND NICOBAR ISLANDS,Repair and Renovation,"Repair and renovation of road from CPWD complex, Ranchi Tikrey Dairyfarm to Fisheries Quarter, Port Blair",2025-02-14,2025-03-24,4947034.0,38,Work partially Completed,-1,-0.0893824486896484,74.2,High,"Sanction amount (₹ 4,947,034) is 9.9x higher than the typical amount for work category 'Repair and Renovation'."
WS/MP541/2026-2027/141491-Construction of public libraries and reading rooms,Assam,NAGAON(DEPUTY COMMISSIONER NOWGONG_IDA),Pradyut Bordoloi,NOWGONG,Repair and Renovation,"Repairing of public reading room at Dakhin Solmari near Subahi Muktab, Magurmari GP.",2024-12-02,2026-08-05,200000.0,611,Sanction,-1,-0.08939672335807824,74.2,High,Severe sanction delay of 611 days (> 1 year) between recommendation and approval.
WS/MP575/2025-2026/163846-Construction of community centers and community halls,Gujarat,NAVSARI(DISTRICT COLLECTOR NAVSARI_IDA),C R Patil,NAVSARI,Trust and Society,"For the construction of a community hall to Swastik Charitable Trust, 7, Shivam Apartment, Station Road, Bilimora, Ta. Gandevi, Dist. Navsari, located at Bilimora Nagarpalika.",2025-01-07,2025-09-01,1000000.0,237,Sanction,-1,-0.08892158810801443,74.1,High,"Sanction amount (₹ 1,000,000) is 4.0x higher than the median sanction amount in Gujarat. | Sanction delay (237 days) is 7.9x higher than the typical approval time for authority 'NAVSARI(DISTRICT COLLECTOR NAVSARI_IDA)'. | Work belongs to special category 'Trust and Society' requiring heightened compliance verification."
WS/MP18222/2025-2026/177105-Construction of rooms and halls in school and colleges,Uttar Pradesh,JAUNPUR(DISTRICT MAGISTRATE JAUNPUR_IDA),BABU SINGH KUSHWAHA,JAUNPUR,Trust and Society,BABA PREM DAS INTER COLLEGE,2025-04-20,2026-02-10,500000.0,296,Work partially Completed,-1,-0.08866441205586828,74.0,High,Sanction delay (296 days) is 5.8x higher than the typical approval time for authority 'JAUNPUR(DISTRICT MAGISTRATE JAUNPUR_IDA)'. | Work belongs to special category 'Trust and Society' requiring heightened compliance verification.
WS/MP18159/2025-2026/179161-Construction of buildings for community cultural activities,Rajasthan,ALWAR(DISTRICT COLLECTOR ALWAR_IDA),BHUPENDER YADAV,ALWAR,Trust and Society,Construction of building on the land of Dr. Bhimrao Gyan Prakash Samiti Alwar Sub Branch Malakheda.,2025-03-05,2025-08-29,2000000.0,177,Sanction,-1,-0.088495923203606,73.9,High,"Sanction amount (₹ 2,000,000) is 4.0x higher than the median sanction amount in Rajasthan. | Work belongs to special category 'Trust and Society' requiring heightened compliance verification."
"WS/MP18193/2026-2027/194216-Construction of roads, link roads, pathways or any other road with or without drainage system",Telangana,MEDCHAL MALKAJGIRI(DISTRICT COLLECTOR MEDCHAL MALKAJGIRI_IDA),EATALA RAJENDER,MALKAJGIRI,Repair and Renovation,"Laying of Damaged CC road at Bison Enclave at 5 9 360 85 p, 72 to 77 at dbr welfare association office at Yapral, Neredmet Ward No. 136, Malkajgiri Circle-28, Medchal-Malkajgiri District.",2025-04-24,2026-04-22,1650000.0,363,Vendor Identification,-1,-0.08830518177976487,73.8,High,"Sanction amount (₹ 1,650,000) is 3.3x higher than the typical amount for work category 'Repair and Renovation'. | Sanction delay (363 days) is 2.5x higher than the typical approval time for authority 'MEDCHAL MALKAJGIRI(DISTRICT COLLECTOR MEDCHAL MALKAJGIRI_IDA)'."
"WS/MP18308/2025-2026/145410-Construction of roads, link roads, pathways or any other road with or without drainage system",Maharashtra,MUMBAI SUBURBAN(DISTRICT COLLECTOR MUMBAI SUBURBAN_IDA),RAVINDRA DATTARAM WAIKAR,MUMBAI NORTH WEST,Repair and Renovation,"Construction of Road at Umedbhai Patel High School to CDEFRN Unit, Sunder Nagar, Malad (W)",2024-10-04,2026-01-20,2000000.0,473,Vendor Identification,-1,-0.08812699423891512,73.7,High,"Sanction amount (₹ 2,000,000) is 4.0x higher than the typical amount for work category 'Repair and Renovation'. | Severe sanction delay of 473 days (> 1 year) between recommendation and approval."
WS/MP18393/2025-2026/151985-Construction of rooms and halls in school and colleges,Telangana,SIDDIPET(District Collector Siddipet_IDA),MADHAVANENI RAGHUNANDAN RAO,MEDAK,Repair and Renovation,"Repairs to Social Welfare Residential School(Girls) at Rampur(Village), Thoguta(Mandal).",2024-11-11,2025-11-12,1000000.0,366,Work Completed,-1,-0.08774454859312797,73.6,High,"Sanction amount (₹ 1,000,000) is 5.0x higher than the median sanction amount in Telangana. | Severe sanction delay of 366 days (> 1 year) between recommendation and approval."
WS/MP18307/2025-2026/180068-Construction of public toilets and bathrooms,Maharashtra,MUMBAI SUBURBAN(DISTRICT COLLECTOR MUMBAI SUBURBAN_IDA),Piyush Vedprakash Goyal,MUMBAI NORTH,Repair and Renovation,"Renovation of public toilet, installation of solar lights and beautification of the garden",2025-03-07,2026-03-25,2500000.0,383,Sanction,-1,-0.0878345837739597,73.6,High,"Sanction amount (₹ 2,500,000) is 5.0x higher than the typical amount for work category 'Repair and Renovation'. | Severe sanction delay of 383 days (> 1 year) between recommendation and approval."
WS/MP18118/2025-2026/160504-Construction of rooms and halls in school and colleges,Maharashtra,AZAMGARH(DISTRICT MAGISTRATE AZAMGARH_IDA),BHASKAR MURLIDHAR BHAGARE,DINDORI(ST),Trust and Society,Building Construction (Class Room) of Gramin Mahila Mahavidyalaya run by Gramin Balika Shiksha Samiti at Village Ranipur Rajmo Post Bindra Bajar Tehsil Mehnagar Dist Azamgarh Uttar Pradesh,2024-12-20,2026-03-30,1000000.0,465,Vendor Identification,-1,-0.08746684324818788,73.5,High,Severe sanction delay of 465 days (> 1 year) between recommendation and approval. | Work belongs to special category 'Trust and Society' requiring heightened compliance verification.
"WS/MP598/2025-2026/151547-Construction of roads, link roads, pathways or any other road with or without drainage system",Himachal Pradesh,SIRMAUR(DEPUTY COMMISSIONER SIRMOUR_IDA),Suresh Kumar Kashyap,SHIMLA (SC),Repair and Renovation,Repair of Link Road Village thel Shathar GP Chandol Executive Agency BDO Rajgarh,2024-11-09,2025-09-27,200000.0,322,Work partially Completed,-1,-0.08758593692253425,73.5,High,Sanction delay (322 days) is 2.5x higher than the typical approval time for authority 'SIRMAUR(DEPUTY COMMISSIONER SIRMOUR_IDA)'.
WS/MP18393/2025-2026/140466-Construction of additional rooms and halls in the existing public and community building,Telangana,SIDDIPET(District Collector Siddipet_IDA),MADHAVANENI RAGHUNANDAN RAO,MEDAK,Repair and Renovation,Repair and renovation to Bar Association Building at Siddipet Town,2024-09-12,2025-09-18,1250000.0,371,Work Completed,-1,-0.08610752252764242,73.0,High,"Sanction amount (₹ 1,250,000) is 2.5x higher than the typical amount for work category 'Repair and Renovation'. | Severe sanction delay of 371 days (> 1 year) between recommendation and approval."
"WS/  MP005/2025-2026/183135-Construction of flood control embankments/ protection walls along riverbanks, hilltops, roadsides",Gujarat,KHEDA(DISTRICT COLLECTOR KHEDA_IDA),Devusinh Jesingbhai Chauhan,KHEDA,Trust and Society,"Construction of Protection, Compound Wall at Seth M.R High School Remaining Part",2025-03-18,2026-02-26,450000.0,345,Vendor Identification,-1,-0.08582516184365019,72.9,High,Sanction delay (345 days) is 5.2x higher than the typical approval time for authority 'KHEDA(DISTRICT COLLECTOR KHEDA_IDA)'. | Work belongs to special category 'Trust and Society' requiring heightened compliance verification.
WS/MP18008/2026-2027/166546-Construction of community centers and community halls,Andhra Pradesh,GUNTUR(DISTRICT COLLECTOR GUNTUR_IDA),Dr Chandra Sekhar Pemmasani,GUNTUR,Normal/Others,"Providing Amenities to Community Hall in Narakoduru village of Chebrolu Mandal, Guntur District",2025-01-19,2026-07-09,5000000.0,536,Vendor Identification,-1,-0.08581121810350101,72.9,High,"Sanction amount (₹ 5,000,000) is 16.7x higher than the typical amount for work category 'Normal/Others'. | Severe sanction delay of 536 days (> 1 year) between recommendation and approval."
WS/MP687/2025-2026/187643-Construction of rooms and halls in school and colleges,Maharashtra,RAIGAD(DISTRICT COLLECTOR RAIGAD_IDA),Sunil Dattatray Tatkare,RAIGAD,Trust and Society,"Construction of classrooms for Mangaon Education Prasarak Mandal,, Senior College,Mangaon Tal- Mangaon, Dist-Raigad",2025-03-31,2026-02-16,2500000.0,322,Work partially Completed,-1,-0.0860259213867074,72.9,High,"Sanction amount (₹ 2,500,000) is 3.1x higher than the typical amount for work category 'Trust and Society'. | Work belongs to special category 'Trust and Society' requiring heightened compliance verification."
"WS/MP18337/2026-2027/183604-Construction of rooms and facilities for hospitals, FWC , PHC Centers and ANM centers",Kerala,THRISSUR(DISTRICT COLLECTOR THRISSUR_IDA),K RADHAKRISHNAN,ALATHUR(SC),Normal/Others,"CONSTRUCTION OF LIFT IN OP TRANSFORMATION BLOCK AT DISTRICT HOSPITAL ,WADAKKANCHERY",2025-03-18,2026-05-14,5170000.0,422,Sanction,-1,-0.08585099473037427,72.9,High,"Sanction amount (₹ 5,170,000) is 17.2x higher than the typical amount for work category 'Normal/Others'. | Severe sanction delay of 422 days (> 1 year) between recommendation and approval."
WS/MP18192/2025-2026/196895-Construction of rooms and halls in school and colleges,Telangana,WANAPARTHY(DISTRICT COLLECTOR WANAPARTHY_IDA),DR.MALLU RAVI,NAGARKURNOOL(SC),Normal/Others,Construction of Social Welfare Girls College Hostel A in Wanaparthy Town,2025-05-05,2025-05-15,10000000.0,10,Work partially Completed,-1,-0.08572499152720026,72.8,High,"Sanction amount (₹ 10,000,000) is 33.3x higher than the typical amount for work category 'Normal/Others'."
WS/MP18023/2025-2026/143872-Retrofitting in essential lifeline buildings,Assam,KAMRUP(DEPUTY COMMISSIONER KAMRUP_IDA),BIJULI KALITA MEDHI,GUWAHATI,Repair and Renovation,"Repairing work of Santi Nijara Club House at Bongaon , Bamunigaon , Pin-781141",2024-09-26,2026-01-30,500000.0,491,Vendor Identification,-1,-0.08552079569580628,72.7,High,Severe sanction delay of 491 days (> 1 year) between recommendation and approval.
WS/MP18212/2025-2026/186915-Construction of rooms and halls in school and colleges,Uttar Pradesh,SITAPUR(DISTRICT MAGISTRATE SITAPUR_IDA),ANAND BHADAURIYA,DHAURAHRA,Trust and Society,BLOCK PAHLA KE GRAM SARIYA RAJA SHAHAB KE SHRI SARYU PRASAD PRATHMIK VIDYALAYA ME BHAWAN NIRMAN KA KARYA,2025-03-27,2025-09-24,999975.0,181,Work partially Completed,-1,-0.0850517556806395,72.6,High,"Sanction amount (₹ 999,975) is 4.7x higher than the median sanction amount in Uttar Pradesh. | Sanction delay (181 days) is 4.8x higher than the typical approval time for authority 'SITAPUR(DISTRICT MAGISTRATE SITAPUR_IDA)'. | Work belongs to special category 'Trust and Society' requiring heightened compliance verification."
WS/MP18074/2024-2025/137042-Construction of additional rooms and halls in the existing public and community building,Jharkhand,KHUNTI(DEPUTY COMMISSIONER KHUNTI_IDA),KALI CHARAN MUNDA,KHUNTI(ST),Repair and Renovation,Renovation of old hall in Khunti Club.,2024-08-25,2024-09-30,800000.0,36,Vendor Identification,-1,-0.08518746719077208,72.6,High,"Sanction amount (₹ 800,000) is 3.2x higher than the median sanction amount in Jharkhand."
WS/MP18216/2025-2026/169833-Construction of rooms and halls in school and colleges,Uttar Pradesh,FATEHPUR(DISTRICT MAGISTRATE FATEHPUR_IDA),NARESH CHANDRA UTTAM PATEL,FATEHPUR,Trust and Society,SHRI BHAGWAN DEEN SMARAK VIDYALAY JAFARPUR SITHARRA JAHANABAD KE PRABANDHAK KO BHAVAN NIRMAN KARYA HETU DHANRASHI,2025-01-29,2026-03-07,1000000.0,402,Sanction,-1,-0.08507151106361133,72.6,High,"Sanction amount (₹ 1,000,000) is 4.7x higher than the median sanction amount in Uttar Pradesh. | Severe sanction delay of 402 days (> 1 year) between recommendation and approval. | Work belongs to special category 'Trust and Society' requiring heightened compliance verification."
WS/MP18351/2025-2026/158792-Renovation of ponds and lakes,Andhra Pradesh,KURNOOL(DISTRICT COLLECTOR KURNOOL_IDA),DR BYREDDY SHABARI,NANDYAL,Repair and Renovation,"Repairs to the sluice of Appala Reddy Cheruvu in Palakolanu Village, Orvakal Mandal. The proposed work includes restoration and strengthening of the sluice structure to ensure proper water flow management, prevent leakage, and enhance the irrigation potential of the tank, benefiting the local agricultural community.",2024-12-15,2025-10-27,500000.0,316,Physical Inspection,-1,-0.08511330943118689,72.6,High,Sanction delay (316 days) is 13.7x higher than the typical approval time for authority 'KURNOOL(DISTRICT COLLECTOR KURNOOL_IDA)'.
WS/MP18029/2026-2027/186161-Construction of community centers and community halls,Assam,Biswanath(Deputy Commissioner Biswanath_IDA),RANJIT DUTTA,Sonitpur,Repair and Renovation,Renovation of Community Hall near Sloping Centre Siva Mandir,2025-04-01,2026-08-11,300000.0,497,Sanction,-1,-0.08451386631212943,72.4,High,Severe sanction delay of 497 days (> 1 year) between recommendation and approval.
WS/MP18343/2025-2026/179124-Construction of boundary walls of existing public and community buildings,Andhra Pradesh,"EAST GODAVARI(DISTRICT COLLECTOR, EAST GODAVARI)",Daggubati Purandeshwari,RAJAHMUNDRY,Normal/Others,Construction of additional infrastructure at Phule Ambedkar Bhavan in the Municipal Corporation of Rajamahendravaram,2025-03-12,2025-04-08,8000000.0,27,Sanction,-1,-0.08421048252471308,72.2,High,"Sanction amount (₹ 8,000,000) is 26.7x higher than the typical amount for work category 'Normal/Others'."
WS/MP431/2024-2025/135774-Construction of buildings for community cultural activities,Haryana,GURUGRAM(DC CUM NODAL OFFICER MPLADS_5),Rao Inderjit Singh,GURGAON,Trust and Society,Const. of Jat Bhawan,2024-08-15,2024-12-16,1500000.0,123,Sanction,-1,-0.08353942841078432,72.0,High,"Sanction amount (₹ 1,500,000) is 4.3x higher than the median sanction amount in Haryana. | Work belongs to special category 'Trust and Society' requiring heightened compliance verification."
"WS/MP598/2025-2026/162649-Construction of roads, link roads, pathways or any other road with or without drainage system",Himachal Pradesh,SIRMAUR(DEPUTY COMMISSIONER SIRMOUR_IDA),Suresh Kumar Kashyap,SHIMLA (SC),Repair and Renovation,Repair and Maintenance Link Road Shilnu ki Khadd to Village Dothi via village Surya nanah Road Gp Panjahal executive Agency BDO Nahan,2024-12-31,2025-09-24,70000.0,267,Work Completed,-1,-0.08334918968604954,71.9,High,Sanction delay (267 days) is 3.7x higher than the state average in Himachal Pradesh.
WS/MP18230/2025-2026/177489-Development of public parks,Uttar Pradesh,LUCKNOW(DISTRICT MAGISTRAE LUCKNOW_IDA),R.K. CHAUDHARY,MOHANLALGANJ(SC),Repair and Renovation,Renovation of public park,2025-02-25,2025-06-15,1965000.0,110,Work partially Completed,-1,-0.08343410623760128,71.9,High,"Sanction amount (₹ 1,965,000) is 3.9x higher than the typical amount for work category 'Repair and Renovation'."
WS/MP18137/2025-2026/161378-Construction of rooms and halls in school and colleges,Meghalaya,EASTERN WEST KHASI HILLS(DEPUTY COMMISSIONER EASTERN WEST KHASI HILLS MAIRANG_IDA),ANDREW J. SYNGKON,SHILLONG,Repair and Renovation,financial assiatance for repair of classroom for Mawiong Khri Lower Primary School.,2025-01-05,2026-02-22,200000.0,413,Work partially Completed,-1,-0.08304273164211151,71.8,High,Severe sanction delay of 413 days (> 1 year) between recommendation and approval.
WS/MP18156/2025-2026/185312-Setting up public non-conventional energy plants,Punjab,KAPURTHALA(DEPUTY COMMISSIONER KAPURTHALA_IDA),CHARANJIT SINGH CHANNI,JALANDHAR(SC),Trust and Society,"Installation of solar light from Bus Stand Khojewala to Satsang Ghar VILLAGE FEROZ Open door welfare society Jalandhar Kapurthala road, Khojewala Distt KapurthalA",2025-03-21,2025-11-19,1000000.0,243,Physical Inspection,-1,-0.0829916021947592,71.8,High,"Sanction amount (₹ 1,000,000) is 4.2x higher than the median sanction amount in Punjab. | Sanction delay (243 days) is 4.5x higher than the typical approval time for authority 'KAPURTHALA(DEPUTY COMMISSIONER KAPURTHALA_IDA)'. | Work belongs to special category 'Trust and Society' requiring heightened compliance verification."
WS/MP18086/2026-2027/171271-Construction of community centers and community halls,Karnataka,CHIKKAMAGALURU(DEPUTY COMMISSIONER CHIKMAGALUR),SHREYAS. M. PATEL,HASSAN,Repair and Renovation,SAARVAJANIKA SAMUDAYA BHAVANA DEVELOPMENT WORK AT KADUR TALUK HIRENALLURU GRAMA PANCHAYATH  HIRENALLURU VILLAGE 2024-25,2025-02-03,2026-05-16,1000000.0,467,Work partially Completed,-1,-0.08242128014396788,71.6,High,Severe sanction delay of 467 days (> 1 year) between recommendation and approval.
WS/MP18310/2025-2026/180856-Construction of rooms and halls in school and colleges,Odisha,Baleshwar(DISTRICT COLLECTOR BALESHWAR_IDA),AVIMANYU SETHI,BHADRAK(SC),Trust and Society,"Construction of Building of Saraswati Shishu Mandir, Anantapur.",2025-03-15,2026-02-10,500000.0,332,Sanction,-1,-0.08205606942143484,71.4,High,Sanction delay (332 days) is 2.6x higher than the typical approval time for authority 'Baleshwar(DISTRICT COLLECTOR BALESHWAR_IDA)'. | Work belongs to special category 'Trust and Society' requiring heightened compliance verification.
WS/  MP620/2025-2026/133167-Construction of rooms and halls in school and colleges,Karnataka,DHARWAD(DEPUTY COMMISSIONER DHARWAR_IDA),Pralhad Venkatesh Joshi,DHARWAD,Trust and Society,Construction of College room of  CBS Charitable Foudation at Nulvi Vilage Pry No 817/3 Continued work,2024-07-08,2025-09-18,500000.0,437,Sanction,-1,-0.08196159469639075,71.4,High,Severe sanction delay of 437 days (> 1 year) between recommendation and approval. | Work belongs to special category 'Trust and Society' requiring heightened compliance verification.
WS/MP18212/2025-2026/187693-Construction of rooms and halls in school and colleges,Uttar Pradesh,SITAPUR(DISTRICT MAGISTRATE SITAPUR_IDA),ANAND BHADAURIYA,DHAURAHRA,Trust and Society,BLOCK MAHOLI KE GRAM MAHSUNIYA ME R .P.CHILDRAN ACEDAMY ME BHAVAN NIRMAN VISTAR KA KARYA,2025-03-29,2026-01-16,199000.0,293,Work partially Completed,-1,-0.0817052981859484,71.3,High,Sanction delay (293 days) is 7.7x higher than the typical approval time for authority 'SITAPUR(DISTRICT MAGISTRATE SITAPUR_IDA)'. | Work belongs to special category 'Trust and Society' requiring heightened compliance verification.
WS/MP18065/2025-2026/165526-Construction of community centers and community halls,Haryana,ROHTAK(DEPUTY COMMISSIONER ROHTAK_IDA),DEEPENDER SINGH HOODA,ROHTAK,Repair and Renovation,Const. of B wall  Grill and Other development Works in Dharamshala near Mandir,2025-01-14,2025-04-02,1100000.0,78,Work Completed,-1,-0.08144290278581257,71.2,High,"Sanction amount (₹ 1,100,000) is 3.2x higher than the median sanction amount in Haryana."
WS/MP18262/2025-2026/193525-Construction of footpaths and pedestrian ways,Jharkhand,WEST SINGHBHUM(DEPUTY COMMISSIONER WEST SINGHBHUM_IDA),JOBA MAJHI,SINGHBHUM(ST),Repair and Renovation,Laying Paver Blocks in St Teressa School premises meromgutu.,2025-04-22,2025-05-28,662600.0,36,Work partially Completed,-1,-0.08118815824493864,71.1,High,"Sanction amount (₹ 662,600) is 2.7x higher than the median sanction amount in Jharkhand."
WS/MP18350/2025-2026/179012-Construction of additional rooms and halls in the existing public and community building,Odisha,Kandhamala(DISTRICT COLLECTOR KANDHAMAL_IDA),SUKANTA KUMAR PANIGRAHI,KANDHAMAL,Repair and Renovation,Renovation of Community Centre near Anandeswar Pitha,2025-03-04,2025-12-06,300000.0,277,Sanction,-1,-0.0809011081094041,71.0,High,Sanction delay (277 days) is 6.2x higher than the typical approval time for authority 'Kandhamala(DISTRICT COLLECTOR KANDHAMAL_IDA)'.
WS/MP18076/2026-2027/146587-Construction of community centers and community halls,Karnataka,BENGALURU URBAN(DEPUTY COMMISSIONER BANGALORE URBAN_IDA),DR C N MANJUNATH,BANGALORE RURAL,Trust and Society,"Construction of New Building Nammane Summane Destitute Orphanage at No.18 Gangondanahalli, Chammundeshwari Layout, Lakshmipura Post, Dasanapura Hobli, Bengaluru North Taluk, Pin-560073",2024-10-09,2026-08-19,500000.0,679,Sanction,-1,-0.08106271239807128,71.0,High,Severe sanction delay of 679 days (> 1 year) between recommendation and approval. | Work belongs to special category 'Trust and Society' requiring heightened compliance verification.
WS/MP386/2024-2025/145025-Construction of rooms and halls in school and colleges,Rajasthan,NAGAUR(DISTRICT COLLECTOR NAGAUR_IDA),Shri Hanuman Beniwal,NAGAUR,Repair and Renovation,"Complete repair work with Kota  stone, plaster of walls and Construction of Main gate in Govt SS School,Mundiyar",2024-10-01,2024-12-11,1500000.0,71,Work partially Completed,-1,-0.08109883724601674,71.0,High,"Sanction amount (₹ 1,500,000) is 3.0x higher than the typical amount for work category 'Repair and Renovation'."
WS/MP347/2024-2025/136720-Construction of culverts and bridges,Kerala,KOLLAM(DISTRICT COLLECTOR KOLLAM_IDA),Shri Suresh Kodikunnil,MAVELIKKARA(SC),Normal/Others,"Construction of bridge across Panayilthode in Kakkottuchal Nedumkottukonam road in Kottavattom North ward-11,Vettikkavala Grama Panchayath (SC)",2024-08-22,2024-10-29,5400000.0,68,Work partially Completed,-1,-0.08087285888407392,71.0,High,"Sanction amount (₹ 5,400,000) is 18.0x higher than the typical amount for work category 'Normal/Others'."
WS/MP18029/2025-2026/182037-Construction of community centers and community halls,Assam,Biswanath(Deputy Commissioner Biswanath_IDA),RANJIT DUTTA,Sonitpur,Repair and Renovation,Renovation of Anchalik Grammya Bikash Kendra Panibharal Namghar,2025-03-15,2026-01-02,700000.0,293,Vendor Identification,-1,-0.08028631301772593,70.7,High,Sanction delay (293 days) is 4.0x higher than the typical approval time for authority 'Biswanath(Deputy Commissioner Biswanath_IDA)'.
"WS/MP18039/2025-2026/183982-Construction of rooms and facilities for hospitals, FWC , PHC Centers and ANM centers",Bihar,SAHARSA(DISTRICT PLANNING OFFICER SAHARSA_IDA),RAJESH VERMA,KHAGARIA,Repair and Renovation,Simri nagar parishd ke  ward 18  hospital ka first floor ka renovation work,2025-04-01,2025-10-06,1400000.0,188,Sanction,-1,-0.07970918671890259,70.5,High,"Sanction amount (₹ 1,400,000) is 2.8x higher than the typical amount for work category 'Repair and Renovation'. | Sanction delay (188 days) is 7.5x higher than the typical approval time for authority 'SAHARSA(DISTRICT PLANNING OFFICER SAHARSA_IDA)'."
WS/MP18019/2026-2027/139500-Construction of community centers and community halls,Assam,DIMA HASAO(DEPUTY COMMISSIONER Dima Hasao_IDA),AMARSING TISSO,Diphu (ST),Normal/Others,"Construction of Community Building with Library, Guest Room, Conference Room at Haflong, Dima Hasao District (Total Estd. Cost:- Rs. 1.00 Cr.) 1st Installment Rs. 50.00 Lakhs",2024-09-06,2026-07-31,5000000.0,693,Physical Inspection,-1,-0.07933071298865646,70.4,High,"Sanction amount (₹ 5,000,000) is 16.7x higher than the typical amount for work category 'Normal/Others'. | Severe sanction delay of 693 days (> 1 year) between recommendation and approval."
WS/MP18326/2025-2026/160485-Construction of rooms and halls in school and colleges,Gujarat,SURENDRANAGAR(DISTRICT COLLECTOR SURENDRANAGAR_IDA),CHANDUBHAI CHHAGANBHAI SHIHORA,SURENDRANAGAR,Trust and Society,Patdi Taluka Vadgam Village Work of prayer rooms of aided Sri Secondary and Higher Secondary Schools run by Sri Vadgam Kelwani Mandal,2024-12-20,2026-01-09,1000000.0,385,Sanction,-1,-0.07955510306936342,70.4,High,"Sanction amount (₹ 1,000,000) is 4.0x higher than the median sanction amount in Gujarat. | Severe sanction delay of 385 days (> 1 year) between recommendation and approval. | Work belongs to special category 'Trust and Society' requiring heightened compliance verification."
WS/MP18082/2025-2026/176820-Construction of shelters for animals,Karnataka,CHITRADURGA(DEPUTY COMMISSIONER CHITRADURGA_IDA),GOVIND MAKTHAPPA KARJOL,CHITRADURGA(SC),Trust and Society,Continuation of work of Goshale(Cowshed) at Roppa village of Molakalmuru taluk,2025-02-21,2025-10-17,1000000.0,238,Work partially Completed,-1,-0.07936623275018695,70.4,High,Work belongs to special category 'Trust and Society' requiring heightened compliance verification.
"WS/MP431/2025-2026/190025-Construction of roads, link roads, pathways or any other road with or without drainage system",Haryana,GURUGRAM(DC CUM NODAL OFFICER MPLADS_5),Rao Inderjit Singh,GURGAON,Repair and Renovation,Repair of street from House of Samay Singh to House of Hetram,2025-04-08,2025-05-28,1000000.0,50,Work partially Completed,-1,-0.07914404384530116,70.3,High,"Sanction amount (₹ 1,000,000) is 2.9x higher than the median sanction amount in Haryana."
WS/MP18082/2025-2026/176073-Construction of community centers and community halls,Karnataka,CHITRADURGA(DEPUTY COMMISSIONER CHITRADURGA_IDA),GOVIND MAKTHAPPA KARJOL,CHITRADURGA(SC),Trust and Society,Continuation work of Community hall to Karnataka State Government Employees association Holalkere taluk branch,2025-02-17,2025-12-03,1000000.0,289,Work partially Completed,-1,-0.07927515896604465,70.3,High,Work belongs to special category 'Trust and Society' requiring heightened compliance verification.
WS/MP18254/2024-2025/156804-Construction of culverts and bridges,West Bengal,Paschim Medinipur(DISTRICT MAGISTRATE PASCHIM MEDINIPUR_IDA),JUNE MALIAH,MEDINIPUR,Normal/Others,Construction of vented causeway bridge at Parang Khal in between Jugdiha and Gohaldihi,2024-12-03,2025-03-12,7429927.0,99,Sanction,-1,-0.07881234252348612,70.2,High,"Sanction amount (₹ 7,429,927) is 24.8x higher than the typical amount for work category 'Normal/Others'."
"WS/MP18146/2025-2026/173999-Construction of Government office buildings (Post office, Police station, Police chauki, etc.)",Odisha,MAYURBHANJ(DISTRICT COLLECTOR MAYURBHANJ_IDA),ANANTA NAYAK,KEONJHAR(ST),Repair and Renovation,Additional class room at Champajhar High School,2025-02-15,2025-11-26,500000.0,284,Sanction,-1,-0.07893409884412461,70.2,High,Sanction delay (284 days) is 2.9x higher than the state average in Odisha.
WS/MP18247/2024-2025/145107-Street lights,West Bengal,BANKURA(DISTRICT MAGISTRATE BANKURA_IDA),ARUP CHAKRABORTY,BANKURA,Normal/Others,Installation of 20 nos. of solar high mast lights at different places of  Simlapal Block area under Bankura District,2024-10-02,2024-12-10,7600000.0,69,Sanction,-1,-0.07877457476008709,70.1,High,"Sanction amount (₹ 7,600,000) is 25.3x higher than the typical amount for work category 'Normal/Others'."
"WS/MP18244/2025-2026/195301-Construction of roads, link roads, pathways or any other road with or without drainage system",West Bengal,Alipurduar(DISTRICT MAGISTRATE ALIPURDUARS_IDA),MANOJ TIGGA,ALIPURDUARS(ST),Normal/Others,Construction of Paver Block Road and both side PCC Drain near the house of Sagar Chhetri to Ram Bahadur Thapa house Birpara I GP within Madarihat Birpara Block District Alipurduar,2025-04-29,2026-01-14,4813790.0,260,Sanction,-1,-0.07871050830326576,70.1,High,"Sanction amount (₹ 4,813,790) is 16.0x higher than the typical amount for work category 'Normal/Others'. | Sanction delay (260 days) is 2.6x higher than the state average in West Bengal."
WS/MP18029/2025-2026/175834-Construction of community centers and community halls,Assam,"SONITPUR(Deputy Commissioner Sonitpur, Tezpur)",RANJIT DUTTA,Sonitpur,Repair and Renovation,Renovation of Community Hall near Garubandha Dainik Bazar,2025-02-16,2025-09-16,1000000.0,212,Work partially Completed,-1,-0.07870737145145923,70.1,High,Overall project cost-delay pattern is anomalous compared with baseline national records.
