mp_norm,mp_name_works,state,total_sanctioned_amount,number_of_works,average_work_amount,maximum_work_amount,allocated_amt,allocated_amount,is_allocation_matched,utilization_percentage,remaining_amount,utilization_alert,fund_utilization_score
aashtikar patil nagesh bapurao,AASHTIKAR PATIL NAGESH BAPURAO,Maharashtra,52720638.0,29,1817953.0344827587,7938332.0,190289442.0,190289442.0,True,27.70549823778452,137568804.0,NORMAL,15.0
abdul rashid sheikh,ABDUL RASHID SHEIKH,Jammu And Kashmir,10394620.0,21,494981.90476190473,1900000.0,154773472.11,154773472.11,True,6.716021717605698,144378852.11,NORMAL,15.0
abhay kumar sinha,ABHAY KUMAR SINHA,Bihar,71965963.0,146,492917.55479452055,1500000.0,147000000.0,147000000.0,True,48.95643741496599,75034037.0,NORMAL,15.0
abhijit gangopadhyay,ABHIJIT GANGOPADHYAY,West Bengal,29365012.78,85,345470.7385882353,1000000.0,147000000.0,147000000.0,True,19.97619917006803,117634987.22,NORMAL,15.0
abhishek banerjee,Shri Abhishek Banerjee,West Bengal,48618624.0,157,309672.7643312102,1500000.0,147000000.0,147000000.0,True,33.07389387755102,98381376.0,NORMAL,15.0
abu taher khan,Abu Taher Khan,West Bengal,33903163.0,176,192631.60795454544,2386402.0,147000000.0,147000000.0,True,23.06337619047619,113096837.0,NORMAL,15.0
adhikari soumendu,ADHIKARI SOUMENDU,West Bengal,48521123.0,41,1183442.024390244,3239337.0,147000000.0,147000000.0,True,33.00756666666666,98478877.0,NORMAL,15.0
aditya yadav,ADITYA YADAV,Uttar Pradesh,48412573.0,65,744808.8153846153,2467000.0,147000000.0,147000000.0,True,32.9337231292517,98587427.0,NORMAL,15.0
adoor prakash,Adv Adoor Prakash,Kerala,39093073.0,150,260620.48666666666,1000000.0,147000000.0,147000000.0,True,26.593927210884356,107906927.0,NORMAL,15.0
afzal ansari,AFZAL ANSARI,Uttar Pradesh,71383841.0,97,735915.8865979381,3368957.0,220500000.0,220500000.0,True,32.37362403628118,149116159.0,NORMAL,15.0
aga syed ruhullah mehdi,AGA SYED RUHULLAH MEHDI,Jammu And Kashmir,24939532.0,59,422703.9322033898,2500000.0,147000000.0,147000000.0,True,16.965668027210885,122060468.0,NORMAL,15.0
ajay bhatt,Ajay Bhatt,Uttarakhand,37459330.0,139,269491.582733813,700000.0,147000000.0,147000000.0,True,25.48253741496599,109540670.0,NORMAL,15.0
ajay kumar mandal,Ajay Kumar Mandal,Bihar,15898477.0,15,1059898.4666666666,1490000.0,147000000.0,147000000.0,True,10.815290476190476,131101523.0,NORMAL,15.0
ajay tamta,Ajay Tamta,Uttarakhand,1700000.0,3,566666.6666666666,1000000.0,147000000.0,147000000.0,True,1.1564625850340136,145300000.0,NORMAL,15.0
ajendra singh lodhi,AJENDRA SINGH LODHI,Uttar Pradesh,49728000.0,77,645818.1818181818,2499000.0,147000000.0,147000000.0,True,33.82857142857143,97272000.0,NORMAL,15.0
akhilesh yadav,AKHILESH YADAV,Uttar Pradesh,15171778.0,15,1011451.8666666667,2225000.0,147000000.0,147000000.0,True,10.320937414965986,131828222.0,NORMAL,15.0
akshaya yadav,AKSHAYA YADAV,Uttar Pradesh,96154158.0,42,2289384.714285714,9511630.0,147000000.0,147000000.0,True,65.4109918367347,50845842.0,NORMAL,15.0
alfred kanngam s arthur,ALFRED KANNGAM S ARTHUR,Manipur,39751963.0,17,2338350.7647058824,11000000.0,147000000.0,147000000.0,True,27.04215170068027,107248037.0,NORMAL,15.0
alok kumar suman,Alok Kumar Suman,Bihar,39245507.0,38,1032776.5,1483490.0,147000000.0,147000000.0,True,26.697623809523808,107754493.0,NORMAL,15.0
alok sharma,ALOK SHARMA,Madhya Pradesh,21159254.0,23,919967.5652173914,5000000.0,147000000.0,147000000.0,True,14.394050340136054,125840746.0,NORMAL,15.0
amar sharadrao kale,AMAR SHARADRAO KALE,Maharashtra,32933040.0,41,803244.8780487805,2500000.0,147000000.0,147000000.0,True,22.40342857142857,114066960.0,NORMAL,15.0
amar singh,Shri Amar Singh,Punjab,16136624.0,48,336179.6666666667,1996215.0,147000000.0,147000000.0,True,10.97729523809524,130863376.0,NORMAL,15.0
amarsing tisso,AMARSING TISSO,Assam,47283742.0,51,927132.1960784313,5000000.0,147000000.0,147000000.0,True,32.16581088435374,99716258.0,NORMAL,15.0
ambica g lakshminarayana valmiki,AMBICA G LAKSHMINARAYANA VALMIKI,Andhra Pradesh,37466186.0,42,892052.0476190476,4000000.0,201899064.11,201899064.11,True,18.55688938686086,164432878.11,NORMAL,15.0
amit shah,Shri Amit Shah,Gujarat,4952769.0,26,190491.11538461538,200000.0,147000000.0,147000000.0,True,3.369230612244898,142047231.0,NORMAL,15.0
amol ramsing kolhe,Amol Ramsing Kolhe,Maharashtra,21380568.0,26,822329.5384615385,1000000.0,147000000.0,147000000.0,True,14.544604081632654,125619432.0,NORMAL,15.0
amraram,AMRARAM,Rajasthan,37327968.0,70,533256.6857142857,1500000.0,165691544.11,165691544.11,True,22.52858961542331,128363576.11000001,NORMAL,15.0
amrinder singh raja warring,AMRINDER SINGH RAJA WARRING,Punjab,42405479.0,111,382031.34234234237,2500000.0,147000000.0,147000000.0,True,28.84726462585034,104594521.0,NORMAL,15.0
anand bhadauriya,ANAND BHADAURIYA,Uttar Pradesh,49309476.33,142,347249.83330985915,2589833.0,147000000.0,147000000.0,True,33.54386144897959,97690523.67,NORMAL,15.0
anand kumar,ANAND KUMAR,Uttar Pradesh,42235088.0,34,1242208.4705882352,2493857.0,147000000.0,147000000.0,True,28.73135238095238,104764912.0,NORMAL,15.0
ananta nayak,ANANTA NAYAK,Odisha,32290000.0,106,304622.641509434,1000000.0,147000000.0,147000000.0,True,21.965986394557824,114710000.0,NORMAL,15.0
andimuthu raja,Andimuthu Raja,Tamil Nadu,44709830.0,48,931454.7916666666,2000000.0,147000000.0,147000000.0,True,30.414850340136056,102290170.0,NORMAL,15.0
andrew j syngkon,ANDREW J. SYNGKON,Meghalaya,44150000.0,113,390707.9646017699,1000000.0,98000000.0,98000000.0,True,45.05102040816327,53850000.0,NORMAL,15.0
angomcha bimol akoijam,ANGOMCHA BIMOL AKOIJAM,Manipur,38301644.0,13,2946280.3076923075,4991644.0,147000000.0,147000000.0,True,26.05554013605442,108698356.0,NORMAL,15.0
anil baluni,ANIL BALUNI,Uttarakhand,600000.0,1,600000.0,600000.0,147000000.0,147000000.0,True,0.40816326530612246,146400000.0,NORMAL,15.0
anil firojiya,Shri Anil Firojiya,Madhya Pradesh,45115025.0,154,292954.7077922078,1208921.0,147000000.0,147000000.0,True,30.69049319727891,101884975.0,NORMAL,15.0
anil yeshwant desai,ANIL YESHWANT DESAI,Maharashtra,43500000.0,16,2718750.0,4000000.0,147000000.0,147000000.0,True,29.591836734693878,103500000.0,NORMAL,15.0
anita nagarsingh chouhan,ANITA NAGARSINGH CHOUHAN,Madhya Pradesh,41549960.0,83,500601.9277108434,2202571.0,147000000.0,147000000.0,True,28.26527891156463,105450040.0,NORMAL,15.0
anita subhadarshini,ANITA SUBHADARSHINI,Odisha,23600000.0,69,342028.9855072464,1000000.0,147000000.0,147000000.0,True,16.054421768707485,123400000.0,NORMAL,15.0
annpurna devi,Annpurna Devi,Jharkhand,25133350.0,84,299206.54761904763,549000.0,166665931.8,166665931.8,True,15.080076491073264,141532581.8,NORMAL,15.0
anoop pradhan balmiki,ANOOP PRADHAN BALMIKI,Uttar Pradesh,49082873.0,35,1402367.8,2495938.0,147000000.0,147000000.0,True,33.38970952380952,97917127.0,NORMAL,15.0
anto antony,Anto Antony,Kerala,36369804.0,104,349709.6538461539,2381380.0,147000000.0,147000000.0,True,24.74136326530612,110630196.0,NORMAL,15.0
anup sanjay dhotre,ANUP SANJAY DHOTRE,Maharashtra,51071749.0,53,963617.9056603773,1500000.0,147000000.0,147000000.0,True,34.74268639455783,95928251.0,NORMAL,15.0
anupriya patel,Smt Anupriya Patel,Uttar Pradesh,7543000.0,2,3771500.0,3907000.0,147000000.0,147000000.0,True,5.131292517006802,139457000.0,NORMAL,15.0
anurag sharma,Anurag Sharma,Uttar Pradesh,48155808.0,84,573283.4285714285,5599000.0,147000000.0,147000000.0,True,32.75905306122449,98844192.0,NORMAL,15.0
anurag singh thakur,Anurag Singh Thakur,Himachal Pradesh,1275000.0,7,182142.85714285713,500000.0,149570117.11,149570117.11,True,0.8524430044153222,148295117.11,NORMAL,15.0
aparajita sarangi,Smt Aparajita Sarangi,Odisha,50600000.0,169,299408.2840236686,1000000.0,147420861.41,147420861.41,True,34.323500430019635,96820861.41,NORMAL,15.0
appalanaidu kalisetti,Appalanaidu Kalisetti,Andhra Pradesh,23327865.0,40,583196.625,2650000.0,147000000.0,147000000.0,True,15.869295918367346,123672135.0,NORMAL,15.0
arjun ram meghwal,Shri Arjun Ram Meghwal,Rajasthan,43231947.0,36,1200887.4166666667,2500000.0,147000000.0,147000000.0,True,29.40948775510204,103768053.0,NORMAL,15.0
arun bharti,ARUN BHARTI,Bihar,32154475.0,65,494684.23076923075,1700000.0,194924621.11,194924621.11,True,16.495850968900722,162770146.11,NORMAL,15.0
arun govil,ARUN GOVIL,Uttar Pradesh,42921202.0,73,587961.6712328767,999800.0,147000000.0,147000000.0,True,29.198096598639456,104078798.0,NORMAL,15.0
arun kumar sagar,Shri Arun Kumar Sagar,Uttar Pradesh,97143000.0,4,24285750.0,40095000.0,147000000.0,147000000.0,True,66.08367346938776,49857000.0,NORMAL,15.0
arun nehru,ARUN NEHRU,Tamil Nadu,48869068.0,26,1879579.5384615385,7200000.0,147000000.0,147000000.0,True,33.24426394557823,98130932.0,NORMAL,15.0
aruna d k,ARUNA. D. K,Telangana,23193230.0,68,341076.9117647059,1000000.0,147000000.0,147000000.0,True,15.777707482993197,123806770.0,NORMAL,15.0
arup chakraborty,ARUP CHAKRABORTY,West Bengal,46514306.0,26,1789011.7692307692,7600000.0,147000000.0,147000000.0,True,31.642385034013603,100485694.0,NORMAL,15.0
arvind dharmapuri,Arvind Dharmapuri,Telangana,145142241.0,410,354005.46585365856,498000.0,281396355.11,281396355.11,True,51.579289626286304,136254114.11,NORMAL,15.0
arvind ganpat sawant,Arvind Ganpat Sawant,Maharashtra,26374739.0,17,1551455.2352941176,2500000.0,147000000.0,147000000.0,True,17.94199931972789,120625261.0,NORMAL,15.0
ashish dubey,ASHISH DUBEY,Madhya Pradesh,21736351.0,86,252748.26744186046,2185000.0,147000000.0,147000000.0,True,14.786633333333333,125263649.0,NORMAL,15.0
ashok kumar rawat,Ashok Kumar Rawat,Uttar Pradesh,96086705.0,3,32028901.666666668,47472048.0,147000000.0,147000000.0,True,65.36510544217687,50913295.0,NORMAL,15.0
ashok kumar yadav,Ashok Kumar Yadav,Bihar,36045663.0,70,514938.04285714286,981891.0,147000000.0,147000000.0,True,24.52085918367347,110954337.0,NORMAL,15.0
asit kumar mal,Asit Kumar Mal,West Bengal,157511184.0,135,1166749.5111111111,5832150.0,275694456.74,275694456.74,True,57.132517593033995,118183272.74000001,NORMAL,15.0
atul garg,ATUL GARG,Uttar Pradesh,25080158.0,26,964621.4615384615,2710582.0,155336470.0,155336470.0,True,16.145698431282753,130256312.0,NORMAL,15.0
avimanyu sethi,AVIMANYU SETHI,Odisha,19250000.0,49,392857.14285714284,1000000.0,147000000.0,147000000.0,True,13.095238095238097,127750000.0,NORMAL,15.0
awadhesh prasad,AWADHESH PRASAD,Uttar Pradesh,47570075.0,34,1399119.8529411764,2970796.0,147000000.0,147000000.0,True,32.360595238095236,99429925.0,NORMAL,15.0
azad kirti jha,AZAD KIRTI JHA,West Bengal,48088472.0,43,1118336.558139535,10000000.0,179658399.98,179658399.98,True,26.76661486763398,131569927.97999999,NORMAL,15.0
b k parthasarathi,B K PARTHASARATHI,Andhra Pradesh,42749593.0,51,838227.3137254902,8000000.0,160491894.11,160491894.11,True,26.636605690938964,117742301.11000001,NORMAL,15.0
b y raghavendra,Shri B Y Raghavendra,Karnataka,45811295.0,110,416466.3181818182,1920000.0,147000000.0,147000000.0,True,31.1641462585034,101188705.0,NORMAL,15.0
babu singh kushwaha,BABU SINGH KUSHWAHA,Uttar Pradesh,33625655.0,537,62617.60707635009,1533000.0,147000000.0,147000000.0,True,22.87459523809524,113374345.0,NORMAL,15.0
bachhav shobha dinesh,BACHHAV SHOBHA DINESH,Maharashtra,40230794.0,40,1005769.85,1500000.0,147000000.0,147000000.0,True,27.367887074829934,106769206.0,NORMAL,15.0
bag mitali,BAG MITALI,West Bengal,40475237.0,77,525652.4285714285,2455577.0,147000000.0,147000000.0,True,27.534174829931974,106524763.0,NORMAL,15.0
baijayant panda,BAIJAYANT PANDA,Odisha,13600000.0,16,850000.0,1000000.0,147000000.0,147000000.0,True,9.251700680272108,133400000.0,NORMAL,15.0
bajrang manohar sonwane,BAJRANG MANOHAR SONWANE,Maharashtra,31063933.0,32,970747.90625,1000000.0,165899107.19,165899107.19,True,18.724593233900453,134835174.19,NORMAL,15.0
balabhadra majhi,BALABHADRA MAJHI,Odisha,27449652.0,71,386614.8169014084,1000000.0,147413962.11,147413962.11,True,18.62079521308648,119964310.11000001,NORMAL,15.0
balashowry vallabbhaneni,Balashowry Vallabbhaneni,Andhra Pradesh,16283559.0,18,904642.1666666666,3500000.0,147000000.0,147000000.0,True,11.077251020408163,130716441.0,NORMAL,15.0
balram naik porika,BALRAM NAIK PORIKA,Telangana,27168299.0,143,189988.1048951049,999000.0,147000000.0,147000000.0,True,18.48183605442177,119831701.0,NORMAL,15.0
balwant baswant wankhade,BALWANT BASWANT WANKHADE,Maharashtra,69963000.0,65,1076353.8461538462,3000000.0,198293678.0,198293678.0,True,35.28251667206455,128330678.0,NORMAL,15.0
balya mama suresh gopinath mhatre,BALYA MAMA SURESH GOPINATH MHATRE,Maharashtra,13997000.0,17,823352.9411764706,2100000.0,147000000.0,147000000.0,True,9.521768707482993,133003000.0,NORMAL,15.0
bansuri swaraj,Bansuri Swaraj,Delhi,16745965.0,34,492528.3823529412,2879532.0,154306950.0,154306950.0,True,10.852372495211654,137560985.0,NORMAL,15.0
bapi haldar,BAPI HALDAR,West Bengal,50187940.0,115,436416.8695652174,1534778.0,147000000.0,147000000.0,True,34.141455782312924,96812060.0,NORMAL,15.0
basavaraj bommai,BASAVARAJ BOMMAI,Karnataka,30250000.0,52,581730.7692307692,1500000.0,147000000.0,147000000.0,True,20.578231292517007,116750000.0,NORMAL,15.0
bastipati nagaraju panchalingala,BASTIPATI NAGARAJU PANCHALINGALA,Andhra Pradesh,24381594.0,78,312584.53846153844,2998485.0,159998515.11,159998515.11,True,15.238637673129338,135616921.11,NORMAL,15.0
benny behanan,Shri Benny Behanan,Kerala,28141280.0,52,541178.4615384615,3500000.0,164674770.11,164674770.11,True,17.08900518349113,136533490.11,NORMAL,15.0
bhagirath chaudhary,Bhagirath Chaudhary,Rajasthan,31611205.0,43,735144.3023255814,5100000.0,147000000.0,147000000.0,True,21.504221088435376,115388795.0,NORMAL,15.0
bharat singh kushwah,BHARAT SINGH KUSHWAH,Madhya Pradesh,5077201.0,4,1269300.25,1800000.0,151455276.04,151455276.04,True,3.35227740673695,146378075.04,NORMAL,15.0
bharatbhai manubhai sutariya,BHARATBHAI MANUBHAI SUTARIYA,Gujarat,39704955.0,108,367638.47222222225,2999995.0,147000000.0,147000000.0,True,27.010173469387755,107295045.0,NORMAL,15.0
bharatsinhji shankarji dabhi,Bharatsinhji Shankarji Dabhi,Gujarat,44890716.0,137,327669.4598540146,1100000.0,147000000.0,147000000.0,True,30.537902040816327,102109284.0,NORMAL,15.0
bharti pardhi,BHARTI PARDHI,Madhya Pradesh,47687826.0,80,596097.825,2500000.0,154398389.01,154398389.01,True,30.88621993129176,106710563.00999999,NORMAL,15.0
bhartruhari mahtab,Shri Bhartruhari Mahtab,Odisha,23603000.0,87,271298.8505747126,990000.0,147000000.0,147000000.0,True,16.056462585034016,123397000.0,NORMAL,15.0
bhaskar murlidhar bhagare,BHASKAR MURLIDHAR BHAGARE,Maharashtra,32929801.0,38,866573.7105263158,1000000.0,147000000.0,147000000.0,True,22.401225170068027,114070199.0,NORMAL,15.0
bhausaheb rajaram wakchaure,BHAUSAHEB RAJARAM WAKCHAURE,Maharashtra,31482726.0,54,583013.4444444445,1500000.0,147000000.0,147000000.0,True,21.416820408163264,115517274.0,NORMAL,15.0
bhojraj nag,BHOJRAJ NAG,Chhattisgarh,32793171.0,47,697727.0425531915,1000000.0,164672734.11,164672734.11,True,19.91414740104724,131879563.11000001,NORMAL,15.0
bhola singh,Bhola Singh,Uttar Pradesh,48716418.0,48,1014925.375,2035193.0,147000000.0,147000000.0,True,33.140420408163266,98283582.0,NORMAL,15.0
bhumare sandipanrao asaram,BHUMARE SANDIPANRAO ASARAM,Maharashtra,30902968.0,19,1626472.0,2499612.0,147000000.0,147000000.0,True,21.022427210884352,116097032.0,NORMAL,15.0
bhupender yadav,BHUPENDER YADAV,Rajasthan,45414799.0,31,1464993.5161290322,5800000.0,147000000.0,147000000.0,True,30.894421088435376,101585201.0,NORMAL,15.0
bibhu prasad tarai,BIBHU PRASAD TARAI,Odisha,9349588.0,39,239733.02564102566,900000.0,147000000.0,147000000.0,True,6.3602639455782315,137650412.0,NORMAL,15.0
bijuli kalita medhi,BIJULI KALITA MEDHI,Assam,44700000.0,54,827777.7777777778,2800000.0,147000000.0,147000000.0,True,30.408163265306122,102300000.0,NORMAL,15.0
biplab kumar deb,BIPLAB KUMAR DEB,Tripura,44599694.0,7,6371384.857142857,11517641.0,147000000.0,147000000.0,True,30.339927891156464,102400306.0,NORMAL,15.0
bishnu pada ray,BISHNU PADA RAY,Andaman And Nicobar Islands,18732344.0,7,2676049.1428571427,4992971.0,147000000.0,147000000.0,True,12.743091156462585,128267656.0,NORMAL,15.0
brijendra singh ola,BRIJENDRA SINGH OLA,Rajasthan,32475663.0,59,550434.966101695,1040000.0,147000000.0,147000000.0,True,22.092287755102042,114524337.0,NORMAL,15.0
brijmohan agrawal,BRIJMOHAN AGRAWAL,Chhattisgarh,47075504.0,67,702619.4626865672,1500000.0,153766451.11,153766451.11,True,30.614938213228037,106690947.11000001,NORMAL,15.0
bunty vivek sahu,BUNTY VIVEK SAHU,Madhya Pradesh,51774130.0,233,222206.56652360514,1000000.0,147000000.0,147000000.0,True,35.22049659863946,95225870.0,NORMAL,15.0
byreddy shabari,DR BYREDDY SHABARI,Andhra Pradesh,39423392.0,80,492792.4,1299518.0,150675889.11,150675889.11,True,26.164366596980354,111252497.11000001,NORMAL,15.0
c m ramesh,C.M.RAMESH,Andhra Pradesh,2480752.0,1,2480752.0,2480752.0,202531656.11,202531656.11,True,1.224871236253873,200050904.11,NORMAL,15.0
c n manjunath,DR C N MANJUNATH,Karnataka,44564113.0,95,469095.92631578946,1000000.0,147000000.0,147000000.0,True,30.315723129251698,102435887.0,NORMAL,15.0
c r patil,C R Patil,Gujarat,48358530.0,203,238219.35960591133,1000000.0,158532494.36,158532494.36,True,30.503859915422826,110173964.36000001,NORMAL,15.0
captain brijesh chowta,CAPTAIN BRIJESH CHOWTA,Karnataka,23847635.0,55,433593.36363636365,500000.0,147000000.0,147000000.0,True,16.22288095238095,123152365.0,NORMAL,15.0
captain viriato fernandes,CAPTAIN VIRIATO FERNANDES,Goa,25081615.0,19,1320085.0,5000000.0,147000000.0,147000000.0,True,17.0623231292517,121918385.0,NORMAL,15.0
chamala kiran kumar reddy,CHAMALA KIRAN KUMAR REDDY,Telangana,47331258.0,367,128968.00544959128,500000.0,147000000.0,147000000.0,True,32.19813469387755,99668742.0,NORMAL,15.0
chandan chauhan,CHANDAN CHAUHAN,Uttar Pradesh,47749843.0,58,823273.1551724138,1507000.0,147000000.0,147000000.0,True,32.48288639455782,99250157.0,NORMAL,15.0
chandra prakash choudhary,Shri Chandra Prakash Choudhary,Jharkhand,39886462.0,454,87855.64317180616,500000.0,147000000.0,147000000.0,True,27.13364761904762,107113538.0,NORMAL,15.0
chandra prakash joshi,Chandra Prakash Joshi,Rajasthan,4193529.0,10,419352.9,1500000.0,147000000.0,147000000.0,True,2.8527408163265306,142806471.0,NORMAL,15.0
chandra sekhar pemmasani,Dr Chandra Sekhar Pemmasani,Andhra Pradesh,32056054.0,21,1526478.761904762,5000000.0,159774113.11,159774113.11,True,20.063359061132953,127718059.11000001,NORMAL,15.0
chandra shekhar,CHANDRA SHEKHAR,Uttar Pradesh,48615122.0,168,289375.7261904762,2068782.0,147000000.0,147000000.0,True,33.07151156462585,98384878.0,NORMAL,15.0
chandubhai chhaganbhai shihora,CHANDUBHAI CHHAGANBHAI SHIHORA,Gujarat,40364648.0,98,411884.1632653061,1500000.0,147000000.0,147000000.0,True,27.458944217687076,106635352.0,NORMAL,15.0
charanjit singh channi,CHARANJIT SINGH CHANNI,Punjab,13353036.0,37,360892.86486486485,2835544.0,147000000.0,147000000.0,True,9.083697959183674,133646964.0,NORMAL,15.0
chhatra pal singh gangwar,CHHATRA PAL SINGH GANGWAR,Uttar Pradesh,31318582.0,50,626371.64,1379624.0,147000000.0,147000000.0,True,21.30515782312925,115681418.0,NORMAL,15.0
chhatrapati shahu shahaji,CHHATRAPATI SHAHU SHAHAJI,Maharashtra,8840286.0,10,884028.6,1500000.0,147000000.0,147000000.0,True,6.0138,138159714.0,NORMAL,15.0
chhotelal,CHHOTELAL,Uttar Pradesh,45473887.0,185,245804.7945945946,1650000.0,147000000.0,147000000.0,True,30.93461700680272,101526113.0,NORMAL,15.0
chintamani maharaj,CHINTAMANI MAHARAJ,Chhattisgarh,52567907.0,153,343581.091503268,2456908.0,147000000.0,147000000.0,True,35.76048095238095,94432093.0,NORMAL,15.0
cn annadurai,CN Annadurai,Tamil Nadu,53167397.0,118,450571.16101694916,5000000.0,148579509.11,148579509.11,True,35.78380176275708,95412112.11000001,NORMAL,15.0
d ravikumar,D Ravikumar,Tamil Nadu,62347362.0,101,617300.6138613861,5426798.0,197598306.11,197598306.11,True,31.552579183190044,135250944.11,NORMAL,15.0
daggubati purandeshwari,Daggubati Purandeshwari,Andhra Pradesh,63000000.0,19,3315789.4736842103,8000000.0,147000000.0,147000000.0,True,42.857142857142854,84000000.0,NORMAL,15.0
daggumalla prasada rao,DAGGUMALLA PRASADA RAO,Andhra Pradesh,47093688.0,90,523263.2,3100000.0,147000000.0,147000000.0,True,32.036522448979596,99906312.0,NORMAL,15.0
damodar agarwal,DAMODAR AGARWAL,Rajasthan,48831699.0,104,469535.5673076923,673050.0,147000000.0,147000000.0,True,33.21884285714285,98168301.0,NORMAL,15.0
daroga prasad saroj,DAROGA PRASAD SAROJ,Uttar Pradesh,34590763.0,102,339125.1274509804,1609758.0,147000000.0,147000000.0,True,23.531131292517006,112409237.0,NORMAL,15.0
darshan singh choudhary,DARSHAN SINGH CHOUDHARY,Madhya Pradesh,20476951.0,138,148383.70289855072,1000000.0,147000000.0,147000000.0,True,13.929898639455782,126523049.0,NORMAL,15.0
dean kuriakose,Adv Dean Kuriakose,Kerala,72617097.0,114,636992.0789473684,8676888.0,147000000.0,147000000.0,True,49.399385714285714,74382903.0,NORMAL,15.0
deepak dev adhikari,Shri Deepak (Dev) Adhikari,West Bengal,54246774.0,121,448320.4462809917,5999949.0,200747364.0,200747364.0,True,27.022409121147913,146500590.0,NORMAL,15.0
deepender singh hooda,DEEPENDER SINGH HOODA,Haryana,49026600.0,69,710530.4347826086,2100000.0,147000000.0,147000000.0,True,33.35142857142857,97973400.0,NORMAL,15.0
devendra alias bhole singh,Devendra Alias Bhole Singh,Uttar Pradesh,47218895.0,66,715437.803030303,3080958.0,147000000.0,147000000.0,True,32.12169727891157,99781105.0,NORMAL,15.0
devesh chandra thakur,DEVESH CHANDRA THAKUR,Bihar,15817152.0,56,282449.14285714284,1449900.0,163809205.11,163809205.11,True,9.65583832079435,147992053.11,NORMAL,15.0
devesh shakya,DEVESH SHAKYA,Uttar Pradesh,43590797.0,181,240833.13259668509,241000.0,147000000.0,147000000.0,True,29.653603401360545,103409203.0,NORMAL,15.0
devusinh jesingbhai chauhan,Devusinh Jesingbhai Chauhan,Gujarat,34676131.0,170,203977.2411764706,767614.0,147000000.0,147000000.0,True,23.58920476190476,112323869.0,NORMAL,15.0
dhairyasheel sambhajirao mane,Dhairyasheel Sambhajirao Mane,Maharashtra,8901717.0,5,1780343.4,3968967.0,147000000.0,147000000.0,True,6.055589795918367,138098283.0,NORMAL,15.0
dhanorkar pratibha suresh alias balubhau,DHANORKAR PRATIBHA SURESH ALIAS BALUBHAU,Maharashtra,16615160.0,13,1278089.2307692308,2500000.0,147000000.0,147000000.0,True,11.30282993197279,130384840.0,NORMAL,15.0
dharambir singh,Shri  Dharambir Singh,Haryana,19393540.0,36,538709.4444444445,2100000.0,147000000.0,147000000.0,True,13.192884353741496,127606460.0,NORMAL,15.0
dharamvira gandhi,DR DHARAMVIRA GANDHI,Punjab,14853237.0,61,243495.68852459016,500000.0,147000000.0,147000000.0,True,10.104242857142857,132146763.0,NORMAL,15.0
dharmendra pradhan,DHARMENDRA PRADHAN,Odisha,1500000.0,1,1500000.0,1500000.0,147000000.0,147000000.0,True,1.0204081632653061,145500000.0,NORMAL,15.0
dharmendra yadav,DHARMENDRA YADAV,Uttar Pradesh,32219435.0,20,1610971.75,3481605.0,147000000.0,147000000.0,True,21.91798299319728,114780565.0,NORMAL,15.0
dhaval laxmanbhai patel,DHAVAL LAXMANBHAI PATEL,Gujarat,25046339.0,52,481660.3653846154,2089000.0,147000000.0,147000000.0,True,17.038325850340136,121953661.0,NORMAL,15.0
dileshwar kamait,Dileshwar Kamait,Bihar,58072940.0,44,1319839.5454545454,4000000.0,150450930.89,150450930.89,True,38.59925602086117,92377990.88999999,NORMAL,15.0
dilip saikia,Dilip Saikia,Assam,2000000.0,6,333333.3333333333,500000.0,147000000.0,147000000.0,True,1.3605442176870748,145000000.0,NORMAL,15.0
dimple yadav,Smt Dimple Yadav,Uttar Pradesh,37374797.0,47,795208.4468085107,2546900.0,192042469.11,192042469.11,True,19.46173529907704,154667672.11,NORMAL,15.0
dinesh chandra yadav,Dinesh Chandra Yadav,Bihar,31451021.0,25,1258040.84,1475021.0,150070866.11,150070866.11,True,20.95744618209027,118619845.11000001,NORMAL,15.0
dineshbhai makwana,DINESHBHAI MAKWANA,Gujarat,29373210.0,47,624961.914893617,4999918.0,160434965.11,160434965.11,True,18.308484051379114,131061755.11000001,NORMAL,15.0
durai vaiko,DURAI VAIKO,Tamil Nadu,45091219.0,41,1099785.8292682928,4800000.0,147000000.0,147000000.0,True,30.67429863945578,101908781.0,NORMAL,15.0
durga das uikey,Durga Das Uikey,Madhya Pradesh,41631426.0,149,279405.5436241611,1500000.0,151569502.91,151569502.91,True,27.466888259652205,109938076.91,NORMAL,15.0
dushyant singh,Dushyant Singh,Rajasthan,6100000.0,3,2033333.3333333333,2500000.0,147000000.0,147000000.0,True,4.149659863945578,140900000.0,NORMAL,15.0
e t mohammed basheer,E.T. MOHAMMED BASHEER,Kerala,29922056.0,73,409891.1780821918,2861487.0,163895872.11,163895872.11,True,18.25674778429903,133973816.11000001,NORMAL,15.0
e tukaram,E. TUKARAM,Karnataka,18150000.0,17,1067647.0588235294,5200000.0,147000000.0,147000000.0,True,12.346938775510203,128850000.0,NORMAL,15.0
eatala rajender,EATALA RAJENDER,Telangana,45839904.0,56,818569.7142857143,3000000.0,327477390.86,327477390.86,True,13.997883603389596,281637486.86,NORMAL,15.0
eswarasamy k,ESWARASAMY K,Tamil Nadu,17116294.0,17,1006840.8235294118,1700000.0,162315106.11,162315106.11,True,10.545102307606777,145198812.11,NORMAL,15.0
faggan singh kulaste,Faggan Singh Kulaste,Madhya Pradesh,46371976.0,130,356707.5076923077,1000000.0,151861648.41,151861648.41,True,30.535672755772904,105489672.41,NORMAL,15.0
g kumar naik,G. KUMAR NAIK,Karnataka,25495548.0,30,849851.6,2500000.0,147000000.0,147000000.0,True,17.343910204081634,121504452.0,NORMAL,15.0
gaikwad varsha eknath,GAIKWAD VARSHA EKNATH,Maharashtra,48000000.0,31,1548387.0967741935,2500000.0,147000000.0,147000000.0,True,32.6530612244898,99000000.0,NORMAL,15.0
gajendra singh patel,Gajendra Singh Patel,Madhya Pradesh,48782375.0,136,358693.9338235294,2000000.0,147000000.0,147000000.0,True,33.18528911564626,98217625.0,NORMAL,15.0
ganapathy rajkumar p,GANAPATHY RAJKUMAR P,Tamil Nadu,29375965.0,8,3671995.625,20000000.0,147370490.11,147370490.11,True,19.93341066998776,117994525.11000001,NORMAL,15.0
ganesan selvam,Ganesan Selvam,Tamil Nadu,75900425.0,222,341893.80630630633,4000000.0,186508749.11,186508749.11,True,40.695369714390765,110608324.11000001,NORMAL,15.0
ganesh singh,Ganesh Singh,Madhya Pradesh,29871286.0,153,195237.16339869282,500000.0,147000000.0,147000000.0,True,20.320602721088434,117128714.0,NORMAL,15.0
gaurav gogoi,GAURAV GOGOI,Assam,34945784.0,161,217054.55900621117,600000.0,147000000.0,147000000.0,True,23.772642176870747,112054216.0,NORMAL,15.0
geniben nagaji thakor,GENIBEN NAGAJI THAKOR,Gujarat,9247725.0,18,513762.5,1000000.0,147000000.0,147000000.0,True,6.290969387755102,137752275.0,NORMAL,15.0
giridhari yadav,Giridhari Yadav,Bihar,49674091.0,40,1241852.275,1995127.0,147000000.0,147000000.0,True,33.79189863945578,97325909.0,NORMAL,15.0
giriraj singh,Giriraj Singh,Bihar,39205522.0,30,1306850.7333333334,1400000.0,147000000.0,147000000.0,True,26.670423129251702,107794478.0,NORMAL,15.0
gm harish balayogi,GM Harish Balayogi,Andhra Pradesh,37966597.0,16,2372912.3125,11586983.0,147000000.0,147000000.0,True,25.827617006802722,109033403.0,NORMAL,15.0
godam nagesh,GODAM NAGESH,Telangana,21195000.0,101,209851.48514851485,500000.0,147000000.0,147000000.0,True,14.418367346938776,125805000.0,NORMAL,15.0
gopal jee thakur,Mr Gopal Jee Thakur,Bihar,35638548.0,72,494979.8333333333,799500.0,147000000.0,147000000.0,True,24.243910204081633,111361452.0,NORMAL,15.0
gopinath k,GOPINATH K,Tamil Nadu,37274009.0,43,866837.4186046511,2075000.0,147000000.0,147000000.0,True,25.356468707482993,109725991.0,NORMAL,15.0
govind makthappa karjol,GOVIND MAKTHAPPA KARJOL,Karnataka,40300000.0,74,544594.5945945946,2500000.0,147000000.0,147000000.0,True,27.414965986394556,106700000.0,NORMAL,15.0
gowaal kagada padavi,ADV GOWAAL KAGADA PADAVI,Maharashtra,3197000.0,3,1065666.6666666667,1199000.0,147816309.11,147816309.11,True,2.1628195286765672,144619309.11,NORMAL,15.0
gumma thanuja rani,Gumma Thanuja Rani,Andhra Pradesh,41778400.0,45,928408.8888888889,3990000.0,149458905.11,149458905.11,True,27.95310187054534,107680505.11000001,NORMAL,15.0
gurjeet singh aujla,Shri Gurjeet Singh Aujla,Punjab,16943646.0,44,385082.86363636365,1000000.0,147000000.0,147000000.0,True,11.526289795918368,130056354.0,NORMAL,15.0
gurmeet singh meet hayer,GURMEET SINGH MEET HAYER,Punjab,17939239.0,80,224240.4875,1000000.0,147000000.0,147000000.0,True,12.203563945578232,129060761.0,NORMAL,15.0
gyaneshwar patil,Gyaneshwar Patil,Madhya Pradesh,48977365.0,151,324353.4105960265,2450000.0,155690684.77,155690684.77,True,31.45812164186552,106713319.77000001,NORMAL,15.0
hanuman beniwal,Shri Hanuman Beniwal,Rajasthan,42252197.0,156,270847.4166666667,1500000.0,147000000.0,147000000.0,True,28.742991156462583,104747803.0,NORMAL,15.0
harendra singh malik,HARENDRA SINGH MALIK,Uttar Pradesh,47681299.0,81,588658.012345679,1488000.0,147000000.0,147000000.0,True,32.43625782312925,99318701.0,NORMAL,15.0
haribhai patel,HARIBHAI PATEL,Gujarat,45876628.0,223,205724.78923766816,2910000.0,147000000.0,147000000.0,True,31.20859047619048,101123372.0,NORMAL,15.0
harsh malhotra,Harsh Malhotra,Delhi,17760035.0,23,772175.4347826086,2917222.0,147134131.0,147134131.0,True,12.070642535007734,129374096.0,NORMAL,15.0
harsimrat kaur badal,Smt Harsimrat Kaur Badal,Punjab,49126313.0,132,372169.0378787879,2000000.0,159775982.39,159775982.39,True,30.74699480181366,110649669.38999999,NORMAL,15.0
hasmukh bhai soma bhai patel,Hasmukh Bhai Soma Bhai Patel,Gujarat,36790278.0,50,735805.56,9424000.0,147000000.0,147000000.0,True,25.0274,110209722.0,NORMAL,15.0
hema malini,Smt Hema Malini,Uttar Pradesh,19041641.0,14,1360117.2142857143,2299500.0,147000000.0,147000000.0,True,12.953497278911566,127958359.0,NORMAL,15.0
hemang joshi,DR. HEMANG JOSHI,Gujarat,38726980.0,55,704126.9090909091,4946073.0,147000000.0,147000000.0,True,26.3448843537415,108273020.0,NORMAL,15.0
hibi eden,Shri Hibi Eden,Kerala,56619305.0,48,1179568.8541666667,7896000.0,162177260.11,162177260.11,True,34.911987637229046,105557955.11000001,NORMAL,15.0
himadri singh,Smt Himadri Singh,Madhya Pradesh,41948262.0,76,551950.8157894737,2499000.0,150724861.11,150724861.11,True,27.831017186597958,108776599.11000001,NORMAL,15.0
imran masood,IMRAN MASOOD,Uttar Pradesh,47038536.0,56,839973.8571428572,1951444.0,147000000.0,147000000.0,True,31.999004081632656,99961464.0,NORMAL,15.0
indra hang subba,Indra Hang Subba,Sikkim,48878159.0,21,2327531.380952381,5000000.0,152003923.11,152003923.11,True,32.155853612165366,103125764.11000001,NORMAL,15.0
iqra choudhary,IQRA CHOUDHARY,Uttar Pradesh,34287857.0,33,1039025.9696969697,2008744.0,147000000.0,147000000.0,True,23.325072789115648,112712143.0,NORMAL,15.0
isha khan choudhury,ISHA KHAN CHOUDHURY,West Bengal,11691177.0,35,334033.6285714286,1500000.0,147000000.0,147000000.0,True,7.953181632653061,135308823.0,NORMAL,15.0
jagadish chandra barma basunia,JAGADISH CHANDRA BARMA BASUNIA,West Bengal,42035060.0,41,1025245.3658536585,5000000.0,168604641.11,168604641.11,True,24.931140520963325,126569581.11000001,NORMAL,15.0
jagadish shettar,JAGADISH SHETTAR,Karnataka,3500000.0,7,500000.0,500000.0,147000000.0,147000000.0,True,2.380952380952381,143500000.0,NORMAL,15.0
jagannath sarkar,Jagannath Sarkar,West Bengal,46668632.0,96,486131.5833333333,2272810.0,147000000.0,147000000.0,True,31.74736870748299,100331368.0,NORMAL,15.0
jai parkash,JAI PARKASH,Haryana,54758020.0,146,375054.9315068493,2100000.0,147000000.0,147000000.0,True,37.2503537414966,92241980.0,NORMAL,15.0
jai prakash,Jai Prakash,Uttar Pradesh,48884859.0,12,4073738.25,8602500.0,147000000.0,147000000.0,True,33.25500612244898,98115141.0,NORMAL,15.0
janardan mishra,Janardan Mishra,Madhya Pradesh,49729049.0,50,994580.98,3837900.0,147000000.0,147000000.0,True,33.82928503401361,97270951.0,NORMAL,15.0
janardan singh sigriwal,Shri Janardan Singh Sigriwal,Bihar,12000000.0,6,2000000.0,2000000.0,147000000.0,147000000.0,True,8.16326530612245,135000000.0,NORMAL,15.0
jashubhai bhilubhai rathva,JASHUBHAI BHILUBHAI RATHVA,Gujarat,37003525.0,123,300841.6666666667,2688000.0,147000000.0,147000000.0,True,25.17246598639456,109996475.0,NORMAL,15.0
jaswantsinh sumanbhai bhabhor,Jaswantsinh Sumanbhai Bhabhor,Gujarat,43181038.0,128,337351.859375,2500000.0,147000000.0,147000000.0,True,29.374855782312924,103818962.0,NORMAL,15.0
jayanta kumar roy,Dr Jayanta Kumar Roy,West Bengal,8257652.0,5,1651530.4,2105768.0,147000000.0,147000000.0,True,5.617450340136054,138742348.0,NORMAL,15.0
jitan ram manjhi,JITAN RAM MANJHI,Bihar,47247067.0,151,312894.4834437086,4999800.0,147000000.0,147000000.0,True,32.140861904761906,99752933.0,NORMAL,15.0
jitendra kumar dohare,JITENDRA KUMAR DOHARE,Uttar Pradesh,85705685.0,248,345587.43951612903,2000000.0,188747306.26,188747306.26,True,45.40763346415135,103041621.25999999,NORMAL,15.0
jitendra singh,Jitendra Singh,Jammu And Kashmir,34548773.0,171,202039.6081871345,559250.0,147000000.0,147000000.0,True,23.502566666666667,112451227.0,NORMAL,15.0
jitin prasada,JITIN PRASADA,Uttar Pradesh,7678364.0,22,349016.54545454547,349448.0,147000000.0,147000000.0,True,5.223376870748299,139321636.0,NORMAL,15.0
joba majhi,JOBA MAJHI,Jharkhand,3713200.0,5,742640.0,1496400.0,147000000.0,147000000.0,True,2.525986394557823,143286800.0,NORMAL,15.0
joyanta basumatary,JOYANTA BASUMATARY,Assam,7000000.0,11,636363.6363636364,1500000.0,147000000.0,147000000.0,True,4.761904761904762,140000000.0,NORMAL,15.0
jual oram,Shri Jual Oram,Odisha,69788256.0,115,606854.4,1000000.0,173096756.91,173096756.91,True,40.31748326531949,103308500.91,NORMAL,15.0
jugal kishore sharma,Shri Jugal Kishore Sharma,Jammu And Kashmir,28941708.0,49,590647.1020408163,3000000.0,147000000.0,147000000.0,True,19.688236734693877,118058292.0,NORMAL,15.0
june maliah,JUNE MALIAH,West Bengal,31812152.0,13,2447088.6153846155,7429927.0,147000000.0,147000000.0,True,21.640919727891156,115187848.0,NORMAL,15.0
jyotiraditya m scindia,JYOTIRADITYA M. SCINDIA,Madhya Pradesh,48742727.0,49,994749.5306122449,3200000.0,147000000.0,147000000.0,True,33.15831768707483,98257273.0,NORMAL,15.0
jyotirmay singh mahato,Shri Jyotirmay Singh Mahato,West Bengal,401034.0,1,401034.0,401034.0,147000000.0,147000000.0,True,0.2728122448979592,146598966.0,NORMAL,15.0
jyotsna charandas mahant,Jyotsna Charandas Mahant,Chhattisgarh,45938592.0,136,337783.76470588235,996800.0,155153738.11,155153738.11,True,29.608433905363412,109215146.11000001,NORMAL,15.0
k c venugopal,K. C VENUGOPAL,Kerala,20303972.0,15,1353598.1333333333,2884733.0,147000000.0,147000000.0,True,13.812225850340138,126696028.0,NORMAL,15.0
k e prakash,K E PRAKASH,Tamil Nadu,37669095.0,48,784772.8125,3000000.0,147000000.0,147000000.0,True,25.62523469387755,109330905.0,NORMAL,15.0
k francis george,ADV K FRANCIS GEORGE,Kerala,32171755.0,84,382997.0833333333,1500000.0,188722256.11,188722256.11,True,17.04714412763704,156550501.11,NORMAL,15.0
k radhakrishnan,K RADHAKRISHNAN,Kerala,42469493.0,68,624551.3676470588,5170000.0,147000000.0,147000000.0,True,28.89081156462585,104530507.0,NORMAL,15.0
k rajashekar basavaraj hitnal,K. RAJASHEKAR BASAVARAJ HITNAL,Karnataka,44347382.0,79,561359.2658227849,2550000.0,147000000.0,147000000.0,True,30.16828707482993,102652618.0,NORMAL,15.0
k subbarayan,K Subbarayan,Tamil Nadu,58530896.0,54,1083905.4814814816,6000000.0,147000000.0,147000000.0,True,39.81693605442177,88469104.0,NORMAL,15.0
k sudhakar,DR.K.SUDHAKAR,Karnataka,42644028.0,66,646121.6363636364,1100000.0,147000000.0,147000000.0,True,29.009542857142854,104355972.0,NORMAL,15.0
kadiyam kavya,KADIYAM KAVYA,Telangana,32527016.0,76,427987.05263157893,2000000.0,147000000.0,147000000.0,True,22.127221768707482,114472984.0,NORMAL,15.0
kakoli ghosh dastidar,Kakoli Ghosh Dastidar,West Bengal,63148245.0,84,751764.8214285715,11000000.0,147000000.0,147000000.0,True,42.957989795918365,83851755.0,NORMAL,15.0
kalanidhi veeraswamy,Kalanidhi Veeraswamy,Tamil Nadu,26899544.0,9,2988838.222222222,10000000.0,171500000.0,171500000.0,True,15.68486530612245,144600456.0,NORMAL,15.0
kalge shivaji bandappa,DR KALGE SHIVAJI BANDAPPA,Maharashtra,29333651.0,34,862754.4411764706,1991059.0,147000000.0,147000000.0,True,19.95486462585034,117666349.0,NORMAL,15.0
kali charan munda,KALI CHARAN MUNDA,Jharkhand,48958000.0,79,619721.5189873418,1300000.0,147000000.0,147000000.0,True,33.304761904761904,98042000.0,NORMAL,15.0
kali charan singh,KALI CHARAN SINGH,Jharkhand,300000.0,1,300000.0,300000.0,147000000.0,147000000.0,True,0.20408163265306123,146700000.0,NORMAL,15.0
kalipada saren,KALIPADA SAREN,West Bengal,47724974.0,27,1767591.6296296297,4947386.0,147000000.0,147000000.0,True,32.46596870748299,99275026.0,NORMAL,15.0
kalyan banerjee,Kalyan Banerjee,West Bengal,47405075.0,67,707538.432835821,4688851.0,147000000.0,147000000.0,True,32.24835034013606,99594925.0,NORMAL,15.0
kalyan vaijinathrao kale,KALYAN VAIJINATHRAO KALE,Maharashtra,33972711.0,34,999197.3823529412,1500000.0,147000000.0,147000000.0,True,23.11068775510204,113027289.0,NORMAL,15.0
kamaljeet sehrawat,Kamaljeet Sehrawat,Delhi,7781156.0,7,1111593.7142857143,1898345.0,147000000.0,147000000.0,True,5.293303401360544,139218844.0,NORMAL,15.0
kamlesh jangde,KAMLESH JANGDE,Chhattisgarh,48468461.0,61,794564.9344262296,1500000.0,150384382.11,150384382.11,True,32.22971715543394,101915921.11000001,NORMAL,15.0
kamlesh paswan,Kamlesh Paswan,Uttar Pradesh,3200000.0,2,1600000.0,1600000.0,147000000.0,147000000.0,True,2.1768707482993195,143800000.0,NORMAL,15.0
kangana ranaut,Kangana Ranaut,Himachal Pradesh,28182084.0,94,299809.40425531915,2500000.0,147000000.0,147000000.0,True,19.171485714285712,118817916.0,NORMAL,15.0
kani k navas,Kani K Navas,Tamil Nadu,11468284.0,15,764552.2666666667,2250000.0,147000000.0,147000000.0,True,7.8015537414965985,135531716.0,NORMAL,15.0
kanimozhi karunanidhi,Kanimozhi Karunanidhi,Tamil Nadu,35986942.0,15,2399129.466666667,4000000.0,147000000.0,147000000.0,True,24.480912925170067,111013058.0,NORMAL,15.0
kanwar singh tanwar,KANWAR SINGH TANWAR,Uttar Pradesh,44964686.0,42,1070587.761904762,1860544.0,147000000.0,147000000.0,True,30.588221768707484,102035314.0,NORMAL,15.0
karan bhushan singh,KARAN BHUSHAN SINGH,Uttar Pradesh,45529023.0,31,1468678.1612903227,2486995.0,147000000.0,147000000.0,True,30.972124489795917,101470977.0,NORMAL,15.0
karti p chidambaram,Shri Karti P Chidambaram,Tamil Nadu,52943423.0,73,725252.3698630137,10000000.0,159049284.11,159049284.11,True,33.2874324435084,106105861.11000001,NORMAL,15.0
kaushalendra kumar,Kaushalendra Kumar,Bihar,4799355.0,1,4799355.0,4799355.0,147000000.0,147000000.0,True,3.2648673469387752,142200645.0,NORMAL,15.0
khagen murmu,Khagen Murmu,West Bengal,5004217.0,7,714888.1428571428,1399456.0,147000000.0,147000000.0,True,3.40422925170068,141995783.0,NORMAL,15.0
khalilur rahaman,Khalilur Rahaman,West Bengal,2502015.0,3,834005.0,1242015.0,147000000.0,147000000.0,True,1.7020510204081634,144497985.0,NORMAL,15.0
kinjarapu ram mohan naidu,Kinjarapu Ram Mohan Naidu,Andhra Pradesh,46543677.0,71,655544.7464788732,6000000.0,171200630.11,171200630.11,True,27.186627157910987,124656953.11000001,NORMAL,15.0
kirsan namdeo,DR. KIRSAN NAMDEO,Maharashtra,35887283.0,39,920186.7435897436,2000000.0,147000000.0,147000000.0,True,24.41311768707483,111112717.0,NORMAL,15.0
kirti vardhan singh,Kirti Vardhan Singh,Uttar Pradesh,47866477.0,57,839762.754385965,2389000.0,147000000.0,147000000.0,True,32.56222925170068,99133523.0,NORMAL,15.0
kishori lal,KISHORI LAL,Uttar Pradesh,37405634.0,24,1558568.0833333333,6447168.0,171500000.0,171500000.0,True,21.810865306122448,134094366.0,NORMAL,15.0
konda vishweshwar reddy,KONDA VISHWESHWAR REDDY,Telangana,35003297.0,180,194462.76111111112,1300000.0,233721420.96,233721420.96,True,14.976503589711873,198718123.96,NORMAL,15.0
kota srinivas poojary,KOTA SRINIVAS POOJARY,Karnataka,37622593.0,92,408941.22826086957,1000000.0,147000000.0,147000000.0,True,25.59360068027211,109377407.0,NORMAL,15.0
krishan pal gurjar,Krishan Pal Gurjar,Haryana,3537396.0,3,1179132.0,2100000.0,147000000.0,147000000.0,True,2.4063918367346937,143462604.0,NORMAL,15.0
krishna devi shivshanker patel,KRISHNA DEVI SHIVSHANKER PATEL,Uttar Pradesh,47829424.12,191,250415.83308900523,999000.0,147000000.0,147000000.0,True,32.53702321088435,99170575.88,NORMAL,15.0
krishna prasad tenneti,Krishna Prasad Tenneti,Andhra Pradesh,1000000.0,1,1000000.0,1000000.0,167796849.11,167796849.11,True,0.5959587473209615,166796849.11,NORMAL,15.0
kriti devi debbarman,KRITI DEVI DEBBARMAN,Tripura,19786310.0,5,3957262.0,5807060.0,147000000.0,147000000.0,True,13.460074829931973,127213690.0,NORMAL,15.0
kumbakudi sudhakaran,Shri Kumbakudi Sudhakaran,Kerala,28364105.0,68,417119.1911764706,2541665.0,147000000.0,147000000.0,True,19.29530952380952,118635895.0,NORMAL,15.0
kunduru raghuveer,KUNDURU RAGHUVEER,Telangana,3870000.0,1,3870000.0,3870000.0,162952022.0,162952022.0,True,2.374932174821372,159082022.0,NORMAL,15.0
lalji verma,LALJI VERMA,Uttar Pradesh,48784321.0,141,345988.09219858155,1516682.0,147000000.0,147000000.0,True,33.18661292517007,98215679.0,NORMAL,15.0
lata wankhede,DR. LATA WANKHEDE,Madhya Pradesh,52990867.0,75,706544.8933333333,2698500.0,147000000.0,147000000.0,True,36.04820884353742,94009133.0,NORMAL,15.0
lavu sri krishna devarayalu,Lavu Sri Krishna Devarayalu,Andhra Pradesh,416758.0,1,416758.0,416758.0,174009663.11,174009663.11,True,0.23950279113898798,173592905.11,NORMAL,15.0
laxmikant pappu nishad,LAXMIKANT PAPPU NISHAD,Uttar Pradesh,3498365.0,3,1166121.6666666667,1500000.0,147000000.0,147000000.0,True,2.3798401360544217,143501635.0,NORMAL,15.0
lovely anand,LOVELY ANAND,Bihar,2998079.0,2,1499039.5,1499181.0,147000000.0,147000000.0,True,2.0395095238095236,144001921.0,NORMAL,15.0
ls tejasvi surya,Shri LS Tejasvi Surya,Karnataka,20583617.0,18,1143534.2777777778,5490893.0,147000000.0,147000000.0,True,14.002460544217687,126416383.0,NORMAL,15.0
lumbaram,LUMBARAM,Rajasthan,30962580.0,43,720060.0,1499906.0,147000000.0,147000000.0,True,21.062979591836733,116037420.0,NORMAL,15.0
m k raghavan,Shri M K Raghavan,Kerala,29214335.0,69,423396.15942028986,1500000.0,147000000.0,147000000.0,True,19.873697278911564,117785665.0,NORMAL,15.0
m k vishnuprasad,M.K. VISHNUPRASAD,Tamil Nadu,48054242.0,52,924120.0384615385,3136643.0,147000000.0,147000000.0,True,32.68996054421769,98945758.0,NORMAL,15.0
m mallesh babu,M. MALLESH BABU,Karnataka,32507000.0,63,515984.126984127,5000000.0,147065957.11,147065957.11,True,22.10368778662076,114558957.11000001,NORMAL,15.0
m p abdussamad samadani,DR. M.P ABDUSSAMAD SAMADANI,Kerala,36192920.0,117,309341.19658119656,1500000.0,170434031.11,170434031.11,True,21.23573547153895,134241111.11,NORMAL,15.0
maddila gurumoorthy,Maddila Gurumoorthy,Andhra Pradesh,41504454.0,130,319265.0307692308,2000321.0,180399007.0,180399007.0,True,23.00703018836462,138894553.0,NORMAL,15.0
madhavaneni raghunandan rao,MADHAVANENI RAGHUNANDAN RAO,Telangana,40723529.0,61,667598.8360655737,2500000.0,147000000.0,147000000.0,True,27.703080952380954,106276471.0,NORMAL,15.0
magunta sreenivasulu reddy,Magunta Sreenivasulu Reddy,Andhra Pradesh,4105400.0,3,1368466.6666666667,2700000.0,147000000.0,147000000.0,True,2.7927891156462588,142894600.0,NORMAL,15.0
mahendra singh solanky,Mahendra Singh Solanky,Madhya Pradesh,10500000.0,14,750000.0,2000000.0,147000000.0,147000000.0,True,7.142857142857142,136500000.0,NORMAL,15.0
mahesh kashyap,MAHESH KASHYAP,Chhattisgarh,50641554.0,96,527516.1875,1408000.0,147000000.0,147000000.0,True,34.45003673469388,96358446.0,NORMAL,15.0
mahesh sharma,Mahesh Sharma,Uttar Pradesh,48856918.28,56,872444.9692857143,1088183.0,148816284.11,148816284.11,True,32.83035762664696,99959365.83000001,NORMAL,15.0
mahima kumari mewar,MAHIMA KUMARI MEWAR,Rajasthan,24886377.0,29,858150.9310344828,1200000.0,183892143.0,183892143.0,True,13.533137737157155,159005766.0,NORMAL,15.0
mahua moitra,Ms Mahua Moitra,West Bengal,62559312.0,33,1895736.7272727273,8800000.0,159865046.0,159865046.0,True,39.132576861110714,97305734.0,NORMAL,15.0
mala rajya laxmi shah,Mala Rajya Laxmi Shah,Uttarakhand,38441956.0,87,441861.5632183908,5000000.0,147000000.0,147000000.0,True,26.15099047619048,108558044.0,NORMAL,15.0
mala roy,Mala Roy,West Bengal,54069182.0,44,1228845.0454545454,10000000.0,147000000.0,147000000.0,True,36.78175646258504,92930818.0,NORMAL,15.0
malaiyarasan d,MALAIYARASAN D,Tamil Nadu,47941260.0,61,785922.2950819673,3132900.0,196416465.0,196416465.0,True,24.40796396575002,148475205.0,NORMAL,15.0
mallu ravi,DR.MALLU RAVI,Telangana,12997992.0,9,1444221.3333333333,10000000.0,147000000.0,147000000.0,True,8.842171428571428,134002008.0,NORMAL,15.0
malvika devi,MALVIKA DEVI,Odisha,37912000.0,123,308227.64227642276,800000.0,147000000.0,147000000.0,True,25.79047619047619,109088000.0,NORMAL,15.0
malvinder singh kang,MALVINDER SINGH KANG,Punjab,48751674.0,116,420273.0517241379,2000000.0,147000000.0,147000000.0,True,33.164404081632654,98248326.0,NORMAL,15.0
mani a,MANI. A.,Tamil Nadu,16488312.0,17,969900.7058823529,2500000.0,164515071.11,164515071.11,True,10.022371743057747,148026759.11,NORMAL,15.0
manickam tagore b,Manickam Tagore B,Tamil Nadu,50999333.0,44,1159075.75,2999494.0,147000000.0,147000000.0,True,34.69342380952381,96000667.0,NORMAL,15.0
manish tewari,MANISH TEWARI,Chandigarh,14246994.0,23,619434.5217391305,2310000.0,178351443.75,178351443.75,True,7.988157370887556,164104449.75,NORMAL,15.0
manju sharma,MANJU SHARMA,Rajasthan,17897015.0,15,1193134.3333333333,2500000.0,167082901.11,167082901.11,True,10.711458133120034,149185886.11,NORMAL,15.0
manna lal rawat,MANNA LAL RAWAT,Rajasthan,35708292.0,35,1020236.9142857143,1916904.0,147000000.0,147000000.0,True,24.291355102040814,111291708.0,NORMAL,15.0
manohar lal,MANOHAR LAL,Haryana,9122972.0,5,1824594.4,4870972.0,147000000.0,147000000.0,True,6.2061034013605445,137877028.0,NORMAL,15.0
manoj kumar,MANOJ KUMAR,Bihar,30561445.0,33,926104.3939393939,1492159.0,147000000.0,147000000.0,True,20.79009863945578,116438555.0,NORMAL,15.0
manoj tigga,MANOJ TIGGA,West Bengal,34957408.2,39,896343.8,4813790.0,147000000.0,147000000.0,True,23.78054979591837,112042591.8,NORMAL,15.0
manoj tiwari,Manoj Tiwari,Delhi,4953214.0,5,990642.8,1391353.0,225843858.0,225843858.0,True,2.193202880903673,220890644.0,NORMAL,15.0
mansukh mandaviya,DR. MANSUKH MANDAVIYA,Gujarat,29255976.0,95,307957.64210526313,955453.0,147000000.0,147000000.0,True,19.90202448979592,117744024.0,NORMAL,15.0
mansukhbhai dhanjibhai vasava,Mansukhbhai Dhanjibhai Vasava,Gujarat,44610940.0,153,291574.7712418301,1788750.0,147000000.0,147000000.0,True,30.347578231292516,102389060.0,NORMAL,15.0
mian altaf ahmad,MIAN ALTAF AHMAD,Jammu And Kashmir,19946000.0,10,1994600.0,15000000.0,147000000.0,147000000.0,True,13.568707482993197,127054000.0,NORMAL,15.0
midhun reddy,Midhun Reddy,Andhra Pradesh,35693942.0,133,268375.5037593985,1500000.0,178951477.11,178951477.11,True,19.946156676907016,143257535.11,NORMAL,15.0
mitesh rameshbhai bakabhai patel,Mitesh Rameshbhai Bakabhai Patel,Gujarat,38780113.0,181,214254.7679558011,1100000.0,147000000.0,147000000.0,True,26.38102925170068,108219887.0,NORMAL,15.0
mohammad jawed,Dr Mohammad Jawed,Bihar,47074100.0,73,644850.6849315069,649100.0,148669229.11,148669229.11,True,31.663647065237676,101595129.11000001,NORMAL,15.0
mohibbullah,MOHIBBULLAH,Uttar Pradesh,35257622.0,96,367266.8958333333,3069043.0,147000000.0,147000000.0,True,23.984776870748302,111742378.0,NORMAL,15.0
mohite patil dhairyasheel rajsinh,MOHITE PATIL DHAIRYASHEEL RAJSINH,Maharashtra,19660000.0,61,322295.08196721313,1000000.0,195613601.7,195613601.7,True,10.050425854410308,175953601.7,NORMAL,15.0
mukesh rajput,Mukesh Rajput,Uttar Pradesh,44140192.0,155,284775.4322580645,1022886.0,147000000.0,147000000.0,True,30.02734149659864,102859808.0,NORMAL,15.0
mukeshkumar chandrakaant dalal,MUKESHKUMAR CHANDRAKAANT DALAL,Gujarat,17562952.0,74,237337.1891891892,675000.0,147000000.0,147000000.0,True,11.947586394557822,129437048.0,NORMAL,15.0
murari lal meena,MURARI LAL MEENA,Rajasthan,2935573.0,3,978524.3333333334,1019873.0,147000000.0,147000000.0,True,1.9969884353741498,144064427.0,NORMAL,15.0
murasoli s,MURASOLI S,Tamil Nadu,54179770.0,32,1693117.8125,5600000.0,147000000.0,147000000.0,True,36.85698639455782,92820230.0,NORMAL,15.0
murlidhar mohol,MURLIDHAR MOHOL,Maharashtra,18996657.0,19,999824.052631579,1000000.0,147000000.0,147000000.0,True,12.922895918367347,128003343.0,NORMAL,15.0
naba charan majhi,NABA CHARAN MAJHI,Odisha,24600000.0,37,664864.8648648649,3100000.0,147563957.11,147563957.11,True,16.67073754444128,122963957.11000001,NORMAL,15.0
nalin soren,NALIN SOREN,Jharkhand,54500000.0,169,322485.20710059174,700000.0,147364097.11,147364097.11,True,36.983227983488035,92864097.11000001,NORMAL,15.0
narayan das ahirwar,NARAYAN DAS AHIRWAR,Uttar Pradesh,36103216.8,151,239094.15099337747,243000.0,147000000.0,147000000.0,True,24.56001142857143,110896783.2,NORMAL,15.0
narayan tatu rane,NARAYAN TATU RANE,Maharashtra,16028433.0,17,942849.0,3500000.0,147000000.0,147000000.0,True,10.903695918367347,130971567.0,NORMAL,15.0
narendra modi,Shri Narendra Modi,Uttar Pradesh,37899937.0,88,430681.1022727273,1722918.0,162070276.11,162070276.11,True,23.384878405634744,124170339.11000001,NORMAL,15.0
naresh chandra uttam patel,NARESH CHANDRA UTTAM PATEL,Uttar Pradesh,39935251.0,37,1079331.1081081082,2442000.0,147000000.0,147000000.0,True,27.16683741496599,107064749.0,NORMAL,15.0
naveen jindal,NAVEEN JINDAL,Haryana,45327289.0,137,330856.12408759125,2500000.0,147000000.0,147000000.0,True,30.834890476190473,101672711.0,NORMAL,15.0
neeraj maurya,NEERAJ MAURYA,Uttar Pradesh,69875200.0,3,23291733.333333332,46470400.0,147000000.0,147000000.0,True,47.53414965986394,77124800.0,NORMAL,15.0
nilesh dnyandev lanke,NILESH DNYANDEV LANKE,Maharashtra,1000000.0,1,1000000.0,1000000.0,147000000.0,147000000.0,True,0.6802721088435374,146000000.0,NORMAL,15.0
nimuben jayantibhai bambhaniya,NIMUBEN JAYANTIBHAI BAMBHANIYA,Gujarat,24593147.0,34,723327.8529411765,2000000.0,147000000.0,147000000.0,True,16.730031972789117,122406853.0,NORMAL,15.0
nishikant dubey,Nishikant Dubey,Jharkhand,1785510.0,1,1785510.0,1785510.0,147000000.0,147000000.0,True,1.2146326530612244,145214490.0,NORMAL,15.0
nitin jairam gadkari,Nitin Jairam Gadkari,Maharashtra,18714993.0,14,1336785.2142857143,4996000.0,168195086.11,168195086.11,True,11.126955865857072,149480093.11,NORMAL,15.0
nityanand rai,Nityanand Rai,Bihar,11936139.0,34,351062.9117647059,1291400.0,147000000.0,147000000.0,True,8.11982244897959,135063861.0,NORMAL,15.0
nk premachandran,Shri NK Premachandran,Kerala,55977928.34,66,848150.4293939394,4740188.0,171477994.11,171477994.11,True,32.64438019031829,115500065.77000001,NORMAL,15.0
om birla,Om Birla,Rajasthan,19495169.0,25,779806.76,1500000.0,163906956.6,163906956.6,True,11.89404611274443,144411787.6,NORMAL,15.0
omprakash bhupalsinh alias pawan rajenimbalkar,Omprakash Bhupalsinh Alias Pawan Rajenimbalkar,Maharashtra,15126843.0,23,657688.8260869565,2499999.0,184758519.11,184758519.11,True,8.187358868683022,169631676.11,NORMAL,15.0
p c mohan,P C Mohan,Karnataka,4739506.0,1,4739506.0,4739506.0,159995711.11,159995711.11,True,2.962270655331193,155256205.11,NORMAL,15.0
pankaj chowdhary,Pankaj Chowdhary,Uttar Pradesh,48894284.0,23,2125838.434782609,2926872.0,147000000.0,147000000.0,True,33.26141768707483,98105716.0,NORMAL,15.0
parshottambhai rupala,PARSHOTTAMBHAI RUPALA,Gujarat,26565821.0,55,483014.92727272725,1286828.0,147000000.0,147000000.0,True,18.07198707482993,120434179.0,NORMAL,15.0
partha bhowmick,PARTHA BHOWMICK,West Bengal,49000000.0,5,9800000.0,20000000.0,147000000.0,147000000.0,True,33.33333333333333,98000000.0,NORMAL,15.0
parvatagouda chandanagouda gaddigoudar,Parvatagouda Chandanagouda Gaddigoudar,Karnataka,44890595.0,87,515983.8505747126,1000000.0,167541747.11,167541747.11,True,26.79367726213751,122651152.11000001,NORMAL,15.0
pathan yusuf,PATHAN YUSUF,West Bengal,18634631.0,79,235881.40506329114,2000000.0,147000000.0,147000000.0,True,12.676619727891156,128365369.0,NORMAL,15.0
phani bhusan choudhury,PHANI BHUSAN CHOUDHURY,Assam,19998000.0,19,1052526.3157894737,1998000.0,147000000.0,147000000.0,True,13.604081632653061,127002000.0,NORMAL,15.0
piyush vedprakash goyal,Piyush Vedprakash Goyal,Maharashtra,49000000.0,27,1814814.8148148148,4500000.0,147000000.0,147000000.0,True,33.33333333333333,98000000.0,NORMAL,15.0
poonamben hematbhai maadam,Smt Poonamben Hematbhai Maadam,Gujarat,8933692.0,17,525511.2941176471,1000000.0,147000000.0,147000000.0,True,6.077341496598639,138066308.0,NORMAL,15.0
pp chaudhary,Shri PP Chaudhary,Rajasthan,8155790.0,8,1019473.75,2257000.0,147000000.0,147000000.0,True,5.548156462585034,138844210.0,NORMAL,15.0
prabha mallikarjun,DR. PRABHA MALLIKARJUN,Karnataka,46500000.0,47,989361.7021276596,2500000.0,147000000.0,147000000.0,True,31.63265306122449,100500000.0,NORMAL,15.0
prabhakar reddy vemireddy,PRABHAKAR REDDY VEMIREDDY,Andhra Pradesh,47116335.0,86,547864.3604651163,1986240.0,147000000.0,147000000.0,True,32.051928571428576,99883665.0,NORMAL,15.0
prabhubhai nagarbhai vasava,Prabhubhai Nagarbhai Vasava,Gujarat,21004453.0,66,318249.2878787879,1500000.0,147000000.0,147000000.0,True,14.288743537414966,125995547.0,NORMAL,15.0
pradan baruah,Pradan Baruah,Assam,38000000.0,65,584615.3846153846,3600000.0,147000000.0,147000000.0,True,25.850340136054424,109000000.0,NORMAL,15.0
pradeep kumar singh,Pradeep Kumar Singh,Bihar,62323127.0,26,2397043.346153846,2475000.0,147000000.0,147000000.0,True,42.3966850340136,84676873.0,NORMAL,15.0
pradyut bordoloi,Pradyut Bordoloi,Assam,42596000.0,89,478606.7415730337,1000000.0,98000000.0,98000000.0,True,43.46530612244898,55404000.0,NORMAL,15.0
pralhad venkatesh joshi,Pralhad Venkatesh Joshi,Karnataka,13261770.0,26,510068.07692307694,1500000.0,147000000.0,147000000.0,True,9.021612244897959,133738230.0,NORMAL,15.0
praniti sushilkumar shinde,PRANITI SUSHILKUMAR SHINDE,Maharashtra,499880.0,1,499880.0,499880.0,147000000.0,147000000.0,True,0.3400544217687075,146500120.0,NORMAL,15.0
prashant yadaorao padole,DR. PRASHANT YADAORAO PADOLE,Maharashtra,24572033.0,33,744607.0606060605,1000000.0,159680283.39,159680283.39,True,15.388269909307306,135108250.39,NORMAL,15.0
prasun banerjee,Prasun Banerjee,West Bengal,19588495.0,17,1152264.4117647058,4836830.0,147000000.0,147000000.0,True,13.325506802721087,127411505.0,NORMAL,15.0
pratap chandra sarangi,Pratap Chandra Sarangi,Odisha,2000000.0,3,666666.6666666666,1000000.0,147064254.11,147064254.11,True,1.3599497798452471,145064254.11,NORMAL,15.0
pratima mondal,Pratima Mondal,West Bengal,67687186.0,154,439527.1818181818,1998845.0,147000000.0,147000000.0,True,46.04570476190476,79312814.0,NORMAL,15.0
praveen khandelwal,Praveen Khandelwal,Delhi,26480914.0,37,715700.3783783783,1694900.0,147470276.0,147470276.0,True,17.956780659988727,120989362.0,NORMAL,15.0
praveen patel,PRAVEEN PATEL,Uttar Pradesh,26709561.0,10,2670956.1,20609400.0,151559884.09,151559884.09,True,17.623107302021428,124850323.09,NORMAL,15.0
priya saroj,PRIYA SAROJ,Uttar Pradesh,44704772.0,1020,43828.20784313726,3646225.0,147000000.0,147000000.0,True,30.411409523809525,102295228.0,NORMAL,15.0
priyanka gandhi vadra,Priyanka Gandhi Vadra,Kerala,21838026.0,14,1559859.0,2300000.0,122500000.0,122500000.0,True,17.82696,100661974.0,NORMAL,15.0
priyanka satish jarkiholi,PRIYANKA SATISH JARKIHOLI,Karnataka,7423848.0,9,824872.0,1786924.0,147000000.0,147000000.0,True,5.050236734693877,139576152.0,NORMAL,15.0
pushpendra saroj,PUSHPENDRA SAROJ,Uttar Pradesh,25822600.0,400,64556.5,74000.0,147000000.0,147000000.0,True,17.566394557823127,121177400.0,NORMAL,15.0
putta mahesh kumar,Putta Mahesh Kumar,Andhra Pradesh,44069092.0,62,710791.8064516129,3204000.0,147000000.0,147000000.0,True,29.978974149659866,102930908.0,NORMAL,15.0
r k chaudhary,R.K. CHAUDHARY,Uttar Pradesh,36243902.0,68,532998.5588235294,7019025.0,147000000.0,147000000.0,True,24.655715646258503,110756098.0,NORMAL,15.0
rabindra narayan behera,RABINDRA NARAYAN BEHERA,Odisha,1650000.0,7,235714.2857142857,300000.0,147064617.11,147064617.11,True,1.1219557990389004,145414617.11,NORMAL,15.0
rachna banerjee,RACHNA BANERJEE,West Bengal,27350742.0,41,667091.268292683,3093826.0,147000000.0,147000000.0,True,18.60594693877551,119649258.0,NORMAL,15.0
radha mohan singh,Radha Mohan Singh,Bihar,44044591.0,41,1074258.3170731708,1499500.0,147000000.0,147000000.0,True,29.962306802721088,102955409.0,NORMAL,15.0
radhe shyam rathiya,RADHE SHYAM RATHIYA,Chhattisgarh,50681515.0,72,703909.9305555555,2000000.0,159706972.09,159706972.09,True,31.73406541790758,109025457.09,NORMAL,15.0
rahul gandhi,RAHUL GANDHI,Uttar Pradesh,11877675.0,103,115317.23300970874,1500000.0,147000000.0,147000000.0,True,8.080051020408163,135122325.0,NORMAL,15.0
rahul kaswan,Rahul Kaswan,Rajasthan,49088380.0,56,876578.2142857143,4500000.0,147000000.0,147000000.0,True,33.39345578231293,97911620.0,NORMAL,15.0
rahul singh lodhi,RAHUL SINGH LODHI,Madhya Pradesh,33053637.0,110,300487.60909090907,1800000.0,163058785.37,163058785.37,True,20.270994246030547,130005148.37,NORMAL,15.0
raj bhushan choudhary,RAJ BHUSHAN CHOUDHARY,Bihar,56330933.0,43,1310021.6976744186,5000000.0,147000000.0,147000000.0,True,38.32036258503401,90669067.0,NORMAL,15.0
raj kumar chabbewal,DR. RAJ KUMAR CHABBEWAL,Punjab,33517653.0,79,424274.08860759495,4583512.0,147000000.0,147000000.0,True,22.801124489795917,113482347.0,NORMAL,15.0
raj kumar roat,RAJ KUMAR ROAT,Rajasthan,52809967.0,47,1123616.319148936,3000000.0,147000000.0,147000000.0,True,35.92514761904762,94190033.0,NORMAL,15.0
raja ram singh,RAJA RAM SINGH,Bihar,42785048.0,79,541582.8860759494,1496167.0,147000000.0,147000000.0,True,29.10547482993197,104214952.0,NORMAL,15.0
rajabhau,RAJABHAU,Maharashtra,33263864.0,33,1007995.8787878788,2800000.0,152878682.11,152878682.11,True,21.758340365640922,119614818.11000001,NORMAL,15.0
rajeev bhardwaj,RAJEEV BHARDWAJ,Himachal Pradesh,42042088.0,180,233567.15555555557,1799189.0,179388967.11,179388967.11,True,23.43627296444608,137346879.11,NORMAL,15.0
rajeev rai,RAJEEV RAI,Uttar Pradesh,38592817.0,110,350843.7909090909,2146851.0,147000000.0,147000000.0,True,26.25361700680272,108407183.0,NORMAL,15.0
rajesh mishra,DR. RAJESH MISHRA,Madhya Pradesh,125020615.0,188,665003.2712765958,2495000.0,262724510.35,262724510.35,True,47.586201543757106,137703895.35,NORMAL,15.0
rajesh ranjan alias pappu yadav,RAJESH RANJAN ALIAS PAPPU YADAV,Bihar,47774818.0,46,1038583.0,3600000.0,147000000.0,147000000.0,True,32.49987619047619,99225182.0,NORMAL,15.0
rajesh verma,RAJESH VERMA,Bihar,55624868.0,51,1090683.6862745099,1445942.0,147000000.0,147000000.0,True,37.8400462585034,91375132.0,NORMAL,15.0
rajeshbhai naranbhai chudasama,Rajeshbhai Naranbhai Chudasama,Gujarat,19433286.0,59,329377.72881355934,500000.0,147000000.0,147000000.0,True,13.219922448979593,127566714.0,NORMAL,15.0
rajkumar chahar,Rajkumar Chahar,Uttar Pradesh,48475758.0,26,1864452.2307692308,3489567.0,147000000.0,147000000.0,True,32.97670612244898,98524242.0,NORMAL,15.0
rajkumar sangwan,DR RAJKUMAR SANGWAN,Uttar Pradesh,20445260.0,29,705008.9655172414,1267311.0,147000000.0,147000000.0,True,13.908340136054424,126554740.0,NORMAL,15.0
rajmohan unnithan,Shri Rajmohan Unnithan,Kerala,9286163.0,23,403746.2173913043,2300000.0,156754633.11,156754633.11,True,5.924011823933514,147468470.11,NORMAL,15.0
rajnath singh,Rajnath Singh,Uttar Pradesh,28229976.0,32,882186.75,1637891.0,154808797.11,154808797.11,True,18.23538230837171,126578821.11000001,NORMAL,15.0
rajpalsinh mahendrasinh jadav,RAJPALSINH MAHENDRASINH JADAV,Gujarat,37633264.0,192,196006.58333333334,5000000.0,147000000.0,147000000.0,True,25.60085986394558,109366736.0,NORMAL,15.0
raju bista,Raju Bista,West Bengal,56071493.0,105,534014.219047619,2000000.0,147000000.0,147000000.0,True,38.14387278911565,90928507.0,NORMAL,15.0
rakesh rathor,RAKESH RATHOR,Uttar Pradesh,52190405.0,24,2174600.2083333335,11402495.0,147000000.0,147000000.0,True,35.5036768707483,94809595.0,NORMAL,15.0
rakibul hussain,RAKIBUL HUSSAIN,Assam,32499919.0,62,524192.2419354839,1000000.0,147000000.0,147000000.0,True,22.108788435374148,114500081.0,NORMAL,15.0
raksha nikhil khadse,Smt Raksha Nikhil Khadse,Maharashtra,3914664.0,2,1957332.0,2999928.0,153112586.11,153112586.11,True,2.55672253957464,149197922.11,NORMAL,15.0
ram prasad chaudhary,RAM PRASAD CHAUDHARY,Uttar Pradesh,68731600.0,67,1025844.776119403,4927680.0,204176957.11,204176957.11,True,33.66276046663334,135445357.11,NORMAL,15.0
ramasahayam raghuram reddy,RAMASAHAYAM RAGHURAM REDDY,Telangana,18439146.0,47,392322.25531914894,1000000.0,147000000.0,147000000.0,True,12.543636734693878,128560854.0,NORMAL,15.0
ramashankar rajbhar,RAMASHANKAR RAJBHAR,Uttar Pradesh,40793312.0,89,458351.8202247191,1314028.0,160056927.07,160056927.07,True,25.48675196179374,119263615.07,NORMAL,15.0
rambhual nishad,RAMBHUAL NISHAD,Uttar Pradesh,53396442.0,11,4854222.0,10098000.0,151231957.11,151231957.11,True,35.30764464098126,97835515.11000001,NORMAL,15.0
ramesh awasthi,RAMESH AWASTHI,Uttar Pradesh,3831541.0,1,3831541.0,3831541.0,147000000.0,147000000.0,True,2.6064904761904764,143168459.0,NORMAL,15.0
ramesh chandappa jigajinagi,Ramesh Chandappa Jigajinagi,Karnataka,23700000.0,65,364615.3846153846,1000000.0,269500000.0,269500000.0,True,8.794063079777366,245800000.0,NORMAL,15.0
ramprit mandal,Ramprit Mandal,Bihar,86553079.0,82,1055525.3536585367,2500000.0,147000000.0,147000000.0,True,58.87964557823129,60446921.0,NORMAL,15.0
ramvir singh bidhuri,Ramvir Singh Bidhuri,Delhi,3816027.0,7,545146.7142857143,761189.0,147559100.0,147559100.0,True,2.58610075556167,143743073.0,NORMAL,15.0
rani sri kumar,DR RANI SRI KUMAR,Tamil Nadu,61319117.0,62,989018.0161290322,3100000.0,153060922.82,153060922.82,True,40.061902065043355,91741805.82,NORMAL,15.0
ranjit dutta,RANJIT DUTTA,Assam,36107425.0,48,752238.0208333334,2300000.0,147000000.0,147000000.0,True,24.562874149659862,110892575.0,NORMAL,15.0
rao inderjit singh,Rao Inderjit Singh,Haryana,18950438.0,17,1114731.6470588236,2099331.0,147000000.0,147000000.0,True,12.891454421768708,128049562.0,NORMAL,15.0
rao rajendra singh,Rao Rajendra Singh,Rajasthan,3500000.0,2,1750000.0,2500000.0,147000000.0,147000000.0,True,2.380952380952381,143500000.0,NORMAL,15.0
ravi shankar prasad,Ravi Shankar Prasad,Bihar,37399974.0,48,779166.125,1485921.0,147000000.0,147000000.0,True,25.442159183673468,109600026.0,NORMAL,15.0
ravindra dattaram waikar,RAVINDRA DATTARAM WAIKAR,Maharashtra,32500000.0,17,1911764.705882353,4000000.0,147000000.0,147000000.0,True,22.108843537414966,114500000.0,NORMAL,15.0
ravindra shyamnarayan alias ravi kishan shukla,Ravindra Shyamnarayan Alias Ravi Kishan Shukla,Uttar Pradesh,21318500.0,9,2368722.222222222,4355000.0,147000000.0,147000000.0,True,14.502380952380953,125681500.0,NORMAL,15.0
richard vanlalhmangaiha,RICHARD VANLALHMANGAIHA,Mizoram,48947115.0,105,466163.0,1807115.0,147000000.0,147000000.0,True,33.297357142857145,98052885.0,NORMAL,15.0
robert bruce c,ROBERT BRUCE C,Tamil Nadu,35167437.0,50,703348.74,2499655.0,147475440.11,147475440.11,True,23.846300762872154,112308003.11000001,NORMAL,15.0
rodmal nagar,Rodmal Nagar,Madhya Pradesh,48678603.0,112,434630.3839285714,16177075.0,147000000.0,147000000.0,True,33.114695918367346,98321397.0,NORMAL,15.0
roop kumari choudhary,ROOP KUMARI CHOUDHARY,Chhattisgarh,44613836.0,77,579400.4675324676,1500000.0,153035414.0,153035414.0,True,29.15262215058274,108421578.0,NORMAL,15.0
ruchi vira,RUCHI VIRA,Uttar Pradesh,28636424.0,122,234724.7868852459,891000.0,147000000.0,147000000.0,True,19.48056054421769,118363576.0,NORMAL,15.0
s jagathrakshakan,S. Jagathrakshakan,Tamil Nadu,34610212.0,34,1017947.4117647059,3389297.0,180589332.34,180589332.34,True,19.16514754860409,145979120.34,NORMAL,15.0
s jothimani,Smt S Jothimani,Tamil Nadu,26802779.0,45,595617.3111111111,2100000.0,147000000.0,147000000.0,True,18.23318299319728,120197221.0,NORMAL,15.0
s p singh,DR. S P SINGH,Uttar Pradesh,16622925.0,47,353679.25531914894,445000.0,147000000.0,147000000.0,True,11.30811224489796,130377075.0,NORMAL,15.0
s supongmeren jamir,S SUPONGMEREN JAMIR,Nagaland,98000000.0,39,2512820.512820513,16912380.0,147000000.0,147000000.0,True,66.66666666666666,49000000.0,NORMAL,15.0
s venkatesan,S Venkatesan,Tamil Nadu,11293812.0,18,627434.0,2500000.0,147000000.0,147000000.0,True,7.68286530612245,135706188.0,NORMAL,15.0
sachithanantham r,SACHITHANANTHAM R,Tamil Nadu,45526343.0,33,1379586.1515151516,4999254.0,147000000.0,147000000.0,True,30.970301360544216,101473657.0,NORMAL,15.0
sagar eshwar khandre,SAGAR ESHWAR KHANDRE,Karnataka,29859997.0,66,452424.19696969696,2500000.0,147000000.0,147000000.0,True,20.3129231292517,117140003.0,NORMAL,15.0
sajda ahmed,Smt Sajda Ahmed,West Bengal,37325057.0,80,466563.2125,3500000.0,147000000.0,147000000.0,True,25.39119523809524,109674943.0,NORMAL,15.0
saleng a sangma,SALENG A SANGMA,Meghalaya,47950000.0,102,470098.03921568627,10000000.0,147000000.0,147000000.0,True,32.61904761904762,99050000.0,NORMAL,15.0
sambit patra,SAMBIT PATRA,Odisha,42578525.0,577,73792.93760831888,988525.0,147000000.0,147000000.0,True,28.96498299319728,104421475.0,NORMAL,15.0
sanatan pandey,SANATAN PANDEY,Uttar Pradesh,48109174.0,140,343636.95714285714,1000000.0,180420041.4,180420041.4,True,26.665094202777407,132310867.4,NORMAL,15.0
sanjay haribhau jadhav,Sanjay Haribhau Jadhav,Maharashtra,45758977.0,51,897234.8431372549,2499712.0,147000000.0,147000000.0,True,31.12855578231293,101241023.0,NORMAL,15.0
sanjay kumar bandi,Sanjay Kumar Bandi,Telangana,34829762.0,115,302867.49565217394,2000000.0,172775317.11,172775317.11,True,20.15899179500571,137945555.11,NORMAL,15.0
sanjay seth,Sanjay Seth,Jharkhand,48876600.0,73,669542.4657534247,1499500.0,147064357.11,147064357.11,True,33.234837427971534,98187757.11000001,NORMAL,15.0
sanjay uttamrao deshmukh,Sanjay Uttamrao Deshmukh,Maharashtra,17387019.0,33,526879.3636363636,2000000.0,185640423.0,185640423.0,True,9.365966053632619,168253404.0,NORMAL,15.0
sanjna jatav,SANJNA JATAV,Rajasthan,41041765.1,88,466383.69431818184,1000000.0,147000000.0,147000000.0,True,27.919568095238095,105958234.9,NORMAL,15.0
santosh pandey,Santosh Pandey,Chhattisgarh,7639363.0,14,545668.7857142857,2499475.0,147000000.0,147000000.0,True,5.196845578231293,139360637.0,NORMAL,15.0
saptagiri sankar ulaka,Saptagiri Sankar Ulaka,Odisha,19359829.0,56,345711.23214285716,1000000.0,269500000.0,269500000.0,True,7.1836100185528755,250140171.0,NORMAL,15.0
sarabjeet singh khalsa,SARABJEET SINGH KHALSA,Punjab,45942087.0,186,247000.46774193548,2000000.0,150850348.15,150850348.15,True,30.455406675175112,104908261.15,NORMAL,15.0
sarbananda sonowal 18ls,Shri Sarbananda Sonowal (18LS),Assam,33042773.0,36,917854.8055555555,2000000.0,147000000.0,147000000.0,True,22.478076870748296,113957227.0,NORMAL,15.0
sasikanth senthil,Sasikanth Senthil,Tamil Nadu,43581288.0,83,525075.7590361446,2400000.0,171500000.0,171500000.0,True,25.41182973760933,127918712.0,NORMAL,15.0
satabdi roy banerjee,Smt Satabdi Roy (Banerjee),West Bengal,26373700.6,44,599402.2863636364,4381277.0,147000000.0,147000000.0,True,17.941292925170067,120626299.4,NORMAL,15.0
satish kumar gautam,Shri Satish Kumar Gautam,Uttar Pradesh,29219802.0,26,1123838.5384615385,2469961.0,147000000.0,147000000.0,True,19.87741632653061,117780198.0,NORMAL,15.0
satpal brahamchari,SATPAL BRAHAMCHARI,Haryana,25826326.0,36,717397.9444444445,1990000.0,147000000.0,147000000.0,True,17.56892925170068,121173674.0,NORMAL,15.0
saumitra khan,Saumitra khan,West Bengal,71102321.0,65,1093881.8615384616,4592941.0,147000000.0,147000000.0,True,48.36892585034014,75897679.0,NORMAL,15.0
savitri thakur,SAVITRI THAKUR,Madhya Pradesh,42097370.0,101,416805.64356435643,1500000.0,147000000.0,147000000.0,True,28.637666666666668,104902630.0,NORMAL,15.0
sayani ghosh,SAYANI GHOSH,West Bengal,55344539.0,141,392514.4609929078,1281634.0,147000000.0,147000000.0,True,37.6493462585034,91655461.0,NORMAL,15.0
selja,SELJA,Haryana,10829613.0,9,1203290.3333333333,3000000.0,147000000.0,147000000.0,True,7.367083673469388,136170387.0,NORMAL,15.0
selvaraj v,SELVARAJ V,Tamil Nadu,14605363.0,19,768703.3157894737,1608982.0,147000000.0,147000000.0,True,9.935621088435374,132394637.0,NORMAL,15.0
shafi parambil,SHAFI PARAMBIL,Kerala,20487000.0,75,273160.0,2650000.0,147000000.0,147000000.0,True,13.93673469387755,126513000.0,NORMAL,15.0
shankar lalwani,Shankar Lalwani,Madhya Pradesh,47724390.0,130,367110.6923076923,2000000.0,147000000.0,147000000.0,True,32.46557142857143,99275610.0,NORMAL,15.0
shantanu thakur,Shri Shantanu Thakur,West Bengal,5993836.0,8,749229.5,1610698.0,147000000.0,147000000.0,True,4.077439455782312,141006164.0,NORMAL,15.0
sharmila sarkar,DR. SHARMILA SARKAR,West Bengal,33353781.0,42,794137.6428571428,4042000.0,147000000.0,147000000.0,True,22.68964693877551,113646219.0,NORMAL,15.0
shashank mani,SHASHANK MANI,Uttar Pradesh,45568332.0,43,1059728.6511627906,1486564.0,147000000.0,147000000.0,True,30.998865306122447,101431668.0,NORMAL,15.0
shashi tharoor,Dr Shashi Tharoor,Kerala,25434370.0,30,847812.3333333334,2265900.0,147000000.0,147000000.0,True,17.302292517006805,121565630.0,NORMAL,15.0
shatrughan sinha,Shatrughan Sinha,West Bengal,58855068.0,16,3678441.75,9976028.0,147000000.0,147000000.0,True,40.037461224489796,88144932.0,NORMAL,15.0
sher singh ghubaya,SHER SINGH GHUBAYA,Punjab,57960629.0,235,246640.9744680851,1000000.0,147000000.0,147000000.0,True,39.42899931972789,89039371.0,NORMAL,15.0
shivmangal singh tomar,SHIVMANGAL SINGH TOMAR,Madhya Pradesh,23472294.0,52,451390.26923076925,800000.0,147000000.0,147000000.0,True,15.96754693877551,123527706.0,NORMAL,15.0
shivraj singh chouhan,SHIVRAJ SINGH CHOUHAN,Madhya Pradesh,48643125.0,77,631728.8961038961,1800000.0,147000000.0,147000000.0,True,33.0905612244898,98356875.0,NORMAL,15.0
shobha karandlaje,SHOBHA KARANDLAJE,Karnataka,37673738.0,31,1215281.8709677418,5000000.0,147000000.0,147000000.0,True,25.62839319727891,109326262.0,NORMAL,15.0
shobhanaben mahendrasinh baraiya,SHOBHANABEN MAHENDRASINH BARAIYA,Gujarat,43596000.0,131,332793.893129771,1296000.0,147000000.0,147000000.0,True,29.65714285714286,103404000.0,NORMAL,15.0
shreyas m patel,SHREYAS. M. PATEL,Karnataka,28134052.0,62,453775.03225806454,2000000.0,147000000.0,147000000.0,True,19.13881088435374,118865948.0,NORMAL,15.0
shrimant chh udayanraje pratapsinhamaharaj bhonsle,SHRIMANT CHH UDAYANRAJE PRATAPSINHAMAHARAJ BHONSLE,Maharashtra,45698677.0,53,862239.1886792453,1500000.0,147000000.0,147000000.0,True,31.08753537414966,101301323.0,NORMAL,15.0
shripad yesso naik,Shripad Yesso Naik,Goa,11289949.0,21,537616.619047619,2500000.0,147000000.0,147000000.0,True,7.680237414965986,135710051.0,NORMAL,15.0
shrirang appa barne,Shrirang Appa Barne,Maharashtra,35246842.0,46,766235.695652174,1500000.0,147000000.0,147000000.0,True,23.977443537414967,111753158.0,NORMAL,15.0
sk nurul islam,SK NURUL ISLAM,West Bengal,35118648.0,18,1951036.0,4270000.0,49000000.0,49000000.0,True,71.67071020408163,13881352.0,MONITOR,45.0
smita uday wagh,SMITA UDAY WAGH,Maharashtra,16031266.0,10,1603126.6,2945320.0,148107373.11,148107373.11,True,10.82408367886824,132076107.11000001,NORMAL,15.0
sougata ray,Prof Sougata Ray,West Bengal,13088419.0,18,727134.3888888889,1500000.0,147000000.0,147000000.0,True,8.903686394557823,133911581.0,NORMAL,15.0
sp singh baghel,Prof SP Singh Baghel,Uttar Pradesh,48944768.0,41,1193774.8292682928,2794931.0,147000000.0,147000000.0,True,33.29576054421769,98055232.0,NORMAL,15.0
sudama prasad,SUDAMA PRASAD,Bihar,8545137.0,7,1220733.857142857,1500000.0,147000000.0,147000000.0,True,5.813018367346938,138454863.0,NORMAL,15.0
sudha r,SUDHA R,Tamil Nadu,25918000.0,35,740514.2857142857,1675000.0,147332315.11,147332315.11,True,17.591524290274894,121414315.11000001,NORMAL,15.0
sudhakar singh,SUDHAKAR SINGH,Bihar,79490685.0,85,935184.5294117647,2948000.0,185211956.54,185211956.54,True,42.918765335127,105721271.53999999,NORMAL,15.0
sudheer gupta,Shri Sudheer Gupta,Madhya Pradesh,11094092.0,68,163148.41176470587,800000.0,148988014.83,148988014.83,True,7.446298289603165,137893922.83,NORMAL,15.0
sudip bandyopadhyay,Sudip Bandyopadhyay,West Bengal,27467416.0,17,1615730.3529411764,5000000.0,147000000.0,147000000.0,True,18.68531700680272,119532584.0,NORMAL,15.0
sukanta kumar panigrahi,SUKANTA KUMAR PANIGRAHI,Odisha,31625359.0,102,310052.53921568627,700000.0,190712424.11,190712424.11,True,16.582747111304595,159087065.11,NORMAL,15.0
sukanta majumdar,Dr Sukanta Majumdar,West Bengal,40133854.0,79,508023.4683544304,2500000.0,157085364.9,157085364.9,True,25.549072649478884,116951510.9,NORMAL,15.0
sukhdeo bhagat,SUKHDEO BHAGAT,Jharkhand,62708165.0,100,627081.65,1498100.0,171821957.11,171821957.11,True,36.4960136962323,109113792.11000001,NORMAL,15.0
sukhjinder singh randhawa,SUKHJINDER SINGH RANDHAWA,Punjab,40746686.0,106,384402.69811320753,2753000.0,147000000.0,147000000.0,True,27.71883401360544,106253314.0,NORMAL,15.0
sunil bose,SUNIL BOSE,Karnataka,41200000.0,50,824000.0,5000000.0,147000000.0,147000000.0,True,28.027210884353742,105800000.0,NORMAL,15.0
sunil dattatray tatkare,Sunil Dattatray Tatkare,Maharashtra,40569356.0,24,1690389.8333333333,2500000.0,147000000.0,147000000.0,True,27.598201360544216,106430644.0,NORMAL,15.0
sunil kumar,Sunil Kumar,Bihar,42184688.0,55,766994.3272727273,1381000.0,147000000.0,147000000.0,True,28.697066666666665,104815312.0,NORMAL,15.0
supriya sadanand sule,Smt Supriya Sadanand Sule,Maharashtra,22855903.0,32,714246.96875,1000000.0,147000000.0,147000000.0,True,15.548233333333334,124144097.0,NORMAL,15.0
suresh gopi,SURESH GOPI,Kerala,23883249.0,19,1257013.105263158,3300001.0,147000000.0,147000000.0,True,16.247108163265306,123116751.0,NORMAL,15.0
suresh kodikunnil,Shri Suresh Kodikunnil,Kerala,45311919.0,69,656694.4782608695,5400000.0,172429519.11,172429519.11,True,26.278516134521972,127117600.11000001,NORMAL,15.0
suresh kumar kashyap,Suresh Kumar Kashyap,Himachal Pradesh,39810000.0,182,218736.26373626373,500000.0,153563957.11,153563957.11,True,25.92405193849201,113753957.11000001,NORMAL,15.0
swami sachchidanandhari sakshi ji maharaj,Swami Sachchidanandhari Sakshi ji Maharaj,Uttar Pradesh,57070437.0,50,1141408.74,4997529.0,147000000.0,147000000.0,True,38.823426530612245,89929563.0,NORMAL,15.0
t sumathy a thamizhachi thangapandian,T Sumathy (A) Thamizhachi Thangapandian,Tamil Nadu,55000000.0,19,2894736.8421052634,16000000.0,147000000.0,147000000.0,True,37.41496598639456,92000000.0,NORMAL,15.0
tangella uday srinivas,TANGELLA UDAY SRINIVAS,Andhra Pradesh,16720164.0,11,1520014.9090909092,6000000.0,199417886.76,199417886.76,True,8.38448560039289,182697722.76,NORMAL,15.0
tanuj punia,TANUJ PUNIA,Uttar Pradesh,44681913.0,16,2792619.5625,11953957.0,148198170.11,148198170.11,True,30.150111142961393,103516257.11000001,NORMAL,15.0
tapir gao,Shri Tapir Gao,Arunachal Pradesh,49995613.0,48,1041575.2708333334,2500000.0,147000000.0,147000000.0,True,34.01062108843537,97004387.0,NORMAL,15.0
tariq anwar,TARIQ ANWAR,Bihar,26660060.0,27,987409.6296296297,994740.0,147000000.0,147000000.0,True,18.136095238095237,120339940.0,NORMAL,15.0
thalikkottai rajuthevar baalu,Thalikkottai Rajuthevar Baalu,Tamil Nadu,60843350.0,52,1170064.423076923,5000000.0,196905535.11,196905535.11,True,30.89976620820245,136062185.11,NORMAL,15.0
thanga tamilselvan,THANGA TAMILSELVAN,Tamil Nadu,23975000.0,27,887962.9629629629,2600000.0,147000000.0,147000000.0,True,16.30952380952381,123025000.0,NORMAL,15.0
tharaniventhan m s,THARANIVENTHAN M S,Tamil Nadu,70962826.0,129,550099.4263565892,1768860.0,168337124.35,168337124.35,True,42.15518488509811,97374298.35,NORMAL,15.0
thiru dayanidhi maran,Thiru Dayanidhi Maran,Tamil Nadu,16000000.0,3,5333333.333333333,10000000.0,147000000.0,147000000.0,True,10.884353741496598,131000000.0,NORMAL,15.0
thirumaa valavan thol,Thirumaa Valavan Thol,Tamil Nadu,45844007.0,31,1478838.935483871,5000000.0,147000000.0,147000000.0,True,31.186399319727894,101155993.0,NORMAL,15.0
tokhan sahu,TOKHAN SAHU,Chhattisgarh,46392997.0,71,653422.4929577465,2500000.0,147000000.0,147000000.0,True,31.559861904761906,100607003.0,NORMAL,15.0
ujjwal raman singh,UJJWAL RAMAN SINGH,Uttar Pradesh,11460000.0,2,5730000.0,9860000.0,147000000.0,147000000.0,True,7.795918367346939,135540000.0,NORMAL,15.0
ummeda ram beniwal,UMMEDA RAM BENIWAL,Rajasthan,45081030.0,99,455363.9393939394,2000000.0,147000000.0,147000000.0,True,30.66736734693877,101918970.0,NORMAL,15.0
utkarsh verma madhur,UTKARSH VERMA MADHUR,Uttar Pradesh,39176777.0,196,199881.51530612246,6798710.0,147000000.0,147000000.0,True,26.650868707482996,107823223.0,NORMAL,15.0
v s matheswaran,V S Matheswaran,Tamil Nadu,48903782.0,67,729907.1940298508,2320000.0,162539930.11,162539930.11,True,30.08724192689392,113636148.11000001,NORMAL,15.0
v somanna,V. SOMANNA,Karnataka,23000000.0,12,1916666.6666666667,4500000.0,147000000.0,147000000.0,True,15.646258503401361,124000000.0,NORMAL,15.0
vaithilingam ve,Vaithilingam Ve,Puducherry,31683559.0,17,1863738.7647058824,4000000.0,209368972.11,209368972.11,True,15.132881764043733,177685413.11,NORMAL,15.0
vamsi krishna gaddam,VAMSI KRISHNA GADDAM,Telangana,13059997.0,24,544166.5416666666,5000000.0,148451721.11,148451721.11,True,8.797470923441015,135391724.11,NORMAL,15.0
veena devi,Smt Veena Devi,Bihar,69261000.0,21,3298142.8571428573,5000000.0,147000000.0,147000000.0,True,47.11632653061225,77739000.0,NORMAL,15.0
vellalath kochukrishnan nair sreekandan,Vellalath Kochukrishnan Nair Sreekandan,Kerala,37928423.0,85,446216.7411764706,2500000.0,147000000.0,147000000.0,True,25.80164829931973,109071577.0,NORMAL,15.0
vijay baghel,Vijay Baghel,Chhattisgarh,17648018.0,60,294133.63333333336,1200000.0,147000000.0,147000000.0,True,12.005454421768707,129351982.0,NORMAL,15.0
vijay kumar dubey,Vijay Kumar Dubey,Uttar Pradesh,45963356.0,118,389519.9661016949,1350000.0,148900000.0,148900000.0,True,30.868607118871726,102936644.0,NORMAL,15.0
vijayakumar vasanth,Shri vijayakumar Vasanth,Tamil Nadu,60176623.0,53,1135407.9811320754,5440000.0,171500000.0,171500000.0,True,35.08840991253644,111323377.0,NORMAL,15.0
vijaylakshmi devi,VIJAYLAKSHMI DEVI,Bihar,56845578.0,57,997290.8421052631,1488744.0,147000000.0,147000000.0,True,38.67046122448979,90154422.0,NORMAL,15.0
vinod chavda,Vinod Chavda,Gujarat,30506195.0,76,401397.30263157893,500000.0,147000000.0,147000000.0,True,20.75251360544218,116493805.0,NORMAL,15.0
vinod kumar bind,VINOD KUMAR BIND,Uttar Pradesh,47062705.0,395,119146.08860759494,275997.0,147000000.0,147000000.0,True,32.015445578231294,99937295.0,NORMAL,15.0
virendra kumar,Virendra Kumar,Madhya Pradesh,46434039.0,47,987958.2765957447,2500000.0,147000000.0,147000000.0,True,31.587781632653062,100565961.0,NORMAL,15.0
virendra singh,VIRENDRA SINGH,Uttar Pradesh,35497639.0,8,4437204.875,13176000.0,147000000.0,147000000.0,True,24.148053741496597,111502361.0,NORMAL,15.0
vishal,VISHAL,Maharashtra,40473858.0,39,1037791.2307692308,1250000.0,147000000.0,147000000.0,True,27.53323673469388,106526142.0,NORMAL,15.0
vishnu dayal ram,Vishnu Dayal Ram,Jharkhand,33737187.0,80,421714.8375,6000000.0,158176083.11,158176083.11,True,21.328880028302528,124438896.11000001,NORMAL,15.0
vishnu dutt sharma,Vishnu Dutt Sharma,Madhya Pradesh,4909947.0,3,1636649.0,2422881.0,147000000.0,147000000.0,True,3.3401,142090053.0,NORMAL,15.0
vishweshwar hegde kageri,VISHWESHWAR HEGDE KAGERI,Karnataka,33925000.0,49,692346.9387755102,1000000.0,147000000.0,147000000.0,True,23.078231292517007,113075000.0,NORMAL,15.0
y s avinash reddy,Y S Avinash Reddy,Andhra Pradesh,38111893.0,87,438067.7356321839,2794103.0,156430260.11,156430260.11,True,24.36350420513278,118318367.11000001,NORMAL,15.0
yaduveer krishnadatta chamaraja wadiyar,YADUVEER KRISHNADATTA CHAMARAJA WADIYAR,Karnataka,30100000.0,61,493442.62295081967,1500000.0,147000000.0,147000000.0,True,20.476190476190474,116900000.0,NORMAL,15.0
