project_id,total_paid,sanction_amount,max_progress,payment_count,overrun_ratio,payment_anomaly_score,payment_reason,data_source
WS/  MP620/2024-2025/133166-Construction of buildings for community cultural activities,447466.5,497185.0,40,2,0.9,50.0,Premature high disbursement (90%) for low reported progress (40%).,DEMO / SIMULATED DATA
WS/  MP620/2024-2025/133190-Construction of buildings for community cultural activities,450000.0,450000.0,100,3,1.0,10.0,Standard payment milestone disbursement sequence.,DEMO / SIMULATED DATA
WS/  MP620/2024-2025/133301-Construction of buildings for community cultural activities,398009.0,398009.0,100,3,1.0,10.0,Standard payment milestone disbursement sequence.,DEMO / SIMULATED DATA
WS/  MP620/2024-2025/133303-Construction of buildings for community cultural activities,399104.0,399104.0,100,3,1.0,10.0,Standard payment milestone disbursement sequence.,DEMO / SIMULATED DATA
WS/  MP620/2024-2025/133304-Construction of buildings for community cultural activities,396154.0,396154.0,100,3,1.0,10.0,Standard payment milestone disbursement sequence.,DEMO / SIMULATED DATA
WS/  MP620/2024-2025/133306-Construction of buildings for community cultural activities,495627.0,495627.0,100,3,1.0,10.0,Standard payment milestone disbursement sequence.,DEMO / SIMULATED DATA
WS/  MP620/2024-2025/133307-Construction of buildings for community cultural activities,279268.5,398955.0,100,2,0.7,10.0,Standard payment milestone disbursement sequence.,DEMO / SIMULATED DATA
WS/  MP620/2024-2025/133308-Construction of buildings for community cultural activities,279512.8,399304.0,100,2,0.7,10.0,Standard payment milestone disbursement sequence.,DEMO / SIMULATED DATA
WS/  MP620/2024-2025/133309-Construction of buildings for community cultural activities,495031.0,495031.0,100,3,1.0,10.0,Standard payment milestone disbursement sequence.,DEMO / SIMULATED DATA
WS/  MP620/2024-2025/133310-Construction of buildings for community cultural activities,173308.09999999998,247583.0,100,2,0.7,10.0,Standard payment milestone disbursement sequence.,DEMO / SIMULATED DATA
WS/  MP620/2024-2025/133311-Construction of buildings for community cultural activities,250000.0,250000.0,100,3,1.0,10.0,Standard payment milestone disbursement sequence.,DEMO / SIMULATED DATA
WS/  MP620/2024-2025/133312-Construction of buildings for community cultural activities,348663.69999999995,498091.0,100,2,0.7,10.0,Standard payment milestone disbursement sequence.,DEMO / SIMULATED DATA
WS/  MP620/2025-2026/133167-Construction of rooms and halls in school and colleges,350000.0,500000.0,100,2,0.7,10.0,Standard payment milestone disbursement sequence.,DEMO / SIMULATED DATA
WS/  MP620/2025-2026/133191-Construction of buildings for community cultural activities,1050000.0,1500000.0,100,2,0.7,10.0,Standard payment milestone disbursement sequence.,DEMO / SIMULATED DATA
WS/  MP620/2025-2026/133305-Construction of buildings for community cultural activities,280000.0,400000.0,100,2,0.7,10.0,Standard payment milestone disbursement sequence.,DEMO / SIMULATED DATA
"WS/MP18006/2024-2025/134703-Construction of roads, link roads, pathways or any other road with or without drainage system",350000.0,500000.0,100,2,0.7,10.0,Standard payment milestone disbursement sequence.,DEMO / SIMULATED DATA
"WS/MP18006/2024-2025/135593-Construction of roads, link roads, pathways or any other road with or without drainage system",450000.0,450000.0,100,3,1.0,10.0,Standard payment milestone disbursement sequence.,DEMO / SIMULATED DATA
"WS/MP18006/2024-2025/135595-Construction of roads, link roads, pathways or any other road with or without drainage system",450000.0,450000.0,100,3,1.0,10.0,Standard payment milestone disbursement sequence.,DEMO / SIMULATED DATA
WS/MP18006/2024-2025/135639-Providing drains and gutters for public drainage,440871.0,440871.0,100,3,1.0,10.0,Standard payment milestone disbursement sequence.,DEMO / SIMULATED DATA
WS/MP18006/2024-2025/135640-Providing drains and gutters for public drainage,500000.0,500000.0,100,3,1.0,10.0,Standard payment milestone disbursement sequence.,DEMO / SIMULATED DATA
WS/MP18006/2024-2025/135641-Providing drains and gutters for public drainage,489209.0,489209.0,100,3,1.0,10.0,Standard payment milestone disbursement sequence.,DEMO / SIMULATED DATA
WS/MP18006/2024-2025/135642-Providing drains and gutters for public drainage,334506.19999999995,477866.0,100,2,0.7,10.0,Standard payment milestone disbursement sequence.,DEMO / SIMULATED DATA
WS/MP18006/2024-2025/135643-Providing drains and gutters for public drainage,140000.0,200000.0,100,2,0.7,10.0,Standard payment milestone disbursement sequence.,DEMO / SIMULATED DATA
"WS/MP18006/2024-2025/135645-Construction of roads, link roads, pathways or any other road with or without drainage system",400000.0,400000.0,100,3,1.0,10.0,Standard payment milestone disbursement sequence.,DEMO / SIMULATED DATA
"WS/MP18006/2024-2025/135646-Construction of roads, link roads, pathways or any other road with or without drainage system",70000.0,100000.0,100,2,0.7,10.0,Standard payment milestone disbursement sequence.,DEMO / SIMULATED DATA
"WS/MP18006/2024-2025/135647-Construction of roads, link roads, pathways or any other road with or without drainage system",350000.0,500000.0,100,2,0.7,10.0,Standard payment milestone disbursement sequence.,DEMO / SIMULATED DATA
"WS/MP18006/2024-2025/135648-Construction of roads, link roads, pathways or any other road with or without drainage system",500000.0,500000.0,100,3,1.0,10.0,Standard payment milestone disbursement sequence.,DEMO / SIMULATED DATA
"WS/MP18006/2024-2025/135649-Construction of roads, link roads, pathways or any other road with or without drainage system",350000.0,500000.0,100,2,0.7,10.0,Standard payment milestone disbursement sequence.,DEMO / SIMULATED DATA
"WS/MP18006/2024-2025/135650-Construction of roads, link roads, pathways or any other road with or without drainage system",350000.0,500000.0,100,2,0.7,10.0,Standard payment milestone disbursement sequence.,DEMO / SIMULATED DATA
"WS/MP18006/2024-2025/135651-Construction of roads, link roads, pathways or any other road with or without drainage system",500000.0,500000.0,100,3,1.0,10.0,Standard payment milestone disbursement sequence.,DEMO / SIMULATED DATA
"WS/MP18006/2024-2025/135652-Construction of roads, link roads, pathways or any other road with or without drainage system",500000.0,500000.0,100,3,1.0,10.0,Standard payment milestone disbursement sequence.,DEMO / SIMULATED DATA
"WS/MP18006/2024-2025/135653-Construction of roads, link roads, pathways or any other road with or without drainage system",350000.0,500000.0,100,2,0.7,10.0,Standard payment milestone disbursement sequence.,DEMO / SIMULATED DATA
"WS/MP18006/2024-2025/135654-Construction of roads, link roads, pathways or any other road with or without drainage system",600000.0,500000.0,60,3,1.2,60.0,"Cumulative payments (₹ 600,000) exceed sanctioned amount (₹ 500,000).",DEMO / SIMULATED DATA
"WS/MP18006/2024-2025/135655-Construction of roads, link roads, pathways or any other road with or without drainage system",500000.0,500000.0,100,3,1.0,10.0,Standard payment milestone disbursement sequence.,DEMO / SIMULATED DATA
"WS/MP18006/2024-2025/135656-Construction of roads, link roads, pathways or any other road with or without drainage system",350000.0,500000.0,100,2,0.7,10.0,Standard payment milestone disbursement sequence.,DEMO / SIMULATED DATA
"WS/MP18006/2024-2025/135658-Construction of roads, link roads, pathways or any other road with or without drainage system",2000000.0,2000000.0,100,3,1.0,10.0,Standard payment milestone disbursement sequence.,DEMO / SIMULATED DATA
"WS/MP18032/2024-2025/134022-Construction of roads, link roads, pathways or any other road with or without drainage system",1047792.2,1496846.0,100,2,0.7,10.0,Standard payment milestone disbursement sequence.,DEMO / SIMULATED DATA
"WS/MP18032/2024-2025/134023-Construction of roads, link roads, pathways or any other road with or without drainage system",1047538.8,1496484.0,100,2,0.7000000000000001,10.0,Standard payment milestone disbursement sequence.,DEMO / SIMULATED DATA
"WS/MP18032/2024-2025/134024-Construction of roads, link roads, pathways or any other road with or without drainage system",1497484.0,1497484.0,100,3,1.0,10.0,Standard payment milestone disbursement sequence.,DEMO / SIMULATED DATA
WS/MP18032/2024-2025/134025-Purchase of furniture and fixtures for educational purposes,899640.0,899640.0,100,3,1.0,10.0,Standard payment milestone disbursement sequence.,DEMO / SIMULATED DATA
"WS/MP18032/2024-2025/134026-Construction of roads, link roads, pathways or any other road with or without drainage system",495133.0,495133.0,100,3,1.0,10.0,Standard payment milestone disbursement sequence.,DEMO / SIMULATED DATA
WS/MP18032/2024-2025/134034-Development of public parks,1491632.0,1491632.0,100,3,1.0,10.0,Standard payment milestone disbursement sequence.,DEMO / SIMULATED DATA
WS/MP18032/2024-2025/134035-Development of public parks,966987.0,966987.0,100,3,1.0,10.0,Standard payment milestone disbursement sequence.,DEMO / SIMULATED DATA
WS/MP18032/2024-2025/134037-Development of public parks,691369.7,987671.0,100,2,0.7,10.0,Standard payment milestone disbursement sequence.,DEMO / SIMULATED DATA
WS/MP18032/2024-2025/134038-Installing tube-wells and borewells,991583.0,991583.0,100,3,1.0,10.0,Standard payment milestone disbursement sequence.,DEMO / SIMULATED DATA
"WS/MP18032/2024-2025/134039-Construction of roads, link roads, pathways or any other road with or without drainage system",349070.4,498672.0,100,2,0.7000000000000001,10.0,Standard payment milestone disbursement sequence.,DEMO / SIMULATED DATA
"WS/MP18032/2024-2025/134041-Construction of roads, link roads, pathways or any other road with or without drainage system",312900.0,447000.0,100,2,0.7,10.0,Standard payment milestone disbursement sequence.,DEMO / SIMULATED DATA
WS/MP18032/2025-2026/134031-Construction of buildings for crèches and anganwadies,340965.80000000005,487094.0,100,2,0.7000000000000001,10.0,Standard payment milestone disbursement sequence.,DEMO / SIMULATED DATA
WS/MP18065/2024-2025/134434-Construction of buildings for community cultural activities,345540.30000000005,493629.0,100,2,0.7000000000000001,10.0,Standard payment milestone disbursement sequence.,DEMO / SIMULATED DATA
WS/MP18065/2024-2025/134737-Setting up public non-conventional energy plants,560000.0,800000.0,100,2,0.7,10.0,Standard payment milestone disbursement sequence.,DEMO / SIMULATED DATA
WS/MP18065/2024-2025/134739-Construction of community centers and community halls,450000.0,500000.0,40,2,0.9,50.0,Premature high disbursement (90%) for low reported progress (40%).,DEMO / SIMULATED DATA
WS/MP18065/2024-2025/134741-Construction of boundary walls of existing public and community buildings,350000.0,500000.0,100,2,0.7,10.0,Standard payment milestone disbursement sequence.,DEMO / SIMULATED DATA
WS/MP18065/2024-2025/134742-Construction of community centers and community halls,770000.0,1100000.0,100,2,0.7,10.0,Standard payment milestone disbursement sequence.,DEMO / SIMULATED DATA
WS/MP18065/2024-2025/135232-Construction of community centers and community halls,1100000.0,1100000.0,100,3,1.0,10.0,Standard payment milestone disbursement sequence.,DEMO / SIMULATED DATA
WS/MP18065/2024-2025/135587-Construction of common work sheds/ common covered sitting area,184359.7,263371.0,100,2,0.7000000000000001,10.0,Standard payment milestone disbursement sequence.,DEMO / SIMULATED DATA
WS/MP18065/2025-2026/134736-Construction of buildings for multi-gym,700000.0,1000000.0,100,2,0.7,10.0,Standard payment milestone disbursement sequence.,DEMO / SIMULATED DATA
WS/MP18065/2025-2026/134740-Construction of community centers and community halls,770000.0,1100000.0,100,2,0.7,10.0,Standard payment milestone disbursement sequence.,DEMO / SIMULATED DATA
WS/MP18065/2025-2026/135231-Construction of boundary walls of existing public and community buildings,350000.0,500000.0,100,2,0.7,10.0,Standard payment milestone disbursement sequence.,DEMO / SIMULATED DATA
WS/MP18067/2025-2026/134321-Construction of water tanks,545000.0,545000.0,100,3,1.0,10.0,Standard payment milestone disbursement sequence.,DEMO / SIMULATED DATA
WS/MP18067/2025-2026/134322-Construction of community centers and community halls,349300.0,499000.0,100,2,0.7,10.0,Standard payment milestone disbursement sequence.,DEMO / SIMULATED DATA
WS/MP18067/2025-2026/134323-Installation of multi-gym equipment,270000.0,300000.0,40,2,0.9,50.0,Premature high disbursement (90%) for low reported progress (40%).,DEMO / SIMULATED DATA
WS/MP18152/2024-2025/133686-Construction of rooms and halls in school and colleges,300000.0,300000.0,100,3,1.0,10.0,Standard payment milestone disbursement sequence.,DEMO / SIMULATED DATA
WS/MP18152/2024-2025/133687-Construction of rooms and halls in school and colleges,210000.0,300000.0,100,2,0.7,10.0,Standard payment milestone disbursement sequence.,DEMO / SIMULATED DATA
WS/MP18152/2024-2025/133688-Construction of rooms and halls in school and colleges,300000.0,300000.0,100,3,1.0,10.0,Standard payment milestone disbursement sequence.,DEMO / SIMULATED DATA
WS/MP18152/2024-2025/133689-Construction of rooms and halls in school and colleges,300000.0,300000.0,100,3,1.0,10.0,Standard payment milestone disbursement sequence.,DEMO / SIMULATED DATA
WS/MP18152/2024-2025/133690-Construction of rooms and halls in school and colleges,210000.0,300000.0,100,2,0.7,10.0,Standard payment milestone disbursement sequence.,DEMO / SIMULATED DATA
WS/MP18152/2024-2025/133691-Construction of rooms and halls in school and colleges,210000.0,300000.0,100,2,0.7,10.0,Standard payment milestone disbursement sequence.,DEMO / SIMULATED DATA
WS/MP18152/2024-2025/133692-Construction of rooms and halls in school and colleges,209408.5,299155.0,100,2,0.7,10.0,Standard payment milestone disbursement sequence.,DEMO / SIMULATED DATA
WS/MP18152/2024-2025/133693-Construction of rooms and halls in school and colleges,210000.0,300000.0,100,2,0.7,10.0,Standard payment milestone disbursement sequence.,DEMO / SIMULATED DATA
WS/MP18152/2024-2025/133694-Construction of rooms and halls in school and colleges,300000.0,300000.0,100,3,1.0,10.0,Standard payment milestone disbursement sequence.,DEMO / SIMULATED DATA
WS/MP18152/2024-2025/133695-Construction of rooms and halls in school and colleges,138112.8,197304.0,100,2,0.7,10.0,Standard payment milestone disbursement sequence.,DEMO / SIMULATED DATA
WS/MP18152/2024-2025/133696-Installing community drinking water plants,84500.0,84500.0,100,3,1.0,10.0,Standard payment milestone disbursement sequence.,DEMO / SIMULATED DATA
WS/MP18152/2024-2025/133697-Construction of rooms and halls in school and colleges,209258.0,298940.0,100,2,0.7,10.0,Standard payment milestone disbursement sequence.,DEMO / SIMULATED DATA
WS/MP18152/2024-2025/133698-Construction of rooms and halls in school and colleges,175000.0,250000.0,100,2,0.7,10.0,Standard payment milestone disbursement sequence.,DEMO / SIMULATED DATA
WS/MP18152/2024-2025/133699-Installing community drinking water plants,84500.0,84500.0,100,3,1.0,10.0,Standard payment milestone disbursement sequence.,DEMO / SIMULATED DATA
WS/MP18152/2024-2025/133700-Installing community drinking water plants,70000.0,100000.0,100,2,0.7,10.0,Standard payment milestone disbursement sequence.,DEMO / SIMULATED DATA
WS/MP18152/2024-2025/133701-Installing community drinking water plants,84500.0,84500.0,100,3,1.0,10.0,Standard payment milestone disbursement sequence.,DEMO / SIMULATED DATA
WS/MP18152/2024-2025/133702-Installing community drinking water plants,59150.0,84500.0,100,2,0.7,10.0,Standard payment milestone disbursement sequence.,DEMO / SIMULATED DATA
WS/MP18152/2024-2025/133703-Installing community drinking water plants,59150.0,84500.0,100,2,0.7,10.0,Standard payment milestone disbursement sequence.,DEMO / SIMULATED DATA
WS/MP18153/2024-2025/135255-Installing community drinking water plants,162443.40000000002,232062.0,100,2,0.7000000000000001,10.0,Standard payment milestone disbursement sequence.,DEMO / SIMULATED DATA
WS/MP18153/2024-2025/135256-Installing community drinking water plants,162690.5,232415.0,100,2,0.7,10.0,Standard payment milestone disbursement sequence.,DEMO / SIMULATED DATA
WS/MP18153/2024-2025/135257-Installing community drinking water plants,162526.0,232180.0,100,2,0.7,10.0,Standard payment milestone disbursement sequence.,DEMO / SIMULATED DATA
WS/MP18153/2024-2025/135258-Installing community drinking water plants,162690.5,232415.0,100,2,0.7,10.0,Standard payment milestone disbursement sequence.,DEMO / SIMULATED DATA
WS/MP18153/2024-2025/135259-Installing community drinking water plants,232650.0,232650.0,100,3,1.0,10.0,Standard payment milestone disbursement sequence.,DEMO / SIMULATED DATA
WS/MP18153/2024-2025/135260-Installing community drinking water plants,162690.5,232415.0,100,2,0.7,10.0,Standard payment milestone disbursement sequence.,DEMO / SIMULATED DATA
WS/MP18153/2024-2025/135261-Installing community drinking water plants,232180.0,232180.0,100,3,1.0,10.0,Standard payment milestone disbursement sequence.,DEMO / SIMULATED DATA
WS/MP18153/2024-2025/135262-Installing community drinking water plants,232697.0,232697.0,100,3,1.0,10.0,Standard payment milestone disbursement sequence.,DEMO / SIMULATED DATA
WS/MP18153/2024-2025/135263-Installing community drinking water plants,232415.0,232415.0,100,3,1.0,10.0,Standard payment milestone disbursement sequence.,DEMO / SIMULATED DATA
WS/MP18153/2024-2025/135264-Purchase of mobile water tankers,241056.0,241056.0,100,3,1.0,10.0,Standard payment milestone disbursement sequence.,DEMO / SIMULATED DATA
WS/MP18153/2024-2025/135265-Purchase of mobile water tankers,168583.09999999998,240833.0,100,2,0.7,10.0,Standard payment milestone disbursement sequence.,DEMO / SIMULATED DATA
WS/MP18153/2024-2025/135266-Installing community drinking water plants,232415.0,232415.0,100,3,1.0,10.0,Standard payment milestone disbursement sequence.,DEMO / SIMULATED DATA
WS/MP18159/2024-2025/134479-Installing tube-wells and borewells,105000.0,150000.0,100,2,0.7,10.0,Standard payment milestone disbursement sequence.,DEMO / SIMULATED DATA
WS/MP18182/2024-2025/134222-Construction of boundary walls of existing public and community buildings,1740255.2999999998,2486079.0,100,2,0.7,10.0,Standard payment milestone disbursement sequence.,DEMO / SIMULATED DATA
WS/MP18182/2024-2025/134223-Construction of boundary walls of existing public and community buildings,2493302.0,2493302.0,100,3,1.0,10.0,Standard payment milestone disbursement sequence.,DEMO / SIMULATED DATA
WS/MP18182/2024-2025/134224-Construction of boundary walls of existing public and community buildings,1736746.9,2481067.0,100,2,0.7,10.0,Standard payment milestone disbursement sequence.,DEMO / SIMULATED DATA
WS/MP18182/2024-2025/134225-Construction of boundary walls of existing public and community buildings,2482079.0,2482079.0,100,3,1.0,10.0,Standard payment milestone disbursement sequence.,DEMO / SIMULATED DATA
WS/MP18250/2024-2025/135267-Installing tube-wells and borewells,2450000.0,3500000.0,100,2,0.7,10.0,Standard payment milestone disbursement sequence.,DEMO / SIMULATED DATA
WS/MP18250/2024-2025/135268-Installing tube-wells and borewells,2450000.0,3500000.0,100,2,0.7,10.0,Standard payment milestone disbursement sequence.,DEMO / SIMULATED DATA
WS/MP18250/2024-2025/135269-Installing tube-wells and borewells,2800000.0,2800000.0,100,3,1.0,10.0,Standard payment milestone disbursement sequence.,DEMO / SIMULATED DATA
WS/MP18271/2025-2026/135003-Lighting of public spaces,410701.19999999995,586716.0,100,2,0.7,10.0,Standard payment milestone disbursement sequence.,DEMO / SIMULATED DATA
WS/MP18271/2025-2026/135004-Lighting of public spaces,586716.0,586716.0,100,3,1.0,10.0,Standard payment milestone disbursement sequence.,DEMO / SIMULATED DATA
WS/MP18271/2025-2026/135005-Lighting of public spaces,586716.0,586716.0,100,3,1.0,10.0,Standard payment milestone disbursement sequence.,DEMO / SIMULATED DATA
WS/MP18271/2025-2026/135006-Lighting of public spaces,586716.0,586716.0,100,3,1.0,10.0,Standard payment milestone disbursement sequence.,DEMO / SIMULATED DATA
WS/MP18271/2025-2026/135007-Lighting of public spaces,410701.19999999995,586716.0,100,2,0.7,10.0,Standard payment milestone disbursement sequence.,DEMO / SIMULATED DATA
WS/MP18271/2025-2026/135008-Lighting of public spaces,704059.2,586716.0,60,3,1.2,60.0,"Cumulative payments (₹ 704,059) exceed sanctioned amount (₹ 586,716).",DEMO / SIMULATED DATA
WS/MP18271/2025-2026/135009-Lighting of public spaces,586716.0,586716.0,100,3,1.0,10.0,Standard payment milestone disbursement sequence.,DEMO / SIMULATED DATA
WS/MP18271/2025-2026/135010-Lighting of public spaces,586716.0,586716.0,100,3,1.0,10.0,Standard payment milestone disbursement sequence.,DEMO / SIMULATED DATA
WS/MP18271/2025-2026/135011-Lighting of public spaces,410701.19999999995,586716.0,100,2,0.7,10.0,Standard payment milestone disbursement sequence.,DEMO / SIMULATED DATA
WS/MP18271/2025-2026/135012-Lighting of public spaces,586716.0,586716.0,100,3,1.0,10.0,Standard payment milestone disbursement sequence.,DEMO / SIMULATED DATA
WS/MP18271/2025-2026/135160-Lighting of public spaces,586716.0,586716.0,100,3,1.0,10.0,Standard payment milestone disbursement sequence.,DEMO / SIMULATED DATA
WS/MP18271/2025-2026/135163-Lighting of public spaces,586716.0,586716.0,100,3,1.0,10.0,Standard payment milestone disbursement sequence.,DEMO / SIMULATED DATA
WS/MP18271/2025-2026/135164-Lighting of public spaces,586716.0,586716.0,100,3,1.0,10.0,Standard payment milestone disbursement sequence.,DEMO / SIMULATED DATA
WS/MP18271/2025-2026/135165-Lighting of public spaces,586716.0,586716.0,100,3,1.0,10.0,Standard payment milestone disbursement sequence.,DEMO / SIMULATED DATA
WS/MP18271/2025-2026/135166-Lighting of public spaces,586716.0,586716.0,100,3,1.0,10.0,Standard payment milestone disbursement sequence.,DEMO / SIMULATED DATA
WS/MP18271/2025-2026/135171-Lighting of public spaces,586716.0,586716.0,100,3,1.0,10.0,Standard payment milestone disbursement sequence.,DEMO / SIMULATED DATA
WS/MP18271/2025-2026/135172-Lighting of public spaces,586716.0,586716.0,100,3,1.0,10.0,Standard payment milestone disbursement sequence.,DEMO / SIMULATED DATA
WS/MP18271/2025-2026/135173-Lighting of public spaces,528044.3999999999,586716.0,40,2,0.8999999999999998,50.0,Premature high disbursement (90%) for low reported progress (40%).,DEMO / SIMULATED DATA
WS/MP18271/2025-2026/135174-Lighting of public spaces,410701.19999999995,586716.0,100,2,0.7,10.0,Standard payment milestone disbursement sequence.,DEMO / SIMULATED DATA
WS/MP18271/2025-2026/135175-Lighting of public spaces,410701.19999999995,586716.0,100,2,0.7,10.0,Standard payment milestone disbursement sequence.,DEMO / SIMULATED DATA
WS/MP18271/2025-2026/135176-Lighting of public spaces,586716.0,586716.0,100,3,1.0,10.0,Standard payment milestone disbursement sequence.,DEMO / SIMULATED DATA
WS/MP18271/2025-2026/135177-Lighting of public spaces,586716.0,586716.0,100,3,1.0,10.0,Standard payment milestone disbursement sequence.,DEMO / SIMULATED DATA
WS/MP18271/2025-2026/135179-Lighting of public spaces,410701.19999999995,586716.0,100,2,0.7,10.0,Standard payment milestone disbursement sequence.,DEMO / SIMULATED DATA
WS/MP18271/2025-2026/135180-Lighting of public spaces,586716.0,586716.0,100,3,1.0,10.0,Standard payment milestone disbursement sequence.,DEMO / SIMULATED DATA
WS/MP18271/2025-2026/135181-Lighting of public spaces,586716.0,586716.0,100,3,1.0,10.0,Standard payment milestone disbursement sequence.,DEMO / SIMULATED DATA
WS/MP18271/2025-2026/135182-Lighting of public spaces,410701.19999999995,586716.0,100,2,0.7,10.0,Standard payment milestone disbursement sequence.,DEMO / SIMULATED DATA
WS/MP18271/2025-2026/135183-Lighting of public spaces,410701.19999999995,586716.0,100,2,0.7,10.0,Standard payment milestone disbursement sequence.,DEMO / SIMULATED DATA
WS/MP18271/2025-2026/135184-Lighting of public spaces,586716.0,586716.0,100,3,1.0,10.0,Standard payment milestone disbursement sequence.,DEMO / SIMULATED DATA
WS/MP18271/2025-2026/135185-Lighting of public spaces,586716.0,586716.0,100,3,1.0,10.0,Standard payment milestone disbursement sequence.,DEMO / SIMULATED DATA
WS/MP18271/2025-2026/135210-Lighting of public spaces,410701.19999999995,586716.0,100,2,0.7,10.0,Standard payment milestone disbursement sequence.,DEMO / SIMULATED DATA
WS/MP18271/2025-2026/135211-Lighting of public spaces,410701.19999999995,586716.0,100,2,0.7,10.0,Standard payment milestone disbursement sequence.,DEMO / SIMULATED DATA
WS/MP18271/2025-2026/135212-Lighting of public spaces,586716.0,586716.0,100,3,1.0,10.0,Standard payment milestone disbursement sequence.,DEMO / SIMULATED DATA
WS/MP18271/2025-2026/135271-Lighting of public spaces,704059.2,586716.0,60,3,1.2,60.0,"Cumulative payments (₹ 704,059) exceed sanctioned amount (₹ 586,716).",DEMO / SIMULATED DATA
WS/MP18271/2025-2026/135272-Lighting of public spaces,586716.0,586716.0,100,3,1.0,10.0,Standard payment milestone disbursement sequence.,DEMO / SIMULATED DATA
WS/MP18271/2025-2026/135273-Lighting of public spaces,410701.19999999995,586716.0,100,2,0.7,10.0,Standard payment milestone disbursement sequence.,DEMO / SIMULATED DATA
"WS/MP18278/2024-2025/134629-Construction of roads, link roads, pathways or any other road with or without drainage system",1000000.0,1000000.0,100,3,1.0,10.0,Standard payment milestone disbursement sequence.,DEMO / SIMULATED DATA
WS/MP18278/2024-2025/134630-Construction of boundary walls of existing public and community buildings,700000.0,1000000.0,100,2,0.7,10.0,Standard payment milestone disbursement sequence.,DEMO / SIMULATED DATA
"WS/MP18278/2024-2025/134631-Construction of cycle tracks, cycle stand and segregated non-motorized vehicle (NMV) lanes",350000.0,500000.0,100,2,0.7,10.0,Standard payment milestone disbursement sequence.,DEMO / SIMULATED DATA
"WS/MP18278/2024-2025/134632-Construction of roads, link roads, pathways or any other road with or without drainage system",700000.0,1000000.0,100,2,0.7,10.0,Standard payment milestone disbursement sequence.,DEMO / SIMULATED DATA
"WS/MP18278/2024-2025/134633-Construction of roads, link roads, pathways or any other road with or without drainage system",1000000.0,1000000.0,100,3,1.0,10.0,Standard payment milestone disbursement sequence.,DEMO / SIMULATED DATA
WS/MP18278/2024-2025/134638-Construction of common work sheds/ common covered sitting area,300000.0,300000.0,100,3,1.0,10.0,Standard payment milestone disbursement sequence.,DEMO / SIMULATED DATA
"WS/MP18278/2024-2025/134644-Construction of roads, link roads, pathways or any other road with or without drainage system",700000.0,1000000.0,100,2,0.7,10.0,Standard payment milestone disbursement sequence.,DEMO / SIMULATED DATA
"WS/MP18278/2024-2025/134646-Construction of roads, link roads, pathways or any other road with or without drainage system",699685.0,999550.0,100,2,0.7,10.0,Standard payment milestone disbursement sequence.,DEMO / SIMULATED DATA
WS/MP18278/2024-2025/134649-Construction of culverts and bridges,699209.7,998871.0,100,2,0.7,10.0,Standard payment milestone disbursement sequence.,DEMO / SIMULATED DATA
"WS/MP18278/2024-2025/134655-Construction of roads, link roads, pathways or any other road with or without drainage system",700000.0,700000.0,100,3,1.0,10.0,Standard payment milestone disbursement sequence.,DEMO / SIMULATED DATA
"WS/MP18278/2024-2025/134658-Construction of roads, link roads, pathways or any other road with or without drainage system",999744.0,999744.0,100,3,1.0,10.0,Standard payment milestone disbursement sequence.,DEMO / SIMULATED DATA
"WS/MP18278/2024-2025/134660-Construction of roads, link roads, pathways or any other road with or without drainage system",999856.0,999856.0,100,3,1.0,10.0,Standard payment milestone disbursement sequence.,DEMO / SIMULATED DATA
WS/MP18278/2024-2025/134661-Construction of boundary walls of existing public and community buildings,350000.0,500000.0,100,2,0.7,10.0,Standard payment milestone disbursement sequence.,DEMO / SIMULATED DATA
"WS/MP18278/2024-2025/134665-Construction of roads, link roads, pathways or any other road with or without drainage system",616837.2,881196.0,100,2,0.7,10.0,Standard payment milestone disbursement sequence.,DEMO / SIMULATED DATA
"WS/MP18278/2024-2025/134666-Construction of roads, link roads, pathways or any other road with or without drainage system",699840.3999999999,999772.0,100,2,0.7,10.0,Standard payment milestone disbursement sequence.,DEMO / SIMULATED DATA
"WS/MP18278/2024-2025/134667-Construction of roads, link roads, pathways or any other road with or without drainage system",1200000.0,1200000.0,100,3,1.0,10.0,Standard payment milestone disbursement sequence.,DEMO / SIMULATED DATA
"WS/MP18278/2024-2025/134668-Construction of roads, link roads, pathways or any other road with or without drainage system",1050000.0,1500000.0,100,2,0.7,10.0,Standard payment milestone disbursement sequence.,DEMO / SIMULATED DATA
WS/MP18278/2024-2025/134670-Construction of boundary walls of existing public and community buildings,598982.0,598982.0,100,3,1.0,10.0,Standard payment milestone disbursement sequence.,DEMO / SIMULATED DATA
"WS/MP18278/2024-2025/134671-Construction of roads, link roads, pathways or any other road with or without drainage system",450000.0,500000.0,40,2,0.9,50.0,Premature high disbursement (90%) for low reported progress (40%).,DEMO / SIMULATED DATA
"WS/MP18278/2024-2025/134672-Construction of roads, link roads, pathways or any other road with or without drainage system",991511.0,991511.0,100,3,1.0,10.0,Standard payment milestone disbursement sequence.,DEMO / SIMULATED DATA
"WS/MP18278/2024-2025/134673-Construction of roads, link roads, pathways or any other road with or without drainage system",349934.19999999995,499906.0,100,2,0.7,10.0,Standard payment milestone disbursement sequence.,DEMO / SIMULATED DATA
"WS/MP18278/2024-2025/134674-Construction of roads, link roads, pathways or any other road with or without drainage system",698600.0,998000.0,100,2,0.7,10.0,Standard payment milestone disbursement sequence.,DEMO / SIMULATED DATA
WS/MP18278/2024-2025/135168-Street lights,993000.0,993000.0,100,3,1.0,10.0,Standard payment milestone disbursement sequence.,DEMO / SIMULATED DATA
WS/MP18278/2024-2025/135169-Street lights,695100.0,993000.0,100,2,0.7,10.0,Standard payment milestone disbursement sequence.,DEMO / SIMULATED DATA
WS/MP18278/2024-2025/135170-Street lights,993000.0,993000.0,100,3,1.0,10.0,Standard payment milestone disbursement sequence.,DEMO / SIMULATED DATA
"WS/MP18336/2024-2025/135505-Construction of roads, link roads, pathways or any other road with or without drainage system",700000.0,1000000.0,100,2,0.7,10.0,Standard payment milestone disbursement sequence.,DEMO / SIMULATED DATA
"WS/MP18336/2024-2025/135506-Construction of roads, link roads, pathways or any other road with or without drainage system",700000.0,1000000.0,100,2,0.7,10.0,Standard payment milestone disbursement sequence.,DEMO / SIMULATED DATA
"WS/MP18336/2024-2025/135507-Construction of roads, link roads, pathways or any other road with or without drainage system",1000000.0,1000000.0,100,3,1.0,10.0,Standard payment milestone disbursement sequence.,DEMO / SIMULATED DATA
"WS/MP18336/2024-2025/135508-Construction of roads, link roads, pathways or any other road with or without drainage system",1000000.0,1000000.0,100,3,1.0,10.0,Standard payment milestone disbursement sequence.,DEMO / SIMULATED DATA
WS/MP345/2024-2025/134123-Construction of rooms and halls in school and colleges,3318131.5999999996,4740188.0,100,2,0.7,10.0,Standard payment milestone disbursement sequence.,DEMO / SIMULATED DATA
"WS/MP345/2024-2025/134136-Construction of roads, link roads, pathways or any other road with or without drainage system",1303959.0,1303959.0,100,3,1.0,10.0,Standard payment milestone disbursement sequence.,DEMO / SIMULATED DATA
WS/MP345/2024-2025/134137-Construction of buildings for community cultural activities,358603.69999999995,512291.0,100,2,0.7,10.0,Standard payment milestone disbursement sequence.,DEMO / SIMULATED DATA
"WS/MP345/2024-2025/134140-Construction of roads, link roads, pathways or any other road with or without drainage system",293492.0,293492.0,100,3,1.0,10.0,Standard payment milestone disbursement sequence.,DEMO / SIMULATED DATA
WS/MP345/2024-2025/134143-Construction of buildings for community cultural activities,1182588.0,1182588.0,100,3,1.0,10.0,Standard payment milestone disbursement sequence.,DEMO / SIMULATED DATA
WS/MP345/2024-2025/134144-Construction of buildings for community cultural activities,338444.0,338444.0,100,3,1.0,10.0,Standard payment milestone disbursement sequence.,DEMO / SIMULATED DATA
WS/MP345/2024-2025/134145-Construction of buildings for community cultural activities,67806.9,96867.0,100,2,0.7,10.0,Standard payment milestone disbursement sequence.,DEMO / SIMULATED DATA
WS/MP345/2024-2025/135013-Construction of buildings for community cultural activities,1750000.0,2500000.0,100,2,0.7,10.0,Standard payment milestone disbursement sequence.,DEMO / SIMULATED DATA
WS/MP345/2024-2025/135014-Construction of public libraries and reading rooms,1000000.0,1000000.0,100,3,1.0,10.0,Standard payment milestone disbursement sequence.,DEMO / SIMULATED DATA
WS/MP345/2024-2025/135018-Construction of community centers and community halls,3000000.0,3000000.0,100,3,1.0,10.0,Standard payment milestone disbursement sequence.,DEMO / SIMULATED DATA
WS/MP345/2024-2025/135019-Construction of buildings for crèches and anganwadies,1735634.8399999999,2479478.34,100,2,0.7000000008066213,10.0,Standard payment milestone disbursement sequence.,DEMO / SIMULATED DATA
WS/MP345/2024-2025/135021-Construction of bus-sheds or bus-stops,500000.0,500000.0,100,3,1.0,10.0,Standard payment milestone disbursement sequence.,DEMO / SIMULATED DATA
WS/MP389/2024-2025/134429-Construction of buildings for community cultural activities,2257000.0,2257000.0,100,3,1.0,10.0,Standard payment milestone disbursement sequence.,DEMO / SIMULATED DATA
"WS/MP418/2024-2025/133409-Construction of roads, link roads, pathways or any other road with or without drainage system",313688.9,448127.0,100,2,0.7000000000000001,10.0,Standard payment milestone disbursement sequence.,DEMO / SIMULATED DATA
WS/MP423/2024-2025/133940-Construction of bus-sheds or bus-stops,1015700.0,1451000.0,100,2,0.7,10.0,Standard payment milestone disbursement sequence.,DEMO / SIMULATED DATA
WS/MP423/2024-2025/133941-Construction of bus-sheds or bus-stops,1015700.0,1451000.0,100,2,0.7,10.0,Standard payment milestone disbursement sequence.,DEMO / SIMULATED DATA
WS/MP423/2024-2025/133944-Construction of bus-sheds or bus-stops,1451000.0,1451000.0,100,3,1.0,10.0,Standard payment milestone disbursement sequence.,DEMO / SIMULATED DATA
WS/MP423/2024-2025/133945-Construction of bus-sheds or bus-stops,1305900.0,1451000.0,40,2,0.9,50.0,Premature high disbursement (90%) for low reported progress (40%).,DEMO / SIMULATED DATA
WS/MP423/2024-2025/133946-Construction of bus-sheds or bus-stops,1451000.0,1451000.0,100,3,1.0,10.0,Standard payment milestone disbursement sequence.,DEMO / SIMULATED DATA
WS/MP423/2024-2025/133947-Street lights,695800.0,994000.0,100,2,0.7,10.0,Standard payment milestone disbursement sequence.,DEMO / SIMULATED DATA
WS/MP423/2024-2025/133949-Construction of bus-sheds or bus-stops,1015700.0,1451000.0,100,2,0.7,10.0,Standard payment milestone disbursement sequence.,DEMO / SIMULATED DATA
WS/MP423/2024-2025/133955-Construction of bus-sheds or bus-stops,1015700.0,1451000.0,100,2,0.7,10.0,Standard payment milestone disbursement sequence.,DEMO / SIMULATED DATA
WS/MP423/2024-2025/133959-Construction of bus-sheds or bus-stops,1015700.0,1451000.0,100,2,0.7,10.0,Standard payment milestone disbursement sequence.,DEMO / SIMULATED DATA
WS/MP423/2024-2025/133960-Construction of bus-sheds or bus-stops,1451000.0,1451000.0,100,3,1.0,10.0,Standard payment milestone disbursement sequence.,DEMO / SIMULATED DATA
WS/MP423/2024-2025/133961-Construction of rainwater harvesting structures,767200.0,1096000.0,100,2,0.7,10.0,Standard payment milestone disbursement sequence.,DEMO / SIMULATED DATA
WS/MP423/2024-2025/133962-Construction of rainwater harvesting structures,1096000.0,1096000.0,100,3,1.0,10.0,Standard payment milestone disbursement sequence.,DEMO / SIMULATED DATA
WS/MP423/2024-2025/133963-Construction of rainwater harvesting structures,1096000.0,1096000.0,100,3,1.0,10.0,Standard payment milestone disbursement sequence.,DEMO / SIMULATED DATA
WS/MP423/2024-2025/133964-Construction of bus-sheds or bus-stops,1451000.0,1451000.0,100,3,1.0,10.0,Standard payment milestone disbursement sequence.,DEMO / SIMULATED DATA
WS/MP423/2024-2025/133965-Construction of rainwater harvesting structures,767200.0,1096000.0,100,2,0.7,10.0,Standard payment milestone disbursement sequence.,DEMO / SIMULATED DATA
WS/MP423/2024-2025/133966-Construction of rainwater harvesting structures,1096000.0,1096000.0,100,3,1.0,10.0,Standard payment milestone disbursement sequence.,DEMO / SIMULATED DATA
WS/MP423/2024-2025/133967-Construction of rainwater harvesting structures,767200.0,1096000.0,100,2,0.7,10.0,Standard payment milestone disbursement sequence.,DEMO / SIMULATED DATA
WS/MP423/2024-2025/133968-Construction of rainwater harvesting structures,767200.0,1096000.0,100,2,0.7,10.0,Standard payment milestone disbursement sequence.,DEMO / SIMULATED DATA
WS/MP423/2024-2025/133969-Construction of rainwater harvesting structures,1096000.0,1096000.0,100,3,1.0,10.0,Standard payment milestone disbursement sequence.,DEMO / SIMULATED DATA
WS/MP423/2024-2025/133970-Construction of rainwater harvesting structures,1096000.0,1096000.0,100,3,1.0,10.0,Standard payment milestone disbursement sequence.,DEMO / SIMULATED DATA
WS/MP423/2024-2025/133971-Installing community drinking water plants,239686.0,239686.0,100,3,1.0,10.0,Standard payment milestone disbursement sequence.,DEMO / SIMULATED DATA
WS/MP423/2024-2025/133973-Street lights,695800.0,994000.0,100,2,0.7,10.0,Standard payment milestone disbursement sequence.,DEMO / SIMULATED DATA
WS/MP423/2024-2025/133975-Street lights,994000.0,994000.0,100,3,1.0,10.0,Standard payment milestone disbursement sequence.,DEMO / SIMULATED DATA
WS/MP423/2024-2025/133976-Street lights,894600.0,994000.0,40,2,0.9,50.0,Premature high disbursement (90%) for low reported progress (40%).,DEMO / SIMULATED DATA
"WS/MP431/2024-2025/135463-Construction of roads, link roads, pathways or any other road with or without drainage system",700000.0,1000000.0,100,2,0.7,10.0,Standard payment milestone disbursement sequence.,DEMO / SIMULATED DATA
WS/MP431/2024-2025/135540-Retrofitting in essential lifeline buildings,770000.0,1100000.0,100,2,0.7,10.0,Standard payment milestone disbursement sequence.,DEMO / SIMULATED DATA
WS/MP485/2024-2025/134327-Street lights,346475.0,346475.0,100,3,1.0,10.0,Standard payment milestone disbursement sequence.,DEMO / SIMULATED DATA
WS/MP485/2024-2025/134328-Street lights,345679.0,345679.0,100,3,1.0,10.0,Standard payment milestone disbursement sequence.,DEMO / SIMULATED DATA
WS/MP485/2024-2025/134329-Construction of common work sheds/ common covered sitting area,349771.1,499673.0,100,2,0.7,10.0,Standard payment milestone disbursement sequence.,DEMO / SIMULATED DATA
WS/MP485/2024-2025/134330-Street lights,242533.9,346477.0,100,2,0.7,10.0,Standard payment milestone disbursement sequence.,DEMO / SIMULATED DATA
WS/MP485/2024-2025/134331-Construction of common work sheds/ common covered sitting area,349776.0,499680.0,100,2,0.7,10.0,Standard payment milestone disbursement sequence.,DEMO / SIMULATED DATA
WS/MP485/2024-2025/134332-Construction of community centers and community halls,1399191.5,1998845.0,100,2,0.7,10.0,Standard payment milestone disbursement sequence.,DEMO / SIMULATED DATA
WS/MP485/2024-2025/134334-Providing drains and gutters for public drainage,314954.5,449935.0,100,2,0.7,10.0,Standard payment milestone disbursement sequence.,DEMO / SIMULATED DATA
WS/MP485/2024-2025/134337-Installing community drinking water plants,238772.0,238772.0,100,3,1.0,10.0,Standard payment milestone disbursement sequence.,DEMO / SIMULATED DATA
WS/MP485/2024-2025/134338-Construction of common work sheds/ common covered sitting area,349500.0,349500.0,100,3,1.0,10.0,Standard payment milestone disbursement sequence.,DEMO / SIMULATED DATA
WS/MP485/2024-2025/134780-Street lights,159212.2,227446.0,100,2,0.7000000000000001,10.0,Standard payment milestone disbursement sequence.,DEMO / SIMULATED DATA
WS/MP485/2024-2025/134781-Street lights,159212.2,227446.0,100,2,0.7000000000000001,10.0,Standard payment milestone disbursement sequence.,DEMO / SIMULATED DATA
WS/MP485/2024-2025/134782-Street lights,159212.2,227446.0,100,2,0.7000000000000001,10.0,Standard payment milestone disbursement sequence.,DEMO / SIMULATED DATA
WS/MP485/2024-2025/134783-Street lights,227446.0,227446.0,100,3,1.0,10.0,Standard payment milestone disbursement sequence.,DEMO / SIMULATED DATA
WS/MP485/2024-2025/134784-Street lights,159212.2,227446.0,100,2,0.7000000000000001,10.0,Standard payment milestone disbursement sequence.,DEMO / SIMULATED DATA
WS/MP485/2024-2025/134785-Street lights,159228.3,227469.0,100,2,0.7,10.0,Standard payment milestone disbursement sequence.,DEMO / SIMULATED DATA
WS/MP485/2024-2025/134786-Street lights,159228.3,227469.0,100,2,0.7,10.0,Standard payment milestone disbursement sequence.,DEMO / SIMULATED DATA
WS/MP485/2024-2025/134787-Street lights,159228.3,227469.0,100,2,0.7,10.0,Standard payment milestone disbursement sequence.,DEMO / SIMULATED DATA
WS/MP485/2024-2025/134788-Street lights,159228.3,227469.0,100,2,0.7,10.0,Standard payment milestone disbursement sequence.,DEMO / SIMULATED DATA
WS/MP485/2024-2025/134789-Street lights,227469.0,227469.0,100,3,1.0,10.0,Standard payment milestone disbursement sequence.,DEMO / SIMULATED DATA
WS/MP485/2024-2025/134790-Street lights,227469.0,227469.0,100,3,1.0,10.0,Standard payment milestone disbursement sequence.,DEMO / SIMULATED DATA
WS/MP485/2024-2025/134791-Street lights,159228.3,227469.0,100,2,0.7,10.0,Standard payment milestone disbursement sequence.,DEMO / SIMULATED DATA
WS/MP485/2024-2025/134792-Street lights,227469.0,227469.0,100,3,1.0,10.0,Standard payment milestone disbursement sequence.,DEMO / SIMULATED DATA
WS/MP485/2024-2025/134793-Street lights,159228.3,227469.0,100,2,0.7,10.0,Standard payment milestone disbursement sequence.,DEMO / SIMULATED DATA
WS/MP485/2024-2025/134826-Installing community drinking water plants,312408.0,312408.0,100,3,1.0,10.0,Standard payment milestone disbursement sequence.,DEMO / SIMULATED DATA
WS/MP485/2024-2025/134827-Installing community drinking water plants,310393.0,310393.0,100,3,1.0,10.0,Standard payment milestone disbursement sequence.,DEMO / SIMULATED DATA
WS/MP485/2024-2025/134828-Street lights,227469.0,227469.0,100,3,1.0,10.0,Standard payment milestone disbursement sequence.,DEMO / SIMULATED DATA
WS/MP485/2024-2025/134829-Street lights,159212.2,227446.0,100,2,0.7000000000000001,10.0,Standard payment milestone disbursement sequence.,DEMO / SIMULATED DATA
WS/MP485/2024-2025/134837-Street lights,250000.0,250000.0,100,3,1.0,10.0,Standard payment milestone disbursement sequence.,DEMO / SIMULATED DATA
WS/MP485/2024-2025/134838-Street lights,174737.5,249625.0,100,2,0.7,10.0,Standard payment milestone disbursement sequence.,DEMO / SIMULATED DATA
WS/MP485/2024-2025/135678-Construction of common work sheds/ common covered sitting area,349885.9,499837.0,100,2,0.7000000000000001,10.0,Standard payment milestone disbursement sequence.,DEMO / SIMULATED DATA
WS/MP485/2024-2025/135679-Street lights,349964.0,349964.0,100,3,1.0,10.0,Standard payment milestone disbursement sequence.,DEMO / SIMULATED DATA
WS/MP485/2024-2025/135680-Street lights,349842.0,349842.0,100,3,1.0,10.0,Standard payment milestone disbursement sequence.,DEMO / SIMULATED DATA
WS/MP485/2024-2025/135681-Street lights,242565.4,346522.0,100,2,0.7,10.0,Standard payment milestone disbursement sequence.,DEMO / SIMULATED DATA
WS/MP485/2024-2025/135682-Street lights,349952.0,349952.0,100,3,1.0,10.0,Standard payment milestone disbursement sequence.,DEMO / SIMULATED DATA
WS/MP492/2024-2025/134981-Construction of bus-sheds or bus-stops,9900000.0,9900000.0,100,3,1.0,10.0,Standard payment milestone disbursement sequence.,DEMO / SIMULATED DATA
WS/MP492/2024-2025/134984-Lighting of public spaces,26535600.0,37908000.0,100,2,0.7,10.0,Standard payment milestone disbursement sequence.,DEMO / SIMULATED DATA
WS/MP498/2024-2025/133447-Construction of culverts and bridges,1122069.9,1602957.0,100,2,0.7,10.0,Standard payment milestone disbursement sequence.,DEMO / SIMULATED DATA
WS/MP508/2024-2025/134677-Street lights,304500.0,435000.0,100,2,0.7,10.0,Standard payment milestone disbursement sequence.,DEMO / SIMULATED DATA
WS/MP508/2024-2025/134680-Street lights,304500.0,435000.0,100,2,0.7,10.0,Standard payment milestone disbursement sequence.,DEMO / SIMULATED DATA
WS/MP508/2024-2025/134684-Street lights,435000.0,435000.0,100,3,1.0,10.0,Standard payment milestone disbursement sequence.,DEMO / SIMULATED DATA
WS/MP508/2024-2025/134687-Street lights,304500.0,435000.0,100,2,0.7,10.0,Standard payment milestone disbursement sequence.,DEMO / SIMULATED DATA
WS/MP508/2024-2025/134688-Street lights,304500.0,435000.0,100,2,0.7,10.0,Standard payment milestone disbursement sequence.,DEMO / SIMULATED DATA
WS/MP508/2024-2025/134689-Street lights,435000.0,435000.0,100,3,1.0,10.0,Standard payment milestone disbursement sequence.,DEMO / SIMULATED DATA
WS/MP508/2025-2026/134707-Street lights,304500.0,435000.0,100,2,0.7,10.0,Standard payment milestone disbursement sequence.,DEMO / SIMULATED DATA
WS/MP508/2025-2026/134708-Street lights,434956.0,434956.0,100,3,1.0,10.0,Standard payment milestone disbursement sequence.,DEMO / SIMULATED DATA
WS/MP508/2025-2026/134709-Street lights,304469.2,434956.0,100,2,0.7000000000000001,10.0,Standard payment milestone disbursement sequence.,DEMO / SIMULATED DATA
WS/MP508/2025-2026/134710-Street lights,304500.0,435000.0,100,2,0.7,10.0,Standard payment milestone disbursement sequence.,DEMO / SIMULATED DATA
WS/MP508/2025-2026/134711-Street lights,435000.0,435000.0,100,3,1.0,10.0,Standard payment milestone disbursement sequence.,DEMO / SIMULATED DATA
WS/MP552/2024-2025/134699-Construction of footpaths and pedestrian ways,1043994.0,1491420.0,100,2,0.7,10.0,Standard payment milestone disbursement sequence.,DEMO / SIMULATED DATA
WS/MP552/2024-2025/134702-Construction of common work sheds/ common covered sitting area,954452.8,1363504.0,100,2,0.7000000000000001,10.0,Standard payment milestone disbursement sequence.,DEMO / SIMULATED DATA
"WS/MP577/2024-2025/133575-Construction of roads, link roads, pathways or any other road with or without drainage system",175000.0,250000.0,100,2,0.7,10.0,Standard payment milestone disbursement sequence.,DEMO / SIMULATED DATA
"WS/MP577/2024-2025/133576-Construction of roads, link roads, pathways or any other road with or without drainage system",250000.0,250000.0,100,3,1.0,10.0,Standard payment milestone disbursement sequence.,DEMO / SIMULATED DATA
"WS/MP577/2024-2025/133578-Construction of roads, link roads, pathways or any other road with or without drainage system",250000.0,250000.0,100,3,1.0,10.0,Standard payment milestone disbursement sequence.,DEMO / SIMULATED DATA
"WS/MP577/2024-2025/133584-Construction of roads, link roads, pathways or any other road with or without drainage system",249291.0,249291.0,100,3,1.0,10.0,Standard payment milestone disbursement sequence.,DEMO / SIMULATED DATA
"WS/MP577/2024-2025/133585-Construction of roads, link roads, pathways or any other road with or without drainage system",175000.0,250000.0,100,2,0.7,10.0,Standard payment milestone disbursement sequence.,DEMO / SIMULATED DATA
"WS/MP577/2024-2025/133586-Construction of roads, link roads, pathways or any other road with or without drainage system",249291.0,249291.0,100,3,1.0,10.0,Standard payment milestone disbursement sequence.,DEMO / SIMULATED DATA
"WS/MP577/2024-2025/133588-Construction of roads, link roads, pathways or any other road with or without drainage system",175000.0,250000.0,100,2,0.7,10.0,Standard payment milestone disbursement sequence.,DEMO / SIMULATED DATA
"WS/MP577/2024-2025/133592-Construction of roads, link roads, pathways or any other road with or without drainage system",174503.7,249291.0,100,2,0.7000000000000001,10.0,Standard payment milestone disbursement sequence.,DEMO / SIMULATED DATA
"WS/MP577/2024-2025/133597-Construction of roads, link roads, pathways or any other road with or without drainage system",174503.7,249291.0,100,2,0.7000000000000001,10.0,Standard payment milestone disbursement sequence.,DEMO / SIMULATED DATA
"WS/MP577/2024-2025/133598-Construction of roads, link roads, pathways or any other road with or without drainage system",174503.7,249291.0,100,2,0.7000000000000001,10.0,Standard payment milestone disbursement sequence.,DEMO / SIMULATED DATA
"WS/MP577/2024-2025/133600-Construction of roads, link roads, pathways or any other road with or without drainage system",174503.7,249291.0,100,2,0.7000000000000001,10.0,Standard payment milestone disbursement sequence.,DEMO / SIMULATED DATA
"WS/MP577/2024-2025/133601-Construction of roads, link roads, pathways or any other road with or without drainage system",174503.7,249291.0,100,2,0.7000000000000001,10.0,Standard payment milestone disbursement sequence.,DEMO / SIMULATED DATA
"WS/MP577/2024-2025/133606-Construction of roads, link roads, pathways or any other road with or without drainage system",175000.0,250000.0,100,2,0.7,10.0,Standard payment milestone disbursement sequence.,DEMO / SIMULATED DATA
"WS/MP577/2024-2025/133607-Construction of roads, link roads, pathways or any other road with or without drainage system",175000.0,250000.0,100,2,0.7,10.0,Standard payment milestone disbursement sequence.,DEMO / SIMULATED DATA
"WS/MP577/2024-2025/133608-Construction of roads, link roads, pathways or any other road with or without drainage system",175000.0,250000.0,100,2,0.7,10.0,Standard payment milestone disbursement sequence.,DEMO / SIMULATED DATA
"WS/MP577/2024-2025/133612-Construction of roads, link roads, pathways or any other road with or without drainage system",250000.0,250000.0,100,3,1.0,10.0,Standard payment milestone disbursement sequence.,DEMO / SIMULATED DATA
WS/MP577/2024-2025/133772-Providing drains and gutters for public drainage,202680.0,225200.0,40,2,0.9,50.0,Premature high disbursement (90%) for low reported progress (40%).,DEMO / SIMULATED DATA
"WS/MP577/2024-2025/133773-Construction of flood control embankments/ protection walls along riverbanks, hilltops, roadsides",328900.0,328900.0,100,3,1.0,10.0,Standard payment milestone disbursement sequence.,DEMO / SIMULATED DATA
"WS/MP577/2024-2025/133774-Construction of roads, link roads, pathways or any other road with or without drainage system",288400.0,288400.0,100,3,1.0,10.0,Standard payment milestone disbursement sequence.,DEMO / SIMULATED DATA
WS/MP577/2024-2025/133775-Construction of public irrigation facilities,204820.0,292600.0,100,2,0.7,10.0,Standard payment milestone disbursement sequence.,DEMO / SIMULATED DATA
WS/MP577/2024-2025/133776-Construction of public irrigation facilities,202860.0,289800.0,100,2,0.7,10.0,Standard payment milestone disbursement sequence.,DEMO / SIMULATED DATA
"WS/MP577/2025-2026/133549-Construction of roads, link roads, pathways or any other road with or without drainage system",175000.0,250000.0,100,2,0.7,10.0,Standard payment milestone disbursement sequence.,DEMO / SIMULATED DATA
"WS/MP577/2025-2026/133550-Construction of roads, link roads, pathways or any other road with or without drainage system",245697.0,245697.0,100,3,1.0,10.0,Standard payment milestone disbursement sequence.,DEMO / SIMULATED DATA
"WS/MP577/2025-2026/133551-Construction of roads, link roads, pathways or any other road with or without drainage system",242105.0,242105.0,100,3,1.0,10.0,Standard payment milestone disbursement sequence.,DEMO / SIMULATED DATA
"WS/MP577/2025-2026/133552-Construction of roads, link roads, pathways or any other road with or without drainage system",300000.0,250000.0,60,3,1.2,60.0,"Cumulative payments (₹ 300,000) exceed sanctioned amount (₹ 250,000).",DEMO / SIMULATED DATA
"WS/MP577/2025-2026/133553-Construction of roads, link roads, pathways or any other road with or without drainage system",171987.90000000002,245697.0,100,2,0.7000000000000001,10.0,Standard payment milestone disbursement sequence.,DEMO / SIMULATED DATA
WS/MP577/2025-2026/133554-Construction of shelters for animals,245098.0,245098.0,100,3,1.0,10.0,Standard payment milestone disbursement sequence.,DEMO / SIMULATED DATA
"WS/MP577/2025-2026/133556-Construction of roads, link roads, pathways or any other road with or without drainage system",245697.0,245697.0,100,3,1.0,10.0,Standard payment milestone disbursement sequence.,DEMO / SIMULATED DATA
WS/MP577/2025-2026/133557-Construction of public irrigation facilities,175000.0,250000.0,100,2,0.7,10.0,Standard payment milestone disbursement sequence.,DEMO / SIMULATED DATA
"WS/MP577/2025-2026/133558-Construction of roads, link roads, pathways or any other road with or without drainage system",171987.90000000002,245697.0,100,2,0.7000000000000001,10.0,Standard payment milestone disbursement sequence.,DEMO / SIMULATED DATA
"WS/MP577/2025-2026/133559-Construction of roads, link roads, pathways or any other road with or without drainage system",171568.59999999998,245098.0,100,2,0.7,10.0,Standard payment milestone disbursement sequence.,DEMO / SIMULATED DATA
WS/MP577/2025-2026/133560-Construction of public irrigation facilities,245826.0,245826.0,100,3,1.0,10.0,Standard payment milestone disbursement sequence.,DEMO / SIMULATED DATA
WS/MP577/2025-2026/133561-Construction of public irrigation facilities,172078.2,245826.0,100,2,0.7000000000000001,10.0,Standard payment milestone disbursement sequence.,DEMO / SIMULATED DATA
"WS/MP577/2025-2026/133562-Construction of roads, link roads, pathways or any other road with or without drainage system",171987.90000000002,245697.0,100,2,0.7000000000000001,10.0,Standard payment milestone disbursement sequence.,DEMO / SIMULATED DATA
"WS/MP577/2025-2026/133563-Construction of roads, link roads, pathways or any other road with or without drainage system",171987.90000000002,245697.0,100,2,0.7000000000000001,10.0,Standard payment milestone disbursement sequence.,DEMO / SIMULATED DATA
"WS/MP577/2025-2026/133564-Construction of roads, link roads, pathways or any other road with or without drainage system",250000.0,250000.0,100,3,1.0,10.0,Standard payment milestone disbursement sequence.,DEMO / SIMULATED DATA
"WS/MP577/2025-2026/133565-Construction of roads, link roads, pathways or any other road with or without drainage system",175000.0,250000.0,100,2,0.7,10.0,Standard payment milestone disbursement sequence.,DEMO / SIMULATED DATA
"WS/MP577/2025-2026/133566-Construction of roads, link roads, pathways or any other road with or without drainage system",175000.0,250000.0,100,2,0.7,10.0,Standard payment milestone disbursement sequence.,DEMO / SIMULATED DATA
"WS/MP577/2025-2026/133567-Construction of roads, link roads, pathways or any other road with or without drainage system",245098.0,245098.0,100,3,1.0,10.0,Standard payment milestone disbursement sequence.,DEMO / SIMULATED DATA
"WS/MP577/2025-2026/133568-Construction of roads, link roads, pathways or any other road with or without drainage system",245697.0,245697.0,100,3,1.0,10.0,Standard payment milestone disbursement sequence.,DEMO / SIMULATED DATA
"WS/MP577/2025-2026/133569-Construction of roads, link roads, pathways or any other road with or without drainage system",250000.0,250000.0,100,3,1.0,10.0,Standard payment milestone disbursement sequence.,DEMO / SIMULATED DATA
WS/MP577/2025-2026/133570-Providing drains and gutters for public drainage,250000.0,250000.0,100,3,1.0,10.0,Standard payment milestone disbursement sequence.,DEMO / SIMULATED DATA
WS/MP577/2025-2026/133571-Providing drains and gutters for public drainage,250000.0,250000.0,100,3,1.0,10.0,Standard payment milestone disbursement sequence.,DEMO / SIMULATED DATA
WS/MP577/2025-2026/133572-Construction of public irrigation facilities,245826.0,245826.0,100,3,1.0,10.0,Standard payment milestone disbursement sequence.,DEMO / SIMULATED DATA
"WS/MP577/2025-2026/133573-Construction of roads, link roads, pathways or any other road with or without drainage system",294836.4,245697.0,60,3,1.2000000000000002,60.0,"Cumulative payments (₹ 294,836) exceed sanctioned amount (₹ 245,697).",DEMO / SIMULATED DATA
"WS/MP577/2025-2026/133574-Construction of roads, link roads, pathways or any other road with or without drainage system",171987.90000000002,245697.0,100,2,0.7000000000000001,10.0,Standard payment milestone disbursement sequence.,DEMO / SIMULATED DATA
WS/MP577/2025-2026/133577-Construction of public irrigation facilities,172078.2,245826.0,100,2,0.7000000000000001,10.0,Standard payment milestone disbursement sequence.,DEMO / SIMULATED DATA
"WS/MP577/2025-2026/133579-Construction of roads, link roads, pathways or any other road with or without drainage system",247496.0,247496.0,100,3,1.0,10.0,Standard payment milestone disbursement sequence.,DEMO / SIMULATED DATA
"WS/MP577/2025-2026/133580-Construction of roads, link roads, pathways or any other road with or without drainage system",247496.0,247496.0,100,3,1.0,10.0,Standard payment milestone disbursement sequence.,DEMO / SIMULATED DATA
"WS/MP577/2025-2026/133581-Construction of roads, link roads, pathways or any other road with or without drainage system",175000.0,250000.0,100,2,0.7,10.0,Standard payment milestone disbursement sequence.,DEMO / SIMULATED DATA
WS/MP577/2025-2026/133582-Construction of public irrigation facilities,175000.0,250000.0,100,2,0.7,10.0,Standard payment milestone disbursement sequence.,DEMO / SIMULATED DATA
WS/MP577/2025-2026/133583-Construction of public irrigation facilities,250000.0,250000.0,100,3,1.0,10.0,Standard payment milestone disbursement sequence.,DEMO / SIMULATED DATA
"WS/MP577/2025-2026/133587-Construction of roads, link roads, pathways or any other road with or without drainage system",173247.2,247496.0,100,2,0.7000000000000001,10.0,Standard payment milestone disbursement sequence.,DEMO / SIMULATED DATA
WS/MP577/2025-2026/133589-Construction of public irrigation facilities,250000.0,250000.0,100,3,1.0,10.0,Standard payment milestone disbursement sequence.,DEMO / SIMULATED DATA
WS/MP577/2025-2026/133590-Construction of public irrigation facilities,175000.0,250000.0,100,2,0.7,10.0,Standard payment milestone disbursement sequence.,DEMO / SIMULATED DATA
"WS/MP577/2025-2026/133591-Construction of roads, link roads, pathways or any other road with or without drainage system",250000.0,250000.0,100,3,1.0,10.0,Standard payment milestone disbursement sequence.,DEMO / SIMULATED DATA
WS/MP577/2025-2026/133593-Construction of public irrigation facilities,420000.0,350000.0,60,3,1.2,60.0,"Cumulative payments (₹ 420,000) exceed sanctioned amount (₹ 350,000).",DEMO / SIMULATED DATA
"WS/MP577/2025-2026/133594-Construction of roads, link roads, pathways or any other road with or without drainage system",175000.0,250000.0,100,2,0.7,10.0,Standard payment milestone disbursement sequence.,DEMO / SIMULATED DATA
"WS/MP577/2025-2026/133595-Construction of roads, link roads, pathways or any other road with or without drainage system",173247.2,247496.0,100,2,0.7000000000000001,10.0,Standard payment milestone disbursement sequence.,DEMO / SIMULATED DATA
"WS/MP577/2025-2026/133596-Construction of roads, link roads, pathways or any other road with or without drainage system",300000.0,300000.0,100,3,1.0,10.0,Standard payment milestone disbursement sequence.,DEMO / SIMULATED DATA
WS/MP577/2025-2026/133599-Construction of public irrigation facilities,175000.0,250000.0,100,2,0.7,10.0,Standard payment milestone disbursement sequence.,DEMO / SIMULATED DATA
WS/MP577/2025-2026/133602-Construction of public irrigation facilities,250000.0,250000.0,100,3,1.0,10.0,Standard payment milestone disbursement sequence.,DEMO / SIMULATED DATA
"WS/MP577/2025-2026/133603-Construction of roads, link roads, pathways or any other road with or without drainage system",175000.0,250000.0,100,2,0.7,10.0,Standard payment milestone disbursement sequence.,DEMO / SIMULATED DATA
WS/MP577/2025-2026/133604-Construction of public irrigation facilities,175000.0,250000.0,100,2,0.7,10.0,Standard payment milestone disbursement sequence.,DEMO / SIMULATED DATA
"WS/MP577/2025-2026/133605-Construction of flood control embankments/ protection walls along riverbanks, hilltops, roadsides",250000.0,250000.0,100,3,1.0,10.0,Standard payment milestone disbursement sequence.,DEMO / SIMULATED DATA
"WS/MP577/2025-2026/133609-Construction of flood control embankments/ protection walls along riverbanks, hilltops, roadsides",175000.0,250000.0,100,2,0.7,10.0,Standard payment milestone disbursement sequence.,DEMO / SIMULATED DATA
"WS/MP577/2025-2026/133611-Construction of roads, link roads, pathways or any other road with or without drainage system",175000.0,250000.0,100,2,0.7,10.0,Standard payment milestone disbursement sequence.,DEMO / SIMULATED DATA
WS/MP577/2025-2026/133613-Construction of public irrigation facilities,300000.0,250000.0,60,3,1.2,60.0,"Cumulative payments (₹ 300,000) exceed sanctioned amount (₹ 250,000).",DEMO / SIMULATED DATA
"WS/MP577/2025-2026/133614-Construction of roads, link roads, pathways or any other road with or without drainage system",250000.0,250000.0,100,3,1.0,10.0,Standard payment milestone disbursement sequence.,DEMO / SIMULATED DATA
WS/MP577/2026-2027/133610-Construction of public irrigation facilities,175000.0,250000.0,100,2,0.7,10.0,Standard payment milestone disbursement sequence.,DEMO / SIMULATED DATA
WS/MP632/2024-2025/134091-Purchase of vans and buses for educational institutions,1250000.0,1250000.0,100,3,1.0,10.0,Standard payment milestone disbursement sequence.,DEMO / SIMULATED DATA
WS/MP632/2024-2025/134092-Lighting of public spaces,151843.3,216919.0,100,2,0.7,10.0,Standard payment milestone disbursement sequence.,DEMO / SIMULATED DATA
"WS/MP632/2024-2025/134093-Construction of roads, link roads, pathways or any other road with or without drainage system",206147.2,294496.0,100,2,0.7000000000000001,10.0,Standard payment milestone disbursement sequence.,DEMO / SIMULATED DATA
WS/MP632/2024-2025/134094-Lighting of public spaces,152605.6,218008.0,100,2,0.7000000000000001,10.0,Standard payment milestone disbursement sequence.,DEMO / SIMULATED DATA
"WS/MP632/2024-2025/134095-Purchase of IT systems, including hardware and software for educational purposes",123574.5,176535.0,100,2,0.7,10.0,Standard payment milestone disbursement sequence.,DEMO / SIMULATED DATA
WS/MP632/2024-2025/134096-Lighting of public spaces,150556.7,215081.0,100,2,0.7000000000000001,10.0,Standard payment milestone disbursement sequence.,DEMO / SIMULATED DATA
WS/MP632/2024-2025/134100-Lighting of public spaces,152999.0,218570.0,100,2,0.7,10.0,Standard payment milestone disbursement sequence.,DEMO / SIMULATED DATA
WS/MP632/2024-2025/134101-Lighting of public spaces,300000.0,250000.0,60,3,1.2,60.0,"Cumulative payments (₹ 300,000) exceed sanctioned amount (₹ 250,000).",DEMO / SIMULATED DATA
WS/MP632/2024-2025/134102-Lighting of public spaces,216033.0,216033.0,100,3,1.0,10.0,Standard payment milestone disbursement sequence.,DEMO / SIMULATED DATA
WS/MP632/2024-2025/134103-Lighting of public spaces,175000.0,250000.0,100,2,0.7,10.0,Standard payment milestone disbursement sequence.,DEMO / SIMULATED DATA
WS/MP632/2024-2025/134104-Lighting of public spaces,219694.0,219694.0,100,3,1.0,10.0,Standard payment milestone disbursement sequence.,DEMO / SIMULATED DATA
WS/MP632/2024-2025/134105-Lighting of public spaces,250000.0,250000.0,100,3,1.0,10.0,Standard payment milestone disbursement sequence.,DEMO / SIMULATED DATA
"WS/MP632/2024-2025/134106-Construction of roads, link roads, pathways or any other road with or without drainage system",286879.0,286879.0,100,3,1.0,10.0,Standard payment milestone disbursement sequence.,DEMO / SIMULATED DATA
WS/MP632/2024-2025/134589-Purchase of books for public libraries/ digitization of library books,60000.0,50000.0,60,3,1.2,60.0,"Cumulative payments (₹ 60,000) exceed sanctioned amount (₹ 50,000).",DEMO / SIMULATED DATA
WS/MP632/2025-2026/134107-Providing supply pipelines for drinking water,200000.0,200000.0,100,3,1.0,10.0,Standard payment milestone disbursement sequence.,DEMO / SIMULATED DATA
WS/MP632/2025-2026/134588-Purchase Books for Library,50000.0,50000.0,100,3,1.0,10.0,Standard payment milestone disbursement sequence.,DEMO / SIMULATED DATA
WS/MP632/2026-2027/134591-Purchase of furniture and fixtures for educational purposes,96734.0,96734.0,100,3,1.0,10.0,Standard payment milestone disbursement sequence.,DEMO / SIMULATED DATA
"WS/MP641/2024-2025/133904-Construction of flood control embankments/ protection walls along riverbanks, hilltops, roadsides",1000000.0,1000000.0,100,3,1.0,10.0,Standard payment milestone disbursement sequence.,DEMO / SIMULATED DATA
WS/MP641/2024-2025/133905-Construction of common work sheds/ common covered sitting area,250000.0,250000.0,100,3,1.0,10.0,Standard payment milestone disbursement sequence.,DEMO / SIMULATED DATA
WS/MP641/2024-2025/133906-Construction of community centers and community halls,350000.0,500000.0,100,2,0.7,10.0,Standard payment milestone disbursement sequence.,DEMO / SIMULATED DATA
WS/MP641/2024-2025/133909-Construction of common work sheds/ common covered sitting area,175000.0,250000.0,100,2,0.7,10.0,Standard payment milestone disbursement sequence.,DEMO / SIMULATED DATA
WS/MP641/2024-2025/133910-Construction of common work sheds/ common covered sitting area,200000.0,200000.0,100,3,1.0,10.0,Standard payment milestone disbursement sequence.,DEMO / SIMULATED DATA
WS/MP641/2024-2025/133911-Construction of community centers and community halls,500000.0,500000.0,100,3,1.0,10.0,Standard payment milestone disbursement sequence.,DEMO / SIMULATED DATA
WS/MP641/2024-2025/133912-Construction of community centers and community halls,700000.0,1000000.0,100,2,0.7,10.0,Standard payment milestone disbursement sequence.,DEMO / SIMULATED DATA
WS/MP641/2024-2025/133913-Construction of common work sheds/ common covered sitting area,350000.0,500000.0,100,2,0.7,10.0,Standard payment milestone disbursement sequence.,DEMO / SIMULATED DATA
WS/MP641/2024-2025/133919-Construction of common work sheds/ common covered sitting area,140000.0,200000.0,100,2,0.7,10.0,Standard payment milestone disbursement sequence.,DEMO / SIMULATED DATA
WS/MP641/2024-2025/133929-Construction of additional rooms and halls in the existing public and community building,200000.0,200000.0,100,3,1.0,10.0,Standard payment milestone disbursement sequence.,DEMO / SIMULATED DATA
WS/MP641/2025-2026/133920-Construction of community centers and community halls,500000.0,500000.0,100,3,1.0,10.0,Standard payment milestone disbursement sequence.,DEMO / SIMULATED DATA
WS/MP641/2025-2026/133921-Construction of community centers and community halls,350000.0,500000.0,100,2,0.7,10.0,Standard payment milestone disbursement sequence.,DEMO / SIMULATED DATA
WS/MP681/2024-2025/134797-Construction of community centers and community halls,698336.1000000001,997623.0,100,2,0.7000000000000001,10.0,Standard payment milestone disbursement sequence.,DEMO / SIMULATED DATA
WS/MP681/2024-2025/134798-Construction of community centers and community halls,699151.6000000001,998788.0,100,2,0.7000000000000001,10.0,Standard payment milestone disbursement sequence.,DEMO / SIMULATED DATA
WS/MP681/2024-2025/134799-Construction of community centers and community halls,1199227.2,999356.0,60,3,1.2,60.0,"Cumulative payments (₹ 1,199,227) exceed sanctioned amount (₹ 999,356).",DEMO / SIMULATED DATA
WS/MP681/2024-2025/134800-Construction of community centers and community halls,699827.1000000001,999753.0,100,2,0.7000000000000001,10.0,Standard payment milestone disbursement sequence.,DEMO / SIMULATED DATA
WS/MP681/2024-2025/134801-Construction of community centers and community halls,999978.0,999978.0,100,3,1.0,10.0,Standard payment milestone disbursement sequence.,DEMO / SIMULATED DATA
WS/MP681/2024-2025/134802-Construction of community centers and community halls,1493920.0,1493920.0,100,3,1.0,10.0,Standard payment milestone disbursement sequence.,DEMO / SIMULATED DATA
WS/MP681/2024-2025/134803-Construction of community centers and community halls,699932.8,999904.0,100,2,0.7000000000000001,10.0,Standard payment milestone disbursement sequence.,DEMO / SIMULATED DATA
WS/MP681/2024-2025/134804-Construction of community centers and community halls,699927.2,999896.0,100,2,0.7,10.0,Standard payment milestone disbursement sequence.,DEMO / SIMULATED DATA
WS/MP681/2024-2025/134805-Construction of community centers and community halls,999711.0,999711.0,100,3,1.0,10.0,Standard payment milestone disbursement sequence.,DEMO / SIMULATED DATA
WS/MP747/2024-2025/135704-Construction of community centers and community halls,2495751.0,2495751.0,100,3,1.0,10.0,Standard payment milestone disbursement sequence.,DEMO / SIMULATED DATA
WS/MP812/2024-2025/135399-Lighting of public spaces,236234.0,236234.0,100,3,1.0,10.0,Standard payment milestone disbursement sequence.,DEMO / SIMULATED DATA
WS/MP812/2024-2025/135400-Lighting of public spaces,165363.8,236234.0,100,2,0.7,10.0,Standard payment milestone disbursement sequence.,DEMO / SIMULATED DATA
WS/MP812/2024-2025/135401-Lighting of public spaces,236234.0,236234.0,100,3,1.0,10.0,Standard payment milestone disbursement sequence.,DEMO / SIMULATED DATA
WS/MP812/2024-2025/135402-Lighting of public spaces,165900.0,237000.0,100,2,0.7,10.0,Standard payment milestone disbursement sequence.,DEMO / SIMULATED DATA
WS/MP812/2024-2025/135403-Lighting of public spaces,165900.0,237000.0,100,2,0.7,10.0,Standard payment milestone disbursement sequence.,DEMO / SIMULATED DATA
WS/MP812/2024-2025/135404-Lighting of public spaces,236315.0,236315.0,100,3,1.0,10.0,Standard payment milestone disbursement sequence.,DEMO / SIMULATED DATA
WS/MP812/2024-2025/135405-Lighting of public spaces,236234.0,236234.0,100,3,1.0,10.0,Standard payment milestone disbursement sequence.,DEMO / SIMULATED DATA
WS/MP812/2024-2025/135406-Lighting of public spaces,165363.8,236234.0,100,2,0.7,10.0,Standard payment milestone disbursement sequence.,DEMO / SIMULATED DATA
WS/MP812/2024-2025/135407-Lighting of public spaces,236234.0,236234.0,100,3,1.0,10.0,Standard payment milestone disbursement sequence.,DEMO / SIMULATED DATA
WS/MP812/2024-2025/135408-Lighting of public spaces,165363.8,236234.0,100,2,0.7,10.0,Standard payment milestone disbursement sequence.,DEMO / SIMULATED DATA
WS/MP812/2024-2025/135409-Lighting of public spaces,165363.8,236234.0,100,2,0.7,10.0,Standard payment milestone disbursement sequence.,DEMO / SIMULATED DATA
WS/MP812/2024-2025/135410-Lighting of public spaces,236234.0,236234.0,100,3,1.0,10.0,Standard payment milestone disbursement sequence.,DEMO / SIMULATED DATA
WS/MP812/2024-2025/135412-Lighting of public spaces,236234.0,236234.0,100,3,1.0,10.0,Standard payment milestone disbursement sequence.,DEMO / SIMULATED DATA
WS/MP812/2024-2025/135413-Lighting of public spaces,283480.8,236234.0,60,3,1.2,60.0,"Cumulative payments (₹ 283,481) exceed sanctioned amount (₹ 236,234).",DEMO / SIMULATED DATA
WS/MP812/2024-2025/135416-Lighting of public spaces,165363.8,236234.0,100,2,0.7,10.0,Standard payment milestone disbursement sequence.,DEMO / SIMULATED DATA
WS/MP812/2024-2025/135417-Lighting of public spaces,236234.0,236234.0,100,3,1.0,10.0,Standard payment milestone disbursement sequence.,DEMO / SIMULATED DATA
WS/MP812/2024-2025/135418-Lighting of public spaces,236234.0,236234.0,100,3,1.0,10.0,Standard payment milestone disbursement sequence.,DEMO / SIMULATED DATA
WS/MP812/2024-2025/135419-Lighting of public spaces,165363.8,236234.0,100,2,0.7,10.0,Standard payment milestone disbursement sequence.,DEMO / SIMULATED DATA
WS/MP812/2024-2025/135420-Lighting of public spaces,236234.0,236234.0,100,3,1.0,10.0,Standard payment milestone disbursement sequence.,DEMO / SIMULATED DATA
WS/MP812/2024-2025/135422-Lighting of public spaces,165363.8,236234.0,100,2,0.7,10.0,Standard payment milestone disbursement sequence.,DEMO / SIMULATED DATA
WS/MP812/2024-2025/135423-Lighting of public spaces,165363.8,236234.0,100,2,0.7,10.0,Standard payment milestone disbursement sequence.,DEMO / SIMULATED DATA
WS/MP812/2024-2025/135424-Lighting of public spaces,165363.8,236234.0,100,2,0.7,10.0,Standard payment milestone disbursement sequence.,DEMO / SIMULATED DATA
WS/MP812/2024-2025/135425-Lighting of public spaces,236234.0,236234.0,100,3,1.0,10.0,Standard payment milestone disbursement sequence.,DEMO / SIMULATED DATA
WS/MP812/2024-2025/135428-Lighting of public spaces,236234.0,236234.0,100,3,1.0,10.0,Standard payment milestone disbursement sequence.,DEMO / SIMULATED DATA
WS/MP812/2024-2025/135430-Lighting of public spaces,165363.8,236234.0,100,2,0.7,10.0,Standard payment milestone disbursement sequence.,DEMO / SIMULATED DATA
WS/MP812/2024-2025/135431-Lighting of public spaces,165363.8,236234.0,100,2,0.7,10.0,Standard payment milestone disbursement sequence.,DEMO / SIMULATED DATA
WS/MP812/2024-2025/135432-Lighting of public spaces,165363.8,236234.0,100,2,0.7,10.0,Standard payment milestone disbursement sequence.,DEMO / SIMULATED DATA
WS/MP812/2024-2025/135434-Lighting of public spaces,236234.0,236234.0,100,3,1.0,10.0,Standard payment milestone disbursement sequence.,DEMO / SIMULATED DATA
WS/MP812/2024-2025/135435-Lighting of public spaces,165363.8,236234.0,100,2,0.7,10.0,Standard payment milestone disbursement sequence.,DEMO / SIMULATED DATA
WS/MP812/2024-2025/135436-Lighting of public spaces,165363.8,236234.0,100,2,0.7,10.0,Standard payment milestone disbursement sequence.,DEMO / SIMULATED DATA
WS/MP812/2024-2025/135437-Lighting of public spaces,236234.0,236234.0,100,3,1.0,10.0,Standard payment milestone disbursement sequence.,DEMO / SIMULATED DATA
WS/MP812/2024-2025/135440-Lighting of public spaces,236234.0,236234.0,100,3,1.0,10.0,Standard payment milestone disbursement sequence.,DEMO / SIMULATED DATA
WS/MP812/2024-2025/135442-Lighting of public spaces,165363.8,236234.0,100,2,0.7,10.0,Standard payment milestone disbursement sequence.,DEMO / SIMULATED DATA
WS/MP812/2024-2025/135443-Lighting of public spaces,212610.59999999998,236234.0,40,2,0.8999999999999999,50.0,Premature high disbursement (90%) for low reported progress (40%).,DEMO / SIMULATED DATA
WS/MP812/2024-2025/135444-Lighting of public spaces,236234.0,236234.0,100,3,1.0,10.0,Standard payment milestone disbursement sequence.,DEMO / SIMULATED DATA
WS/MP812/2024-2025/135445-Lighting of public spaces,236234.0,236234.0,100,3,1.0,10.0,Standard payment milestone disbursement sequence.,DEMO / SIMULATED DATA
WS/MP812/2024-2025/135447-Lighting of public spaces,165363.8,236234.0,100,2,0.7,10.0,Standard payment milestone disbursement sequence.,DEMO / SIMULATED DATA
WS/MP812/2024-2025/135449-Lighting of public spaces,236234.0,236234.0,100,3,1.0,10.0,Standard payment milestone disbursement sequence.,DEMO / SIMULATED DATA
WS/MP812/2024-2025/135450-Lighting of public spaces,236234.0,236234.0,100,3,1.0,10.0,Standard payment milestone disbursement sequence.,DEMO / SIMULATED DATA
WS/MP812/2024-2025/135451-Lighting of public spaces,236234.0,236234.0,100,3,1.0,10.0,Standard payment milestone disbursement sequence.,DEMO / SIMULATED DATA
WS/MP812/2025-2026/135446-Lighting of public spaces,236315.0,236315.0,100,3,1.0,10.0,Standard payment milestone disbursement sequence.,DEMO / SIMULATED DATA
WS/MP826/2024-2025/135520-Construction of community centers and community halls,498069.0,498069.0,100,3,1.0,10.0,Standard payment milestone disbursement sequence.,DEMO / SIMULATED DATA
WS/MP826/2024-2025/135523-Construction of community centers and community halls,350000.0,500000.0,100,2,0.7,10.0,Standard payment milestone disbursement sequence.,DEMO / SIMULATED DATA
WS/MP826/2024-2025/135524-Providing drains and gutters for public drainage,324729.30000000005,463899.0,100,2,0.7000000000000001,10.0,Standard payment milestone disbursement sequence.,DEMO / SIMULATED DATA
WS/MP826/2024-2025/135525-Providing drains and gutters for public drainage,320190.5,457415.0,100,2,0.7,10.0,Standard payment milestone disbursement sequence.,DEMO / SIMULATED DATA
WS/MP826/2024-2025/135526-Construction of footpaths and pedestrian ways,499918.0,499918.0,100,3,1.0,10.0,Standard payment milestone disbursement sequence.,DEMO / SIMULATED DATA
WS/MP826/2024-2025/135527-Construction of footpaths and pedestrian ways,500000.0,500000.0,100,3,1.0,10.0,Standard payment milestone disbursement sequence.,DEMO / SIMULATED DATA
WS/MP826/2024-2025/135528-Development of playground,449850.60000000003,499834.0,40,2,0.9,50.0,Premature high disbursement (90%) for low reported progress (40%).,DEMO / SIMULATED DATA
WS/MP826/2024-2025/135529-Construction of footpaths and pedestrian ways,499918.0,499918.0,100,3,1.0,10.0,Standard payment milestone disbursement sequence.,DEMO / SIMULATED DATA
WS/MP826/2024-2025/135530-Construction of footpaths and pedestrian ways,450815.0,450815.0,100,3,1.0,10.0,Standard payment milestone disbursement sequence.,DEMO / SIMULATED DATA
"WS/MP826/2024-2025/135533-Construction of roads, link roads, pathways or any other road with or without drainage system",499999.0,499999.0,100,3,1.0,10.0,Standard payment milestone disbursement sequence.,DEMO / SIMULATED DATA
WS/MP826/2024-2025/135534-Construction of community centers and community halls,349685.0,499550.0,100,2,0.7,10.0,Standard payment milestone disbursement sequence.,DEMO / SIMULATED DATA
WS/MP826/2024-2025/135535-Construction of footpaths and pedestrian ways,500000.0,500000.0,100,3,1.0,10.0,Standard payment milestone disbursement sequence.,DEMO / SIMULATED DATA
WS/MP826/2024-2025/135539-Construction of community centers and community halls,499500.0,499500.0,100,3,1.0,10.0,Standard payment milestone disbursement sequence.,DEMO / SIMULATED DATA
WS/MP826/2024-2025/135541-Street lights,349998.6,499998.0,100,2,0.7,10.0,Standard payment milestone disbursement sequence.,DEMO / SIMULATED DATA
WS/MP826/2024-2025/135546-Construction of foot over bridge (FOB),350000.0,500000.0,100,2,0.7,10.0,Standard payment milestone disbursement sequence.,DEMO / SIMULATED DATA
"WS/MP826/2024-2025/135547-Construction of roads, link roads, pathways or any other road with or without drainage system",499964.0,499964.0,100,3,1.0,10.0,Standard payment milestone disbursement sequence.,DEMO / SIMULATED DATA
WS/MP826/2024-2025/135549-Construction of boundary walls of existing public and community buildings,499387.0,499387.0,100,3,1.0,10.0,Standard payment milestone disbursement sequence.,DEMO / SIMULATED DATA
WS/MP826/2024-2025/135553-Construction of community centers and community halls,331006.19999999995,472866.0,100,2,0.7,10.0,Standard payment milestone disbursement sequence.,DEMO / SIMULATED DATA
WS/MP826/2024-2025/135555-Development of playground,488498.0,488498.0,100,3,1.0,10.0,Standard payment milestone disbursement sequence.,DEMO / SIMULATED DATA
WS/MP826/2024-2025/135558-Construction of community centers and community halls,460275.0,460275.0,100,3,1.0,10.0,Standard payment milestone disbursement sequence.,DEMO / SIMULATED DATA
WS/MP826/2024-2025/135559-Construction of footpaths and pedestrian ways,316885.1,452693.0,100,2,0.7,10.0,Standard payment milestone disbursement sequence.,DEMO / SIMULATED DATA
WS/MP826/2024-2025/135564-Construction of community centers and community halls,487336.0,487336.0,100,3,1.0,10.0,Standard payment milestone disbursement sequence.,DEMO / SIMULATED DATA
"WS/MP826/2024-2025/135566-Construction of roads, link roads, pathways or any other road with or without drainage system",338240.0,483200.0,100,2,0.7,10.0,Standard payment milestone disbursement sequence.,DEMO / SIMULATED DATA
WS/MP826/2024-2025/135568-Street lights,326553.5,466505.0,100,2,0.7,10.0,Standard payment milestone disbursement sequence.,DEMO / SIMULATED DATA
WS/MP826/2024-2025/135570-Street lights,326553.5,466505.0,100,2,0.7,10.0,Standard payment milestone disbursement sequence.,DEMO / SIMULATED DATA
WS/MP826/2024-2025/135572-Development of playground,434835.89999999997,483151.0,40,2,0.8999999999999999,50.0,Premature high disbursement (90%) for low reported progress (40%).,DEMO / SIMULATED DATA
"WS/MP826/2024-2025/135573-Construction of roads, link roads, pathways or any other road with or without drainage system",484439.0,484439.0,100,3,1.0,10.0,Standard payment milestone disbursement sequence.,DEMO / SIMULATED DATA
WS/MP826/2024-2025/135574-Street lights,411946.0,411946.0,100,3,1.0,10.0,Standard payment milestone disbursement sequence.,DEMO / SIMULATED DATA
WS/MP826/2024-2025/135575-Street lights,474465.0,474465.0,100,3,1.0,10.0,Standard payment milestone disbursement sequence.,DEMO / SIMULATED DATA
WS/MP826/2024-2025/135576-Street lights,461979.0,461979.0,100,3,1.0,10.0,Standard payment milestone disbursement sequence.,DEMO / SIMULATED DATA
WS/MP826/2024-2025/135583-Street lights,350000.0,500000.0,100,2,0.7,10.0,Standard payment milestone disbursement sequence.,DEMO / SIMULATED DATA
WS/MP826/2024-2025/135584-Street lights,500000.0,500000.0,100,3,1.0,10.0,Standard payment milestone disbursement sequence.,DEMO / SIMULATED DATA
WS/MP826/2024-2025/135585-Street lights,500000.0,500000.0,100,3,1.0,10.0,Standard payment milestone disbursement sequence.,DEMO / SIMULATED DATA
WS/MP826/2024-2025/135588-Street lights,283743.6,405348.0,100,2,0.7,10.0,Standard payment milestone disbursement sequence.,DEMO / SIMULATED DATA
WS/MP826/2024-2025/135592-Street lights,405348.0,405348.0,100,3,1.0,10.0,Standard payment milestone disbursement sequence.,DEMO / SIMULATED DATA
"WS/MP826/2024-2025/135594-Construction of roads, link roads, pathways or any other road with or without drainage system",499759.0,499759.0,100,3,1.0,10.0,Standard payment milestone disbursement sequence.,DEMO / SIMULATED DATA
WS/MP826/2024-2025/135596-Street lights,396764.0,396764.0,100,3,1.0,10.0,Standard payment milestone disbursement sequence.,DEMO / SIMULATED DATA
WS/MP826/2024-2025/135687-Street lights,350000.0,500000.0,100,2,0.7,10.0,Standard payment milestone disbursement sequence.,DEMO / SIMULATED DATA
WS/MP826/2024-2025/135688-Street lights,500000.0,500000.0,100,3,1.0,10.0,Standard payment milestone disbursement sequence.,DEMO / SIMULATED DATA
"WS/MP826/2024-2025/135689-Construction of roads, link roads, pathways or any other road with or without drainage system",700000.0,1000000.0,100,2,0.7,10.0,Standard payment milestone disbursement sequence.,DEMO / SIMULATED DATA
WS/MP826/2024-2025/135690-Street lights,500000.0,500000.0,100,3,1.0,10.0,Standard payment milestone disbursement sequence.,DEMO / SIMULATED DATA
WS/MP826/2024-2025/135692-Street lights,500000.0,500000.0,100,3,1.0,10.0,Standard payment milestone disbursement sequence.,DEMO / SIMULATED DATA
WS/MP826/2024-2025/135693-Street lights,500000.0,500000.0,100,3,1.0,10.0,Standard payment milestone disbursement sequence.,DEMO / SIMULATED DATA
WS/MP826/2024-2025/135694-Construction of boundary walls of existing public and community buildings,350000.0,500000.0,100,2,0.7,10.0,Standard payment milestone disbursement sequence.,DEMO / SIMULATED DATA
WS/MP826/2024-2025/135699-Street lights,500000.0,500000.0,100,3,1.0,10.0,Standard payment milestone disbursement sequence.,DEMO / SIMULATED DATA
WS/MP826/2024-2025/135700-Street lights,500000.0,500000.0,100,3,1.0,10.0,Standard payment milestone disbursement sequence.,DEMO / SIMULATED DATA
WS/MP826/2024-2025/135702-Providing drains and gutters for public drainage,942409.0,942409.0,100,3,1.0,10.0,Standard payment milestone disbursement sequence.,DEMO / SIMULATED DATA
WS/MP826/2024-2025/135703-Construction of boundary walls of existing public and community buildings,350000.0,500000.0,100,2,0.7,10.0,Standard payment milestone disbursement sequence.,DEMO / SIMULATED DATA
WS/MP826/2024-2025/135706-Construction of footpaths and pedestrian ways,500000.0,500000.0,100,3,1.0,10.0,Standard payment milestone disbursement sequence.,DEMO / SIMULATED DATA
WS/MP826/2024-2025/135707-Construction of footpaths and pedestrian ways,461795.0,461795.0,100,3,1.0,10.0,Standard payment milestone disbursement sequence.,DEMO / SIMULATED DATA
WS/MP826/2024-2025/135708-Construction of footpaths and pedestrian ways,499918.0,499918.0,100,3,1.0,10.0,Standard payment milestone disbursement sequence.,DEMO / SIMULATED DATA
WS/MP826/2024-2025/135709-Construction of foot over bridge (FOB),349934.9,499907.0,100,2,0.7000000000000001,10.0,Standard payment milestone disbursement sequence.,DEMO / SIMULATED DATA
WS/MP826/2024-2025/135710-Development of playground,323912.4,462732.0,100,2,0.7000000000000001,10.0,Standard payment milestone disbursement sequence.,DEMO / SIMULATED DATA
WS/MP826/2024-2025/135711-Construction of community centers and community halls,499999.0,499999.0,100,3,1.0,10.0,Standard payment milestone disbursement sequence.,DEMO / SIMULATED DATA
WS/MP826/2024-2025/135712-Street lights,326553.5,466505.0,100,2,0.7,10.0,Standard payment milestone disbursement sequence.,DEMO / SIMULATED DATA
"WS/MP826/2024-2025/135713-Construction of roads, link roads, pathways or any other road with or without drainage system",350000.0,500000.0,100,2,0.7,10.0,Standard payment milestone disbursement sequence.,DEMO / SIMULATED DATA
WS/MP826/2024-2025/135715-Construction of rooms and halls in school and colleges,490768.0,490768.0,100,3,1.0,10.0,Standard payment milestone disbursement sequence.,DEMO / SIMULATED DATA
WS/MP826/2024-2025/135716-Street lights,500000.0,500000.0,100,3,1.0,10.0,Standard payment milestone disbursement sequence.,DEMO / SIMULATED DATA
WS/MP826/2025-2026/135586-Street lights,391043.0,391043.0,100,3,1.0,10.0,Standard payment milestone disbursement sequence.,DEMO / SIMULATED DATA
WS/MP826/2025-2026/135598-Street lights,350000.0,500000.0,100,2,0.7,10.0,Standard payment milestone disbursement sequence.,DEMO / SIMULATED DATA
WS/MP826/2025-2026/135599-Street lights,600000.0,500000.0,60,3,1.2,60.0,"Cumulative payments (₹ 600,000) exceed sanctioned amount (₹ 500,000).",DEMO / SIMULATED DATA
WS/MP826/2025-2026/135600-Construction of community centers and community halls,500000.0,500000.0,100,3,1.0,10.0,Standard payment milestone disbursement sequence.,DEMO / SIMULATED DATA
WS/MP826/2025-2026/135601-Street lights,350000.0,500000.0,100,2,0.7,10.0,Standard payment milestone disbursement sequence.,DEMO / SIMULATED DATA
WS/MP826/2025-2026/135602-Street lights,500000.0,500000.0,100,3,1.0,10.0,Standard payment milestone disbursement sequence.,DEMO / SIMULATED DATA
"WS/MP826/2025-2026/135603-Construction of roads, link roads, pathways or any other road with or without drainage system",350000.0,500000.0,100,2,0.7,10.0,Standard payment milestone disbursement sequence.,DEMO / SIMULATED DATA
WS/MP826/2025-2026/135604-Street lights,350000.0,500000.0,100,2,0.7,10.0,Standard payment milestone disbursement sequence.,DEMO / SIMULATED DATA
WS/MP826/2025-2026/135683-Construction of community centers and community halls,350000.0,500000.0,100,2,0.7,10.0,Standard payment milestone disbursement sequence.,DEMO / SIMULATED DATA
WS/MP826/2025-2026/135684-Street lights,350000.0,500000.0,100,2,0.7,10.0,Standard payment milestone disbursement sequence.,DEMO / SIMULATED DATA
WS/MP826/2025-2026/135685-Construction of community centers and community halls,350000.0,500000.0,100,2,0.7,10.0,Standard payment milestone disbursement sequence.,DEMO / SIMULATED DATA
WS/MP826/2025-2026/135686-Construction of additional rooms and halls in the existing public and community building,500000.0,500000.0,100,3,1.0,10.0,Standard payment milestone disbursement sequence.,DEMO / SIMULATED DATA
WS/MP826/2025-2026/135695-Construction of public libraries and reading rooms,600000.0,500000.0,60,3,1.2,60.0,"Cumulative payments (₹ 600,000) exceed sanctioned amount (₹ 500,000).",DEMO / SIMULATED DATA
WS/MP826/2025-2026/135697-Construction of boundary walls of existing public and community buildings,500000.0,500000.0,100,3,1.0,10.0,Standard payment milestone disbursement sequence.,DEMO / SIMULATED DATA
WS/MP826/2025-2026/135701-Construction of additional rooms and halls in the existing public and community building,700000.0,1000000.0,100,2,0.7,10.0,Standard payment milestone disbursement sequence.,DEMO / SIMULATED DATA
WS/MP826/2025-2026/135714-Construction of additional rooms and halls in the existing public and community building,487774.0,487774.0,100,3,1.0,10.0,Standard payment milestone disbursement sequence.,DEMO / SIMULATED DATA
WS/MP826/2026-2027/135516-Construction of footpaths and pedestrian ways,350000.0,500000.0,100,2,0.7,10.0,Standard payment milestone disbursement sequence.,DEMO / SIMULATED DATA
WS/MP826/2026-2027/135589-Development of playground,500000.0,500000.0,100,3,1.0,10.0,Standard payment milestone disbursement sequence.,DEMO / SIMULATED DATA
WS/MP826/2026-2027/135590-Construction of additional rooms and halls in the existing public and community building,350000.0,500000.0,100,2,0.7,10.0,Standard payment milestone disbursement sequence.,DEMO / SIMULATED DATA
WS/MP826/2026-2027/135597-Street lights,500000.0,500000.0,100,3,1.0,10.0,Standard payment milestone disbursement sequence.,DEMO / SIMULATED DATA
WS/MP826/2026-2027/135696-Street lights,500000.0,500000.0,100,3,1.0,10.0,Standard payment milestone disbursement sequence.,DEMO / SIMULATED DATA
WS/MP858/2024-2025/134457-Street lights,480941.0,480941.0,100,3,1.0,10.0,Standard payment milestone disbursement sequence.,DEMO / SIMULATED DATA
WS/MP858/2024-2025/134458-Street lights,336725.9,481037.0,100,2,0.7000000000000001,10.0,Standard payment milestone disbursement sequence.,DEMO / SIMULATED DATA
WS/MP858/2024-2025/134459-Street lights,338142.0,483060.0,100,2,0.7,10.0,Standard payment milestone disbursement sequence.,DEMO / SIMULATED DATA
WS/MP858/2024-2025/134461-Street lights,338142.0,483060.0,100,2,0.7,10.0,Standard payment milestone disbursement sequence.,DEMO / SIMULATED DATA
WS/MP858/2024-2025/134462-Street lights,338041.19999999995,482916.0,100,2,0.7,10.0,Standard payment milestone disbursement sequence.,DEMO / SIMULATED DATA
WS/MP858/2024-2025/134463-Street lights,481037.0,481037.0,100,3,1.0,10.0,Standard payment milestone disbursement sequence.,DEMO / SIMULATED DATA
"WS/MP858/2024-2025/135178-Construction of roads, link roads, pathways or any other road with or without drainage system",356286.0,508980.0,100,2,0.7,10.0,Standard payment milestone disbursement sequence.,DEMO / SIMULATED DATA
"WS/MP858/2024-2025/135206-Construction of roads, link roads, pathways or any other road with or without drainage system",389830.0,389830.0,100,3,1.0,10.0,Standard payment milestone disbursement sequence.,DEMO / SIMULATED DATA
WS/MP858/2024-2025/135207-Construction of community centers and community halls,406558.0,406558.0,100,3,1.0,10.0,Standard payment milestone disbursement sequence.,DEMO / SIMULATED DATA
"WS/MP858/2024-2025/135208-Construction of roads, link roads, pathways or any other road with or without drainage system",355898.0,355898.0,100,3,1.0,10.0,Standard payment milestone disbursement sequence.,DEMO / SIMULATED DATA
"WS/MP858/2024-2025/135209-Construction of roads, link roads, pathways or any other road with or without drainage system",342129.0,342129.0,100,3,1.0,10.0,Standard payment milestone disbursement sequence.,DEMO / SIMULATED DATA
"WS/MP858/2024-2025/135221-Construction of roads, link roads, pathways or any other road with or without drainage system",488617.2,407181.0,60,3,1.2,60.0,"Cumulative payments (₹ 488,617) exceed sanctioned amount (₹ 407,181).",DEMO / SIMULATED DATA
"WS/MP858/2024-2025/135222-Construction of roads, link roads, pathways or any other road with or without drainage system",283029.6,404328.0,100,2,0.7,10.0,Standard payment milestone disbursement sequence.,DEMO / SIMULATED DATA
"WS/MP858/2024-2025/135223-Construction of roads, link roads, pathways or any other road with or without drainage system",284818.8,406884.0,100,2,0.7,10.0,Standard payment milestone disbursement sequence.,DEMO / SIMULATED DATA
"WS/MP858/2024-2025/135279-Construction of roads, link roads, pathways or any other road with or without drainage system",249372.9,356247.0,100,2,0.7,10.0,Standard payment milestone disbursement sequence.,DEMO / SIMULATED DATA
"WS/MP858/2024-2025/135283-Construction of roads, link roads, pathways or any other road with or without drainage system",355925.0,355925.0,100,3,1.0,10.0,Standard payment milestone disbursement sequence.,DEMO / SIMULATED DATA
WS/MP858/2024-2025/135386-Street lights,1754225.0,1754225.0,100,3,1.0,10.0,Standard payment milestone disbursement sequence.,DEMO / SIMULATED DATA
WS/MP858/2024-2025/135387-Street lights,920967.6,1315668.0,100,2,0.7,10.0,Standard payment milestone disbursement sequence.,DEMO / SIMULATED DATA
